#{"t_start": 1784985745.947574, "env_id": "None"}
r,l,t,success,caught_by_robot_2,caught_by_robot_1,forced_release_robot_1,forced_release_robot_2
-28.081288,360,1.030041,False,False,False,False,False
52.931493,655,2.0238,False,True,False,False,False
53.313679,659,3.028187,False,True,False,False,False
-35.60983,360,3.618859,False,False,False,False,False
-50.969549,357,4.166468,False,False,False,False,False
53.250607,654,5.173106,False,True,False,False,False
-75.639559,309,5.667224,False,False,False,False,False
-28.348838,366,6.244781,False,False,False,False,False
51.618946,679,7.557712,False,True,False,False,False
-27.375426,356,8.104428,False,False,False,False,False
53.499698,656,9.15459,False,True,False,False,False
-61.069988,353,9.698599,False,False,False,False,False
-25.118164,346,10.229198,False,False,False,False,False
53.254471,644,11.254644,False,True,False,False,False
52.825366,638,12.227856,False,True,False,False,False
-26.450272,303,12.686382,False,False,False,False,False
-27.250506,360,13.242683,False,False,False,False,False
-27.173623,355,13.982165,False,False,False,False,False
51.873191,638,14.979701,False,True,False,False,False
-26.191629,306,15.45573,False,False,False,False,False
52.669984,637,16.426525,False,True,False,False,False
-23.222009,335,16.937312,False,False,False,False,False
-26.447611,303,17.405001,False,False,False,False,False
53.928627,662,18.429909,False,True,False,False,False
52.648509,638,19.428229,False,True,False,False,False
-27.251041,361,20.190274,False,False,False,False,False
52.100146,631,21.160167,False,True,False,False,False
-27.18424,359,21.714093,False,False,False,False,False
49.964418,665,22.736795,False,True,False,False,False
-26.055617,305,23.214579,False,False,False,False,False
-25.80271,305,23.683188,False,False,False,False,False
-27.082615,360,24.259415,False,False,False,False,False
-23.464342,312,24.753037,False,False,False,False,False
-35.044232,363,25.311971,False,False,False,False,False
52.445511,636,26.333308,False,True,False,False,False
52.314616,634,27.515437,False,True,False,False,False
53.456933,655,28.523522,False,True,False,False,False
-27.993154,358,29.073416,False,False,False,False,False
-27.743856,360,29.624732,False,False,False,False,False
-27.205909,359,30.193319,False,False,False,False,False
-22.091681,316,30.696098,False,False,False,False,False
53.25393,639,31.678296,False,True,False,False,False
52.830491,638,32.64975,False,True,False,False,False
-26.81256,304,33.31887,False,False,False,False,False
-23.394254,332,33.83127,False,False,False,False,False
-51.316458,355,34.385466,False,False,False,False,False
-27.586323,357,34.939592,False,False,False,False,False
-27.161198,355,35.486447,False,False,False,False,False
52.619393,636,36.469334,False,True,False,False,False
-24.37959,342,36.992626,False,False,False,False,False
-51.022891,359,37.598977,False,False,False,False,False
-28.144182,358,38.179321,False,False,False,False,False
-31.474633,292,38.623643,False,False,False,False,False
-23.126673,317,39.106467,False,False,False,False,False
-37.284842,361,39.662662,False,False,False,False,False
-26.07266,305,40.331079,False,False,False,False,False
52.866476,636,41.324824,False,True,False,False,False
-27.838947,360,41.882273,False,False,False,False,False
-26.319538,306,42.348347,False,False,False,False,False
52.021868,639,43.33217,False,True,False,False,False
-25.214001,306,43.826225,False,False,False,False,False
-23.103787,522,44.647333,False,True,False,False,False
-26.943828,304,45.11183,False,False,False,False,False
-27.325641,359,45.70479,False,False,False,False,False
-24.962207,304,46.167197,False,False,False,False,False
-28.090702,360,46.915701,False,False,False,False,False
-37.127035,363,47.476186,False,False,False,False,False
54.187891,660,48.492062,False,True,False,False,False
-25.962621,306,48.973365,False,False,False,False,False
-36.214097,363,49.531242,False,False,False,False,False
-27.469383,358,50.08485,False,False,False,False,False
-22.396559,340,50.627993,False,False,False,False,False
-25.3501,347,51.173717,False,False,False,False,False
-36.292278,365,51.732852,False,False,False,False,False
-27.260385,360,52.284255,False,False,False,False,False
-23.748624,338,52.800328,False,False,False,False,False
52.720016,638,53.996072,False,True,False,False,False
-27.320375,361,54.556319,False,False,False,False,False
-25.936018,304,55.022661,False,False,False,False,False
-25.972792,304,55.48663,False,False,False,False,False
-27.443637,358,56.041857,False,False,False,False,False
53.215874,640,57.067611,False,True,False,False,False
-31.315955,296,57.51942,False,False,False,False,False
52.765428,641,58.507508,False,True,False,False,False
54.68531,660,59.757707,False,True,False,False,False
-27.946371,358,60.309626,False,False,False,False,False
52.232501,636,61.289354,False,True,False,False,False
-25.105562,342,61.814804,False,False,False,False,False
-26.227819,304,62.277108,False,False,False,False,False
-36.85773,362,62.853742,False,False,False,False,False
-22.460853,314,63.354892,False,False,False,False,False
-25.080781,456,64.059528,False,True,False,False,False
-26.840567,363,64.635336,False,False,False,False,False
53.216609,656,65.643112,False,True,False,False,False
-27.633015,359,66.394336,False,False,False,False,False
-27.780247,355,66.944081,False,False,False,False,False
48.904258,673,67.981183,False,True,False,False,False
-23.203706,336,68.498158,False,False,False,False,False
52.258932,641,69.508934,False,True,False,False,False
-23.453386,338,70.053823,False,False,False,False,False
54.529173,653,71.061231,False,True,False,False,False
-24.037142,337,71.579938,False,False,False,False,False
53.016405,650,72.793923,False,True,False,False,False
53.517802,656,73.805176,False,True,False,False,False
-27.555336,362,74.368387,False,False,False,False,False
-25.977987,305,74.845954,False,False,False,False,False
-26.158389,305,75.30961,False,False,False,False,False
-24.332444,343,75.838289,False,False,False,False,False
-27.540323,359,76.394435,False,False,False,False,False
-35.426465,364,77.005562,False,False,False,False,False
52.074244,637,78.003238,False,True,False,False,False
53.299683,658,79.016937,False,True,False,False,False
-24.285535,342,79.740693,False,False,False,False,False
-27.323242,357,80.324391,False,False,False,False,False
-37.19634,276,90.895687,False,False,False,False,False
53.48725,656,91.906641,False,True,False,False,False
47.589935,725,93.042159,False,True,False,False,False
-36.802101,361,93.598009,False,False,False,False,False
-27.455164,359,94.150194,False,False,False,False,False
-26.459793,305,94.614005,False,False,False,False,False
52.40978,640,95.651628,False,True,False,False,False
52.341096,640,96.841068,False,True,False,False,False
53.602763,653,97.891504,False,True,False,False,False
-23.971064,340,98.412601,False,False,False,False,False
52.434778,640,99.390845,False,True,False,False,False
53.15659,662,100.452249,False,True,False,False,False
51.862678,638,101.429302,False,True,False,False,False
-22.789537,338,101.946319,False,False,False,False,False
-23.145855,319,102.44645,False,False,False,False,False
53.316836,656,103.651903,False,True,False,False,False
-36.096117,366,104.216893,False,False,False,False,False
-23.521717,339,104.736508,False,False,False,False,False
-22.369354,316,105.216519,False,False,False,False,False
-27.017729,361,105.787744,False,False,False,False,False
-27.89418,359,106.366753,False,False,False,False,False
-24.221471,342,106.891359,False,False,False,False,False
51.794865,641,107.888552,False,True,False,False,False
53.302432,643,108.874017,False,True,False,False,False
-23.750782,505,109.842781,False,True,False,False,False
-51.158394,358,110.393777,False,False,False,False,False
50.181339,677,111.446421,False,True,False,False,False
-28.083386,358,111.998128,False,False,False,False,False
-28.361842,351,112.539612,False,False,False,False,False
53.56756,657,113.611979,False,True,False,False,False
-27.66993,360,114.167882,False,False,False,False,False
-24.418512,341,114.690166,False,False,False,False,False
-25.597343,304,115.153146,False,False,False,False,False
53.4748,656,116.366809,False,True,False,False,False
-23.114441,340,116.887674,False,False,False,False,False
-50.821683,360,117.446328,False,False,False,False,False
53.272906,668,118.475822,False,True,False,False,False
-27.680523,358,119.039875,False,False,False,False,False
52.758794,636,120.065416,False,True,False,False,False
-72.590365,343,120.591566,False,False,False,False,False
53.085418,658,121.61279,False,True,False,False,False
-26.187117,303,122.07077,False,False,False,False,False
-27.153227,357,122.814676,False,False,False,False,False
-23.102629,316,123.299017,False,False,False,False,False
-25.730144,305,123.762025,False,False,False,False,False
52.413621,656,124.783456,False,True,False,False,False
-34.504592,360,125.338197,False,False,False,False,False
52.959078,632,126.33431,False,True,False,False,False
-25.685778,304,126.807376,False,False,False,False,False
-29.2177,371,127.377196,False,False,False,False,False
53.514101,654,128.380426,False,True,False,False,False
-27.070977,367,129.143783,False,False,False,False,False
-24.148419,342,129.684326,False,False,False,False,False
52.765914,638,130.666975,False,True,False,False,False
53.009499,653,131.666809,False,True,False,False,False
47.216676,715,132.796347,False,True,False,False,False
53.481873,654,133.845698,False,True,False,False,False
-26.715808,307,134.311935,False,False,False,False,False
54.204782,669,135.555938,False,True,False,False,False
-26.121264,304,136.016456,False,False,False,False,False
52.697864,655,137.021265,False,True,False,False,False
-62.028864,349,137.556801,False,False,False,False,False
-27.1439,360,138.110387,False,False,False,False,False
-22.426032,319,138.616683,False,False,False,False,False
52.394553,634,139.617494,False,True,False,False,False
-24.896815,301,140.072803,False,False,False,False,False
-23.328985,314,140.549299,False,False,False,False,False
51.877003,635,141.535865,False,True,False,False,False
-27.744627,357,142.281251,False,False,False,False,False
52.203492,637,143.262496,False,True,False,False,False
-22.105757,315,143.758176,False,False,False,False,False
-27.945582,358,144.310058,False,False,False,False,False
-69.011381,340,144.834594,False,False,False,False,False
-24.126569,319,145.321331,False,False,False,False,False
-23.983299,341,145.846382,False,False,False,False,False
-22.477544,316,146.388878,False,False,False,False,False
-23.485848,340,146.916401,False,False,False,False,False
-22.886164,333,147.425714,False,False,False,False,False
52.454467,641,148.609932,False,True,False,False,False
-27.677721,360,149.180073,False,False,False,False,False
52.52918,641,150.171063,False,True,False,False,False
52.320792,637,151.151674,False,True,False,False,False
53.885369,661,152.168731,False,True,False,False,False
-26.209824,305,152.678743,False,False,False,False,False
-74.031912,305,153.152722,False,False,False,False,False
-25.597364,303,153.613666,False,False,False,False,False
-59.69641,347,154.148096,False,False,False,False,False
-27.429323,360,154.723043,False,False,False,False,False
53.402175,657,155.93607,False,True,False,False,False
53.756786,650,156.935991,False,True,False,False,False
-26.880186,372,157.511167,False,False,False,False,False
51.265782,640,158.530034,False,True,False,False,False
-27.515406,359,159.104733,False,False,False,False,False
-31.222736,296,159.553064,False,False,False,False,False
-24.40374,340,160.089386,False,False,False,False,False
-23.995151,340,160.611532,False,False,False,False,False
53.790904,656,161.853363,False,True,False,False,False
51.861846,634,162.840915,False,True,False,False,False
94.19346,711,163.936032,False,True,False,False,False
-24.697573,337,164.454769,False,False,False,False,False
52.517849,637,165.453847,False,True,False,False,False
-27.415395,361,166.03787,False,False,False,False,False
53.999449,654,167.041894,False,True,False,False,False
-23.447765,339,167.562126,False,False,False,False,False
-23.856784,339,168.083442,False,False,False,False,False
-26.092802,305,168.760545,False,False,False,False,False
-26.420341,303,169.220853,False,False,False,False,False
-34.359175,363,169.783105,False,False,False,False,False
-35.67808,361,170.341288,False,False,False,False,False
-49.183005,359,170.895049,False,False,False,False,False
52.49099,636,181.866258,False,True,False,False,False
53.558545,670,182.895585,False,True,False,False,False
-23.25011,341,183.42035,False,False,False,False,False
53.528234,657,184.435302,False,True,False,False,False
-27.241603,357,185.219834,False,False,False,False,False
-27.098915,361,185.805818,False,False,False,False,False
-25.972695,306,186.271751,False,False,False,False,False
-24.111003,334,186.796453,False,False,False,False,False
53.675575,650,187.841133,False,True,False,False,False
-25.281713,306,188.309982,False,False,False,False,False
52.16402,634,189.333376,False,True,False,False,False
-33.630309,360,189.889955,False,False,False,False,False
52.60655,644,190.881556,False,True,False,False,False
-27.637803,357,191.627982,False,False,False,False,False
-26.113211,304,192.088518,False,False,False,False,False
-28.053337,356,192.651504,False,False,False,False,False
53.464788,643,193.633628,False,True,False,False,False
-23.628992,340,194.15908,False,False,False,False,False
-31.31305,294,194.605711,False,False,False,False,False
-35.194347,362,195.21202,False,False,False,False,False
-25.927871,305,195.70764,False,False,False,False,False
52.181997,638,196.688211,False,True,False,False,False
-23.386655,315,197.168026,False,False,False,False,False
52.75176,636,198.357538,False,True,False,False,False
53.941942,656,199.36746,False,True,False,False,False
-23.494665,336,199.882835,False,False,False,False,False
-25.771102,305,200.345701,False,False,False,False,False
-27.181391,362,200.917543,False,False,False,False,False
-31.246563,297,201.369142,False,False,False,False,False
-22.770816,315,201.898318,False,False,False,False,False
-47.32095,360,202.463451,False,False,False,False,False
53.530596,640,203.457219,False,True,False,False,False
-27.706097,358,204.009706,False,False,False,False,False
53.387541,655,205.22264,False,True,False,False,False
52.139924,638,206.212351,False,True,False,False,False
52.432753,637,207.194368,False,True,False,False,False
54.865244,661,208.231746,False,True,False,False,False
-23.667724,333,208.787212,False,False,False,False,False
53.000626,641,209.816371,False,True,False,False,False
-26.863481,303,210.282248,False,False,False,False,False
-35.483336,364,210.8522,False,False,False,False,False
-27.232512,358,211.609172,False,False,False,False,False
-27.858509,361,212.165637,False,False,False,False,False
54.275103,664,213.196548,False,True,False,False,False
51.680598,630,214.170154,False,True,False,False,False
53.347897,653,215.205417,False,True,False,False,False
-24.293813,338,215.747929,False,False,False,False,False
52.160292,638,216.722384,False,True,False,False,False
-26.578888,305,217.183481,False,False,False,False,False
-27.779536,360,217.934243,False,False,False,False,False
-35.341235,360,218.488675,False,False,False,False,False
51.873742,641,219.487842,False,True,False,False,False
-27.313856,302,219.949441,False,False,False,False,False
53.709498,657,220.958688,False,True,False,False,False
-23.296075,315,221.436927,False,False,False,False,False
-35.484327,362,222.02874,False,False,False,False,False
-31.300602,294,222.523589,False,False,False,False,False
-36.701859,360,223.079074,False,False,False,False,False
52.116098,638,224.057838,False,True,False,False,False
-36.914687,359,224.914308,False,False,False,False,False
52.562206,632,225.896217,False,True,False,False,False
52.948233,655,226.928672,False,True,False,False,False
-26.776357,304,227.398987,False,False,False,False,False
-37.42073,363,227.995986,False,False,False,False,False
53.534392,653,229.035815,False,True,False,False,False
50.254653,688,230.112646,False,True,False,False,False
52.817739,634,231.321269,False,True,False,False,False
-26.360183,305,231.78687,False,False,False,False,False
-25.817353,303,232.24729,False,False,False,False,False
53.87368,660,233.279401,False,True,False,False,False
51.745047,633,234.299153,False,True,False,False,False
53.935792,662,235.484867,False,True,False,False,False
-27.237157,360,236.062836,False,False,False,False,False
-31.12293,295,236.510681,False,False,False,False,False
-27.335638,359,237.074194,False,False,False,False,False
-26.026025,304,237.537405,False,False,False,False,False
52.057618,636,238.704912,False,True,False,False,False
-22.836062,339,239.223701,False,False,False,False,False
-26.341189,306,239.686272,False,False,False,False,False
-26.843055,304,240.154008,False,False,False,False,False
-31.281126,297,240.605467,False,False,False,False,False
-24.028146,493,241.397349,False,True,False,False,False
-28.714357,303,241.859182,False,False,False,False,False
52.924105,637,242.859976,False,True,False,False,False
-36.488133,363,243.419303,False,False,False,False,False
-26.319858,305,243.88205,False,False,False,False,False
-25.780604,307,244.555482,False,False,False,False,False
52.678882,644,245.53915,False,True,False,False,False
-25.773668,306,246.003296,False,False,False,False,False
-23.469481,338,246.521863,False,False,False,False,False
-24.284633,343,247.044995,False,False,False,False,False
53.198817,652,248.107466,False,True,False,False,False
53.248051,632,249.12153,False,True,False,False,False
-27.312293,356,249.703727,False,False,False,False,False
-26.011173,303,250.193911,False,False,False,False,False
-23.915547,319,250.70633,False,False,False,False,False
54.124559,650,251.909345,False,True,False,False,False
53.197293,657,252.920725,False,True,False,False,False
-26.938674,359,253.477406,False,False,False,False,False
-27.589782,360,254.043451,False,False,False,False,False
52.663946,636,255.06655,False,True,False,False,False
-31.237624,297,255.516704,False,False,False,False,False
-35.755284,360,256.067844,False,False,False,False,False
51.933511,634,257.039367,False,True,False,False,False
-25.137749,343,257.76528,False,False,False,False,False
-25.77366,304,258.22741,False,False,False,False,False
52.568402,640,259.208532,False,True,False,False,False
-27.650784,360,259.764302,False,False,False,False,False
47.27834,700,260.840817,False,True,False,False,False
-23.643091,316,261.329656,False,False,False,False,False
52.943898,655,272.199765,False,True,False,False,False
53.450992,661,273.23847,False,True,False,False,False
53.503215,655,274.445905,False,True,False,False,False
53.183467,632,275.458044,False,True,False,False,False
-27.391317,357,276.040976,False,False,False,False,False
-26.871376,363,276.605384,False,False,False,False,False
-28.063306,359,277.185443,False,False,False,False,False
-22.649365,341,277.723169,False,False,False,False,False
-26.351134,307,278.206554,False,False,False,False,False
-23.013965,336,278.725451,False,False,False,False,False
-27.307726,357,279.277438,False,False,False,False,False
-24.358186,343,279.804658,False,False,False,False,False
-26.296387,303,280.266132,False,False,False,False,False
-27.366662,359,281.02125,False,False,False,False,False
-22.991457,317,281.507328,False,False,False,False,False
52.064491,632,282.47937,False,True,False,False,False
-27.401904,362,283.064985,False,False,False,False,False
-26.630009,304,283.56509,False,False,False,False,False
53.841457,661,284.600123,False,True,False,False,False
-28.219123,358,285.156182,False,False,False,False,False
52.283401,641,286.14593,False,True,False,False,False
-23.222559,317,286.632756,False,False,False,False,False
-35.790618,279,287.250631,False,False,False,False,False
53.351918,654,288.260869,False,True,False,False,False
-27.035714,359,288.819426,False,False,False,False,False
-22.977062,319,289.306065,False,False,False,False,False
-31.315836,297,289.773592,False,False,False,False,False
-22.635692,316,290.321572,False,False,False,False,False
49.236454,666,291.347754,False,True,False,False,False
-27.552158,302,291.806714,False,False,False,False,False
-26.410368,305,292.283291,False,False,False,False,False
-27.478899,359,292.838547,False,False,False,False,False
-24.185907,340,293.359988,False,False,False,False,False
-26.339186,305,294.027682,False,False,False,False,False
-22.10289,315,294.509316,False,False,False,False,False
-26.641045,304,294.992161,False,False,False,False,False
-25.493893,305,295.473701,False,False,False,False,False
54.38361,654,296.498017,False,True,False,False,False
-37.01558,362,297.058332,False,False,False,False,False
-26.078024,303,297.518452,False,False,False,False,False
-26.38749,305,297.99823,False,False,False,False,False
53.262673,634,298.975104,False,True,False,False,False
-27.397233,358,299.52991,False,False,False,False,False
-22.806761,315,300.012788,False,False,False,False,False
47.574297,694,301.305133,False,True,False,False,False
-22.483037,320,301.796476,False,False,False,False,False
51.858399,636,302.825349,False,True,False,False,False
-27.823482,359,303.379379,False,False,False,False,False
51.621138,641,304.370598,False,True,False,False,False
53.293225,655,305.382599,False,True,False,False,False
-23.57527,318,305.864887,False,False,False,False,False
52.377412,634,307.040974,False,True,False,False,False
-27.353992,367,307.626769,False,False,False,False,False
-23.097853,321,308.11824,False,False,False,False,False
52.858199,638,309.104863,False,True,False,False,False
99.691867,751,310.381578,False,True,False,False,False
52.581601,641,311.371161,False,True,False,False,False
-27.751596,360,311.929946,False,False,False,False,False
-34.868446,362,312.494183,False,False,False,False,False
53.40087,657,313.71726,False,True,False,False,False
-37.115291,276,314.135524,False,False,False,False,False
-26.360673,304,314.597157,False,False,False,False,False
-25.892472,305,315.063426,False,False,False,False,False
53.302925,642,316.09959,False,True,False,False,False
51.902139,637,317.103851,False,True,False,False,False
-25.853949,306,317.569524,False,False,False,False,False
53.493117,640,318.611811,False,True,False,False,False
-26.351394,303,319.07466,False,False,False,False,False
-23.855288,340,319.595764,False,False,False,False,False
-24.540227,343,320.33889,False,False,False,False,False
-26.768752,304,320.803483,False,False,False,False,False
-25.8451,306,321.268793,False,False,False,False,False
-26.947915,304,321.730744,False,False,False,False,False
-25.158754,344,322.261864,False,False,False,False,False
-26.839895,370,322.837867,False,False,False,False,False
-23.327487,319,323.375845,False,False,False,False,False
-25.938478,305,323.844612,False,False,False,False,False
-23.159976,319,324.333366,False,False,False,False,False
-31.190528,296,324.784922,False,False,False,False,False
-25.779799,304,325.249604,False,False,False,False,False
53.240583,660,326.278379,False,True,False,False,False
-37.113238,362,327.039145,False,False,False,False,False
-26.535018,306,327.50684,False,False,False,False,False
52.936174,636,328.487431,False,True,False,False,False
-49.057352,360,329.09097,False,False,False,False,False
52.870546,634,330.086596,False,True,False,False,False
53.80777,659,331.102908,False,True,False,False,False
-23.076933,338,331.63581,False,False,False,False,False
51.225639,684,332.68921,False,True,False,False,False
-27.722838,359,333.438906,False,False,False,False,False
52.589461,637,334.450267,False,True,False,False,False
-27.505213,362,335.010565,False,False,False,False,False
52.077265,638,335.995118,False,True,False,False,False
-26.024592,307,336.520282,False,False,False,False,False
-31.271931,294,336.983693,False,False,False,False,False
-21.593537,332,337.493141,False,False,False,False,False
-31.267145,295,337.941005,False,False,False,False,False
-25.15457,303,338.402576,False,False,False,False,False
-27.296488,361,338.956851,False,False,False,False,False
-23.068778,313,339.450589,False,False,False,False,False
-26.582704,305,340.112888,False,False,False,False,False
-27.61898,359,340.668052,False,False,False,False,False
-27.053018,386,341.268756,False,False,False,False,False
-27.25683,361,341.848814,False,False,False,False,False
-22.937247,319,342.391174,False,False,False,False,False
-24.013448,487,343.135516,False,True,False,False,False
-26.411901,304,343.59754,False,False,False,False,False
53.072608,656,344.608829,False,True,False,False,False
52.769496,634,345.598273,False,True,False,False,False
-50.218421,358,346.152802,False,False,False,False,False
-25.804551,307,346.818682,False,False,False,False,False
52.650137,639,347.810793,False,True,False,False,False
53.82208,669,348.921464,False,True,False,False,False
53.642335,657,349.965474,False,True,False,False,False
-22.082304,337,350.485622,False,False,False,False,False
-24.418073,340,351.011017,False,False,False,False,False
-25.789194,306,351.480386,False,False,False,False,False
-25.986184,304,361.939483,False,False,False,False,False
-27.409467,361,362.500004,False,False,False,False,False
-25.620176,306,362.968746,False,False,False,False,False
-27.792291,358,363.722336,False,False,False,False,False
-26.056194,306,364.191456,False,False,False,False,False
54.35114,659,365.22909,False,True,False,False,False
51.868718,634,366.216283,False,True,False,False,False
-29.002096,384,366.84444,False,False,False,False,False
51.591514,673,367.916378,False,True,False,False,False
60.484675,637,368.919997,False,True,False,False,False
-24.558033,340,369.459353,False,False,False,False,False
-26.395582,304,370.124414,False,False,False,False,False
-25.012867,342,370.651313,False,False,False,False,False
-37.205405,363,371.213713,False,False,False,False,False
-23.336549,338,371.768788,False,False,False,False,False
52.856611,636,372.777425,False,True,False,False,False
-37.699807,361,373.334056,False,False,False,False,False
-25.166812,304,373.797947,False,False,False,False,False
52.472756,633,374.791321,False,True,False,False,False
52.763419,640,375.779865,False,True,False,False,False
-23.962382,340,376.499055,False,False,False,False,False
-35.831474,364,377.067194,False,False,False,False,False
-27.480576,358,377.622917,False,False,False,False,False
49.379375,695,378.766995,False,True,False,False,False
-23.215698,315,379.250653,False,False,False,False,False
-23.398714,340,379.790275,False,False,False,False,False
51.670523,639,380.786088,False,True,False,False,False
-23.126505,317,381.269353,False,False,False,False,False
52.678336,638,382.248839,False,True,False,False,False
52.091833,633,383.419171,False,True,False,False,False
-27.882272,358,383.985702,False,False,False,False,False
-26.423529,305,384.451354,False,False,False,False,False
74.440355,752,385.688192,False,True,False,False,False
-23.243558,338,386.208556,False,False,False,False,False
-27.766105,360,386.768863,False,False,False,False,False
52.057936,634,387.747603,False,True,False,False,False
-31.519898,292,388.190537,False,False,False,False,False
-28.265426,357,388.744453,False,False,False,False,False
-26.536959,304,389.210569,False,False,False,False,False
-25.87119,304,389.873266,False,False,False,False,False
-48.103715,359,390.428697,False,False,False,False,False
53.011886,662,391.445026,False,True,False,False,False
-25.840213,301,391.91498,False,False,False,False,False
-23.535665,338,392.459268,False,False,False,False,False
-22.03632,318,392.943819,False,False,False,False,False
53.931345,659,393.956931,False,True,False,False,False
75.998776,769,395.159523,False,True,False,False,False
52.704822,638,396.340289,False,True,False,False,False
-31.357318,296,396.78755,False,False,False,False,False
52.00405,635,397.762628,False,True,False,False,False
51.275048,683,398.845558,False,True,False,False,False
-27.67037,359,399.41283,False,False,False,False,False
-27.284754,360,399.972397,False,False,False,False,False
-27.215723,358,400.524221,False,False,False,False,False
-22.401674,316,401.005432,False,False,False,False,False
-28.062724,360,401.559499,False,False,False,False,False
53.097545,658,402.760748,False,True,False,False,False
-35.953618,361,403.318921,False,False,False,False,False
-23.970002,343,403.843121,False,False,False,False,False
-38.166168,365,404.40685,False,False,False,False,False
51.307137,681,405.485268,False,True,False,False,False
-22.738296,315,405.96268,False,False,False,False,False
-27.488275,360,406.529429,False,False,False,False,False
54.417981,661,407.535612,False,True,False,False,False
-26.068289,403,408.158406,False,False,False,False,False
-26.847783,304,408.620254,False,False,False,False,False
-25.893196,304,409.273249,False,False,False,False,False
-34.9101,365,409.839646,False,False,False,False,False
-27.845824,364,410.398884,False,False,False,False,False
51.692128,643,411.386044,False,True,False,False,False
51.413319,639,412.419185,False,True,False,False,False
-26.523575,305,412.892919,False,False,False,False,False
53.488464,655,413.89407,False,True,False,False,False
52.504675,637,414.926175,False,True,False,False,False
53.217162,655,416.13383,False,True,False,False,False
-23.458426,316,416.618844,False,False,False,False,False
-21.919892,318,417.108437,False,False,False,False,False
-24.210831,344,417.639407,False,False,False,False,False
-27.203,358,418.195379,False,False,False,False,False
51.652703,644,419.250481,False,True,False,False,False
-31.347479,298,419.70595,False,False,False,False,False
-50.391493,359,420.263495,False,False,False,False,False
-22.683067,338,420.783835,False,False,False,False,False
-22.569171,331,421.305303,False,False,False,False,False
-36.528584,363,421.866092,False,False,False,False,False
-26.399064,307,422.530542,False,False,False,False,False
53.117202,655,423.540758,False,True,False,False,False
53.667538,657,424.573722,False,True,False,False,False
53.225584,653,425.624489,False,True,False,False,False
-38.111827,361,426.182321,False,False,False,False,False
51.974269,640,427.166708,False,True,False,False,False
-25.091924,346,427.715705,False,False,False,False,False
-27.388957,362,428.275053,False,False,False,False,False
53.994541,654,429.483402,False,True,False,False,False
-24.270611,343,430.018584,False,False,False,False,False
-24.537826,345,430.567321,False,False,False,False,False
-27.317707,357,431.118318,False,False,False,False,False
-22.284011,315,431.621376,False,False,False,False,False
-23.670312,341,432.161793,False,False,False,False,False
-27.096641,359,432.717502,False,False,False,False,False
50.605586,652,433.734166,False,True,False,False,False
54.282504,661,434.755502,False,True,False,False,False
-25.752279,305,435.226124,False,False,False,False,False
52.600024,644,436.418431,False,True,False,False,False
-26.123135,305,436.884264,False,False,False,False,False
52.674095,645,437.893189,False,True,False,False,False
-27.402597,360,438.447411,False,False,False,False,False
51.672197,637,439.489071,False,True,False,False,False
-25.179369,306,439.957887,False,False,False,False,False
98.076251,723,441.092461,False,True,False,False,False
51.634648,657,442.302384,False,True,False,False,False
-27.427117,362,452.782636,False,False,False,False,False
53.695001,654,453.791097,False,True,False,False,False
47.907466,685,454.855494,False,True,False,False,False
-27.096967,360,455.416518,False,False,False,False,False
-24.126876,341,455.961391,False,False,False,False,False
53.138329,641,456.991484,False,True,False,False,False
-48.589482,361,457.556303,False,False,False,False,False
-22.145378,317,458.068577,False,False,False,False,False
-31.118721,297,458.547725,False,False,False,False,False
-25.629619,304,459.210404,False,False,False,False,False
53.489585,657,460.241577,False,True,False,False,False
52.324321,641,461.241565,False,True,False,False,False
-21.151704,333,461.756114,False,False,False,False,False
77.651638,755,463.037375,False,True,False,False,False
-27.32587,359,463.600399,False,False,False,False,False
53.906564,662,464.624572,False,True,False,False,False
54.057186,654,465.84169,False,True,False,False,False
52.529575,639,466.828132,False,True,False,False,False
52.887372,649,467.876574,False,True,False,False,False
-31.296981,296,468.339197,False,False,False,False,False
47.248774,738,469.624655,False,True,False,False,False
-26.331437,305,470.090835,False,False,False,False,False
-25.845345,346,470.637904,False,False,False,False,False
-26.535323,305,471.104987,False,False,False,False,False
-27.906559,359,471.662391,False,False,False,False,False
-22.148502,317,472.346434,False,False,False,False,False
-35.27291,365,472.943371,False,False,False,False,False
-34.336968,361,473.641848,False,False,False,False,False
50.273676,664,474.764261,False,True,False,False,False
-24.008195,341,475.325767,False,False,False,False,False
-36.115428,360,476.006303,False,False,False,False,False
-69.890168,338,476.539939,False,False,False,False,False
-23.399368,318,477.036293,False,False,False,False,False
96.401891,765,478.273708,False,True,False,False,False
-26.448124,305,478.739823,False,False,False,False,False
53.832307,659,480.115848,False,True,False,False,False
-26.187608,304,480.601174,False,False,False,False,False
-33.844845,364,481.165286,False,False,False,False,False
-24.484976,342,481.6877,False,False,False,False,False
52.752768,633,482.664695,False,True,False,False,False
-31.183509,299,483.166669,False,False,False,False,False
52.545188,651,484.233152,False,True,False,False,False
52.614124,640,485.251529,False,True,False,False,False
52.990209,636,486.43854,False,True,False,False,False
-27.243313,360,486.997802,False,False,False,False,False
-37.455237,276,487.41513,False,False,False,False,False
-27.129364,358,487.972521,False,False,False,False,False
-27.340067,359,488.529751,False,False,False,False,False
-22.912432,339,489.055138,False,False,False,False,False
-24.309463,494,489.841536,False,True,False,False,False
52.587058,638,490.829532,False,True,False,False,False
-27.760283,360,491.386179,False,False,False,False,False
67.958364,743,492.726636,False,True,False,False,False
-28.358472,352,493.269349,False,False,False,False,False
-37.47478,361,493.830339,False,False,False,False,False
-27.991174,359,494.386287,False,False,False,False,False
52.095587,635,495.365604,False,True,False,False,False
-22.778342,343,495.894649,False,False,False,False,False
-24.044147,318,496.388936,False,False,False,False,False
53.785979,659,497.424473,False,True,False,False,False
53.427132,656,498.438558,False,True,False,False,False
-26.898567,301,498.900079,False,False,False,False,False
-25.975255,304,499.56551,False,False,False,False,False
-47.882187,356,500.124362,False,False,False,False,False
-26.895747,304,500.590635,False,False,False,False,False
53.011791,653,501.602611,False,True,False,False,False
-22.996698,523,502.406993,False,True,False,False,False
53.192113,650,503.483801,False,True,False,False,False
47.395655,703,504.591166,False,True,False,False,False
52.358241,637,505.772995,False,True,False,False,False
51.869325,637,506.757293,False,True,False,False,False
52.228877,646,507.766763,False,True,False,False,False
-26.40476,305,508.259443,False,False,False,False,False
-25.159077,304,508.72373,False,False,False,False,False
-22.868079,314,509.205241,False,False,False,False,False
52.26592,635,510.256689,False,True,False,False,False
53.669755,655,511.263646,False,True,False,False,False
95.408493,698,512.604056,False,True,False,False,False
-22.383692,319,513.104181,False,False,False,False,False
52.329373,642,514.092384,False,True,False,False,False
53.458006,658,515.130496,False,True,False,False,False
54.239373,664,516.234307,False,True,False,False,False
-25.607068,304,516.719563,False,False,False,False,False
-22.631463,315,517.200587,False,False,False,False,False
-31.461503,293,517.643565,False,False,False,False,False
-22.439968,338,518.162494,False,False,False,False,False
-27.844369,360,518.729532,False,False,False,False,False
-23.985028,341,519.486769,False,False,False,False,False
53.267646,656,520.523239,False,True,False,False,False
-27.633068,358,521.104218,False,False,False,False,False
-31.312079,295,521.564078,False,False,False,False,False
-26.174643,302,522.043262,False,False,False,False,False
50.755662,656,523.22296,False,True,False,False,False
-25.460021,305,523.706563,False,False,False,False,False
52.849605,659,524.749907,False,True,False,False,False
-26.066078,304,525.237918,False,False,False,False,False
-27.492639,357,526.033267,False,False,False,False,False
-25.142152,303,526.520872,False,False,False,False,False
-25.423148,306,527.01059,False,False,False,False,False
-27.741085,359,527.616474,False,False,False,False,False
87.079159,770,528.910008,False,True,False,False,False
-27.619421,305,529.461432,False,False,False,False,False
53.676287,651,530.568255,False,True,False,False,False
-26.407989,304,531.07023,False,False,False,False,False
-31.36989,293,531.54456,False,False,False,False,False
-22.990775,334,532.096888,False,False,False,False,False
-26.066483,304,532.595039,False,False,False,False,False
-28.037435,358,533.42749,False,False,False,False,False
-22.721579,315,533.963918,False,False,False,False,False
51.150256,666,545.768011,False,True,False,False,False
52.941782,641,547.086624,False,True,False,False,False
-27.652065,361,547.694433,False,False,False,False,False
-22.661517,335,548.215843,False,False,False,False,False
53.867729,655,549.334362,False,True,False,False,False
-26.643414,306,549.972899,False,False,False,False,False
-24.12868,342,550.653105,False,False,False,False,False
53.205763,648,552.377945,False,True,False,False,False
53.251705,666,553.487332,False,True,False,False,False
-25.889628,305,553.955287,False,False,False,False,False
52.11888,633,555.041032,False,True,False,False,False
-34.764337,364,555.693306,False,False,False,False,False
-24.728166,474,556.515583,False,True,False,False,False
53.515897,655,557.646648,False,True,False,False,False
-23.567827,340,558.230486,False,False,False,False,False
-24.033724,340,559.031347,False,False,False,False,False
-26.603346,304,559.557739,False,False,False,False,False
-23.906858,342,560.146503,False,False,False,False,False
53.104573,645,561.244786,False,True,False,False,False
52.796836,653,562.401036,False,True,False,False,False
-27.521291,358,563.082417,False,False,False,False,False
-26.490001,306,563.599804,False,False,False,False,False
53.264603,659,564.713399,False,True,False,False,False
53.409658,651,565.813957,False,True,False,False,False
-22.323054,336,566.619026,False,False,False,False,False
-22.711297,340,567.2135,False,False,False,False,False
-27.604543,359,567.840204,False,False,False,False,False
52.688808,649,568.956043,False,True,False,False,False
51.315652,636,570.064939,False,True,False,False,False
53.189432,656,571.270352,False,True,False,False,False
-25.58242,305,571.78569,False,False,False,False,False
50.978754,679,572.961836,False,True,False,False,False
-27.254365,358,573.79026,False,False,False,False,False
-26.89266,303,574.323073,False,False,False,False,False
50.925083,686,575.502385,False,True,False,False,False
-27.553757,361,576.120983,False,False,False,False,False
-27.697771,359,576.747622,False,False,False,False,False
51.698535,637,577.933595,False,True,False,False,False
52.312885,637,579.034916,False,True,False,False,False
53.369949,645,580.13114,False,True,False,False,False
52.87561,669,581.397243,False,True,False,False,False
-27.639462,360,581.998465,False,False,False,False,False
-27.862994,360,582.597891,False,False,False,False,False
58.481485,642,583.616603,False,True,False,False,False
-28.024453,359,584.218934,False,False,False,False,False
-22.343751,315,584.773232,False,False,False,False,False
52.7229,651,585.80515,False,True,False,False,False
-23.453491,318,586.29504,False,False,False,False,False
89.193444,766,587.705199,False,True,False,False,False
-27.198878,358,588.270616,False,False,False,False,False
97.313747,707,589.393449,False,True,False,False,False
-22.33692,334,589.916237,False,False,False,False,False
53.641204,657,590.953561,False,True,False,False,False
-25.498477,305,591.501731,False,False,False,False,False
-26.307301,302,592.016119,False,False,False,False,False
51.404508,658,593.0529,False,True,False,False,False
-22.916201,315,593.541474,False,False,False,False,False
-25.299188,305,594.012064,False,False,False,False,False
52.567388,643,595.223857,False,True,False,False,False
-27.499063,357,595.787692,False,False,False,False,False
49.923578,724,596.934961,False,True,False,False,False
52.748755,642,597.94403,False,True,False,False,False
-22.376463,338,598.54558,False,False,False,False,False
-27.24825,361,599.135947,False,False,False,False,False
52.908326,669,600.183723,False,True,False,False,False
-70.570478,247,600.563034,False,False,False,False,False
51.6344,645,601.773773,False,True,False,False,False
54.582388,664,602.823096,False,True,False,False,False
-25.758476,304,603.295342,False,False,False,False,False
-25.704067,304,603.771251,False,False,False,False,False
-27.216714,360,604.342455,False,False,False,False,False
-37.12408,362,604.92292,False,False,False,False,False
51.082956,636,606.013437,False,True,False,False,False
-27.581391,356,606.57663,False,False,False,False,False
-31.391665,293,607.042288,False,False,False,False,False
-26.120564,304,607.518276,False,False,False,False,False
-22.932675,315,608.268889,False,False,False,False,False
47.703136,706,609.384887,False,True,False,False,False
51.673505,720,610.594325,False,True,False,False,False
52.964596,648,611.651885,False,True,False,False,False
-23.043081,313,612.193551,False,False,False,False,False
-28.480775,301,612.702449,False,False,False,False,False
48.133312,700,613.958911,False,True,False,False,False
-36.661801,361,614.534116,False,False,False,False,False
-23.886657,339,615.269902,False,False,False,False,False
52.252458,654,616.333554,False,True,False,False,False
-27.04041,359,616.893751,False,False,False,False,False
-28.320348,390,617.506033,False,False,False,False,False
-25.904078,304,617.972094,False,False,False,False,False
-24.613944,342,618.527298,False,False,False,False,False
-26.492696,307,619.007014,False,False,False,False,False
-24.325404,305,619.527004,False,False,False,False,False
-27.35168,359,620.095728,False,False,False,False,False
-26.467625,305,620.576863,False,False,False,False,False
-27.108989,360,621.137421,False,False,False,False,False
-27.261877,357,621.956832,False,False,False,False,False
-26.160399,304,622.439207,False,False,False,False,False
-25.551283,304,622.928393,False,False,False,False,False
53.070818,632,623.914371,False,True,False,False,False
-26.660501,302,624.378615,False,False,False,False,False
-22.151509,316,624.866042,False,False,False,False,False
53.969266,665,625.960898,False,True,False,False,False
-27.573559,359,626.518773,False,False,False,False,False
52.776449,662,627.539929,False,True,False,False,False
-26.670924,303,628.003105,False,False,False,False,False
-34.338811,361,628.796485,False,False,False,False,False
-22.10892,318,629.285707,False,False,False,False,False
-25.734205,305,629.753714,False,False,False,False,False
53.369702,653,630.766242,False,True,False,False,False
-22.164508,315,641.300429,False,False,False,False,False
52.2301,641,642.294639,False,True,False,False,False
52.887064,635,643.289298,False,True,False,False,False
-49.203736,355,643.843456,False,False,False,False,False
51.776021,644,645.041415,False,True,False,False,False
-24.99781,304,645.552212,False,False,False,False,False
53.399319,643,646.583987,False,True,False,False,False
52.38297,640,647.639372,False,True,False,False,False
52.413428,633,648.632328,False,True,False,False,False
-23.396836,316,649.150611,False,False,False,False,False
52.413679,639,650.16556,False,True,False,False,False
49.122231,666,651.194249,False,True,False,False,False
-27.100867,358,651.942267,False,False,False,False,False
53.464937,641,652.928856,False,True,False,False,False
54.284073,659,653.951674,False,True,False,False,False
-22.591753,316,654.457498,False,False,False,False,False
52.919834,655,655.475688,False,True,False,False,False
53.919952,652,656.545078,False,True,False,False,False
53.181453,650,657.567077,False,True,False,False,False
52.614472,644,658.763304,False,True,False,False,False
-21.742231,330,659.283143,False,False,False,False,False
-26.972396,361,659.861971,False,False,False,False,False
-23.571377,338,660.406798,False,False,False,False,False
-25.38761,306,660.89518,False,False,False,False,False
52.719222,636,661.931726,False,True,False,False,False
-27.512523,361,662.51519,False,False,False,False,False
52.996094,663,663.540623,False,True,False,False,False
53.034276,638,664.655468,False,True,False,False,False
-27.539024,359,665.417964,False,False,False,False,False
-22.497709,317,665.908851,False,False,False,False,False
-23.902439,340,666.451859,False,False,False,False,False
52.257278,631,667.452334,False,True,False,False,False
-25.72485,305,667.91908,False,False,False,False,False
50.507836,656,668.986118,False,True,False,False,False
-26.314212,304,669.514682,False,False,False,False,False
-22.642045,316,670.05257,False,False,False,False,False
-27.287107,359,670.682244,False,False,False,False,False
-22.163361,317,671.21608,False,False,False,False,False
52.31019,641,672.529673,False,True,False,False,False
51.840296,636,673.581531,False,True,False,False,False
53.084018,655,674.676332,False,True,False,False,False
-27.970304,360,675.287236,False,False,False,False,False
-26.057187,305,675.865176,False,False,False,False,False
-27.816794,355,676.503757,False,False,False,False,False
-25.61395,304,676.986607,False,False,False,False,False
-25.295061,305,677.475843,False,False,False,False,False
54.472381,656,678.563876,False,True,False,False,False
-28.266851,359,679.321688,False,False,False,False,False
-27.320833,301,679.785153,False,False,False,False,False
52.827341,640,680.789066,False,True,False,False,False
-22.895394,332,681.297757,False,False,False,False,False
52.990956,656,682.303511,False,True,False,False,False
-23.924736,315,682.788078,False,False,False,False,False
-22.217319,316,683.31533,False,False,False,False,False
-26.315895,304,683.799144,False,False,False,False,False
-23.542782,316,684.280916,False,False,False,False,False
-37.166061,362,684.844679,False,False,False,False,False
53.058202,658,686.061627,False,True,False,False,False
51.877662,649,687.056543,False,True,False,False,False
-27.463483,358,687.60818,False,False,False,False,False
-31.202969,298,688.055812,False,False,False,False,False
-23.319417,314,688.53225,False,False,False,False,False
-24.52454,345,689.073525,False,False,False,False,False
-23.706731,341,689.618515,False,False,False,False,False
-25.71856,303,690.108982,False,False,False,False,False
-23.083774,338,690.629401,False,False,False,False,False
49.163342,699,691.709152,False,True,False,False,False
-27.148107,306,692.369835,False,False,False,False,False
52.597499,660,693.387852,False,True,False,False,False
54.46436,659,694.406462,False,True,False,False,False
53.01475,636,695.396052,False,True,False,False,False
-24.604755,309,695.896509,False,False,False,False,False
53.335262,663,696.951484,False,True,False,False,False
-22.64124,339,697.475742,False,False,False,False,False
-23.730687,313,697.958594,False,False,False,False,False
53.633121,656,699.16888,False,True,False,False,False
-27.752453,302,699.631286,False,False,False,False,False
-24.610966,482,700.378276,False,True,False,False,False
-27.212737,361,700.936235,False,False,False,False,False
-25.955692,303,701.395401,False,False,False,False,False
-27.576988,360,701.953938,False,False,False,False,False
95.732045,695,703.086488,False,True,False,False,False
-27.091528,303,703.54777,False,False,False,False,False
-22.618589,314,704.028837,False,False,False,False,False
53.003516,647,705.026303,False,True,False,False,False
52.687467,636,706.203324,False,True,False,False,False
-25.761693,304,706.664954,False,False,False,False,False
-26.107801,305,707.126756,False,False,False,False,False
53.631283,656,708.133399,False,True,False,False,False
52.416599,651,709.137202,False,True,False,False,False
-22.121298,316,709.65906,False,False,False,False,False
-25.409275,305,710.159537,False,False,False,False,False
52.888679,636,711.140596,False,True,False,False,False
54.137947,661,712.353824,False,True,False,False,False
-25.845228,305,712.815519,False,False,False,False,False
52.351857,643,713.800226,False,True,False,False,False
-21.925916,334,714.310353,False,False,False,False,False
-25.04587,305,714.771742,False,False,False,False,False
-23.730284,332,715.280053,False,False,False,False,False
53.44598,652,716.315473,False,True,False,False,False
-28.029769,304,716.777719,False,False,False,False,False
54.040082,661,717.789799,False,True,False,False,False
-31.154515,297,718.238113,False,False,False,False,False
99.420364,711,719.532332,False,True,False,False,False
53.51625,654,720.540596,False,True,False,False,False
-29.900054,301,720.997825,False,False,False,False,False
52.396542,639,721.983779,False,True,False,False,False
53.644053,655,732.853678,False,True,False,False,False
-26.219967,304,733.317787,False,False,False,False,False
-25.370243,303,733.782317,False,False,False,False,False
52.034585,651,735.010219,False,True,False,False,False
-26.369968,304,735.483882,False,False,False,False,False
52.721486,667,736.512876,False,True,False,False,False
53.298419,660,737.589111,False,True,False,False,False
-22.864075,317,738.080291,False,False,False,False,False
-27.115423,365,738.647344,False,False,False,False,False
50.646955,646,739.67285,False,True,False,False,False
-25.355428,306,740.139295,False,False,False,False,False
52.45763,634,741.113201,False,True,False,False,False
-25.027666,306,741.774677,False,False,False,False,False
-26.61698,303,742.235346,False,False,False,False,False
-25.561502,303,742.706763,False,False,False,False,False
53.707364,662,743.76038,False,True,False,False,False
-25.852792,302,744.220072,False,False,False,False,False
52.077152,640,745.208281,False,True,False,False,False
-35.79941,366,745.776861,False,False,False,False,False
-23.372602,338,746.296249,False,False,False,False,False
66.378455,748,747.461016,False,True,False,False,False
53.029026,635,748.633016,False,True,False,False,False
-22.002594,318,749.11656,False,False,False,False,False
-25.294312,304,749.579776,False,False,False,False,False
-26.337317,305,750.103197,False,False,False,False,False
-27.724495,304,750.598997,False,False,False,False,False
99.22062,721,751.705012,False,True,False,False,False
-22.767116,313,752.178171,False,False,False,False,False
-22.303553,333,752.685627,False,False,False,False,False
-27.34191,357,753.232541,False,False,False,False,False
54.280056,657,754.241978,False,True,False,False,False
-26.436101,303,754.896203,False,False,False,False,False
89.294506,751,756.061384,False,True,False,False,False
53.192278,657,757.127053,False,True,False,False,False
52.770481,639,758.125575,False,True,False,False,False
-25.52286,306,758.593191,False,False,False,False,False
-25.401341,341,759.115318,False,False,False,False,False
53.516187,639,760.099028,False,True,False,False,False
-26.88261,362,760.659169,False,False,False,False,False
52.316985,642,761.837049,False,True,False,False,False
-27.33061,360,762.393675,False,False,False,False,False
-27.603723,362,762.953919,False,False,False,False,False
53.198253,642,763.971606,False,True,False,False,False
52.537664,636,764.945142,False,True,False,False,False
-23.753918,341,765.468843,False,False,False,False,False
-22.544147,316,765.94856,False,False,False,False,False
-26.728935,304,766.40891,False,False,False,False,False
52.507562,634,767.378095,False,True,False,False,False
52.288522,677,768.617009,False,True,False,False,False
53.049192,643,769.60434,False,True,False,False,False
-27.652676,305,770.06791,False,False,False,False,False
-27.395589,359,770.643024,False,False,False,False,False
-23.203341,337,771.1822,False,False,False,False,False
-27.799979,360,771.735226,False,False,False,False,False
-22.487274,338,772.252357,False,False,False,False,False
-27.042942,305,772.714358,False,False,False,False,False
-31.317271,295,773.159928,False,False,False,False,False
-23.549318,314,773.63637,False,False,False,False,False
-21.111153,333,774.339763,False,False,False,False,False
-31.514125,292,774.781513,False,False,False,False,False
-27.162145,361,775.34216,False,False,False,False,False
53.302078,647,776.365939,False,True,False,False,False
53.023992,653,777.371127,False,True,False,False,False
52.181666,638,778.348688,False,True,False,False,False
-28.013081,300,778.803628,False,False,False,False,False
-25.073712,305,779.266202,False,False,False,False,False
-22.25719,318,779.751767,False,False,False,False,False
-27.304735,361,780.309182,False,False,False,False,False
-27.916449,362,781.058414,False,False,False,False,False
-26.845726,302,781.514112,False,False,False,False,False
46.877034,714,782.61401,False,True,False,False,False
-25.0367,476,783.36395,False,True,False,False,False
-48.349553,361,783.94393,False,False,False,False,False
52.221242,636,784.92041,False,True,False,False,False
-21.879547,320,785.410505,False,False,False,False,False
-25.979462,303,785.87029,False,False,False,False,False
92.654002,775,787.273364,False,True,False,False,False
-70.50156,264,787.670859,False,False,False,False,False
52.628846,678,788.714392,False,True,False,False,False
51.624882,657,789.747675,False,True,False,False,False
-25.454271,304,790.214095,False,False,False,False,False
52.498423,640,791.192537,False,True,False,False,False
-23.244096,338,791.708198,False,False,False,False,False
-35.906937,361,792.262044,False,False,False,False,False
53.26193,646,793.252259,False,True,False,False,False
-22.035532,322,793.937657,False,False,False,False,False
95.333689,748,795.101943,False,True,False,False,False
-37.538274,363,795.665431,False,False,False,False,False
-22.232859,315,796.158472,False,False,False,False,False
-23.105811,315,796.654074,False,False,False,False,False
-26.671668,306,797.121334,False,False,False,False,False
53.823062,658,798.130211,False,True,False,False,False
-27.418907,361,798.687835,False,False,False,False,False
53.71712,656,799.707595,False,True,False,False,False
52.681577,646,800.928599,False,True,False,False,False
51.791134,633,801.908946,False,True,False,False,False
-27.655763,361,802.496886,False,False,False,False,False
53.092877,653,803.513199,False,True,False,False,False
-25.730266,306,803.979596,False,False,False,False,False
-27.111758,365,804.543801,False,False,False,False,False
-22.27355,340,805.065909,False,False,False,False,False
-26.244261,346,805.596036,False,False,False,False,False
-22.771336,315,806.075317,False,False,False,False,False
-25.851907,305,806.537306,False,False,False,False,False
-28.118228,360,807.283835,False,False,False,False,False
-25.793149,301,807.737832,False,False,False,False,False
-23.338764,335,808.247872,False,False,False,False,False
52.756595,656,809.323586,False,True,False,False,False
-27.716209,357,809.897111,False,False,False,False,False
-75.847073,295,810.345421,False,False,False,False,False
49.273296,682,811.397096,False,True,False,False,False
-34.845051,361,811.956334,False,False,False,False,False
-27.171987,360,822.387414,False,False,False,False,False
-36.293783,361,822.94635,False,False,False,False,False
-51.037656,358,823.693652,False,False,False,False,False
54.109358,663,824.712773,False,True,False,False,False
-27.221307,358,825.265348,False,False,False,False,False
52.932453,658,826.328918,False,True,False,False,False
-27.406056,380,826.917623,False,False,False,False,False
-25.253588,303,827.379904,False,False,False,False,False
52.009418,638,828.407214,False,True,False,False,False
-22.418848,340,828.937059,False,False,False,False,False
-69.957376,246,829.305406,False,False,False,False,False
-27.468471,359,830.053858,False,False,False,False,False
50.291281,695,831.123925,False,True,False,False,False
-22.942911,315,831.605133,False,False,False,False,False
-27.34613,362,832.200221,False,False,False,False,False
-27.479297,358,832.750533,False,False,False,False,False
52.995607,654,833.755158,False,True,False,False,False
52.504273,648,834.750795,False,True,False,False,False
-69.525414,247,835.124645,False,False,False,False,False
-28.101385,358,835.680955,False,False,False,False,False
-22.217012,315,836.16009,False,False,False,False,False
48.845607,716,837.459801,False,True,False,False,False
-22.958495,341,837.983874,False,False,False,False,False
52.97691,659,839.031372,False,True,False,False,False
43.082674,664,840.068275,False,True,False,False,True
-36.404063,362,840.626771,False,False,False,False,False
-27.274276,359,841.180284,False,False,False,False,False
54.278265,657,842.187925,False,True,False,False,False
52.12246,635,843.353217,False,True,False,False,False
51.982528,631,844.317948,False,True,False,False,False
-27.106666,362,844.887252,False,False,False,False,False
-22.710839,338,845.427407,False,False,False,False,False
53.550141,656,846.43233,False,True,False,False,False
-27.101254,360,846.987822,False,False,False,False,False
-22.079774,316,847.467528,False,False,False,False,False
52.169191,643,848.453784,False,True,False,False,False
79.555504,678,849.687008,False,True,False,False,False
54.187081,663,850.703806,False,True,False,False,False
51.730031,636,851.714208,False,True,False,False,False
52.339095,639,852.692757,False,True,False,False,False
-25.047333,305,853.153945,False,False,False,False,False
50.016901,688,854.209516,False,True,False,False,False
53.759385,664,855.233353,False,True,False,False,False
-26.208817,304,855.695885,False,False,False,False,False
-23.845517,316,856.371145,False,False,False,False,False
-26.163245,304,856.832848,False,False,False,False,False
-23.526947,340,857.355767,False,False,False,False,False
-27.435788,361,857.910453,False,False,False,False,False
45.907581,690,859.03221,False,True,False,False,False
47.104743,686,860.090419,False,True,False,False,False
48.902908,711,861.190876,False,True,False,False,False
-27.052386,361,861.748462,False,False,False,False,False
52.491311,639,862.924388,False,True,False,False,False
50.387739,663,863.945361,False,True,False,False,False
50.62795,658,864.995735,False,True,False,False,False
-31.420728,297,865.443795,False,False,False,False,False
-25.999235,302,865.900184,False,False,False,False,False
-24.577714,345,866.427664,False,False,False,False,False
-27.363816,359,866.979012,False,False,False,False,False
52.982048,671,868.009908,False,True,False,False,False
66.866083,751,869.37227,False,True,False,False,False
51.18746,637,870.354018,False,True,False,False,False
52.097761,639,871.340211,False,True,False,False,False
-25.518936,305,871.824732,False,False,False,False,False
43.998912,668,872.890903,False,True,False,False,True
-23.083628,317,873.372232,False,False,False,False,False
-24.206539,343,873.897116,False,False,False,False,False
-26.766381,303,874.362997,False,False,False,False,False
53.098602,661,875.568029,False,True,False,False,False
-22.161466,315,876.046662,False,False,False,False,False
-28.279576,360,876.599186,False,False,False,False,False
53.097857,644,877.626412,False,True,False,False,False
-22.077047,318,878.109763,False,False,False,False,False
-27.353713,357,878.659017,False,False,False,False,False
46.678314,690,879.718479,False,True,False,False,False
-27.307345,360,880.274481,False,False,False,False,False
-25.584287,304,880.73601,False,False,False,False,False
52.487481,644,881.722397,False,True,False,False,False
-23.850682,339,882.435676,False,False,False,False,False
-22.148485,315,882.913912,False,False,False,False,False
-31.203286,296,883.361708,False,False,False,False,False
-21.31564,336,883.876756,False,False,False,False,False
52.891441,655,884.931913,False,True,False,False,False
-21.556961,338,885.449906,False,False,False,False,False
-24.741977,343,885.974765,False,False,False,False,False
-26.000521,306,886.437367,False,False,False,False,False
-35.692797,361,886.993172,False,False,False,False,False
52.230248,637,887.96681,False,True,False,False,False
-27.763555,358,888.7194,False,False,False,False,False
-23.021856,340,889.239154,False,False,False,False,False
-27.539831,366,889.804112,False,False,False,False,False
-37.383333,361,890.365889,False,False,False,False,False
46.994389,709,891.496967,False,True,False,False,False
-24.955816,344,892.020589,False,False,False,False,False
-22.092378,315,892.502257,False,False,False,False,False
53.251923,643,893.486781,False,True,False,False,False
-25.888376,303,893.945778,False,False,False,False,False
-25.504171,306,894.409092,False,False,False,False,False
84.350172,686,895.662342,False,True,False,False,False
-26.047365,305,896.124979,False,False,False,False,False
-26.769739,304,896.585509,False,False,False,False,False
-26.234247,303,897.063777,False,False,False,False,False
-23.350273,341,897.61761,False,False,False,False,False
-27.068292,360,898.171091,False,False,False,False,False
-26.02604,304,898.630975,False,False,False,False,False
-26.889597,306,899.094078,False,False,False,False,False
95.9125,770,900.288952,False,True,False,False,False
-27.181349,359,900.840543,False,False,False,False,False
53.033912,659,911.95416,False,True,False,False,False
52.500299,676,912.993795,False,True,False,False,False
52.326286,641,913.972932,False,True,False,False,False
-23.360392,337,914.487219,False,False,False,False,False
53.261655,654,915.489071,False,True,False,False,False
-22.921313,317,915.972189,False,False,False,False,False
47.723603,695,917.072449,False,True,False,False,False
-27.085063,368,917.643139,False,False,False,False,False
57.851915,752,919.067566,False,True,False,False,False
55.221481,665,920.090847,False,True,False,False,False
53.574017,663,921.110221,False,True,False,False,False
-27.861419,360,921.671024,False,False,False,False,False
-25.624499,303,922.159208,False,False,False,False,False
-23.751058,341,922.684482,False,False,False,False,False
53.399659,653,923.689168,False,True,False,False,False
-27.716218,360,924.245638,False,False,False,False,False
-26.342907,306,924.908174,False,False,False,False,False
53.185477,660,925.925624,False,True,False,False,False
-28.954779,376,926.506002,False,False,False,False,False
-22.693688,338,927.023554,False,False,False,False,False
52.564008,675,928.094916,False,True,False,False,False
-25.737222,409,928.765482,False,False,False,False,False
-22.501425,318,929.250844,False,False,False,False,False
53.734375,660,930.263487,False,True,False,False,False
-25.539827,305,930.725472,False,False,False,False,False
-27.602207,358,931.47539,False,False,False,False,False
54.769212,665,932.499721,False,True,False,False,False
-26.106077,305,932.964448,False,False,False,False,False
53.615024,656,933.975456,False,True,False,False,False
-26.959012,360,934.53767,False,False,False,False,False
51.459673,641,935.552182,False,True,False,False,False
80.848205,754,936.752704,False,True,False,False,False
52.154651,641,937.934332,False,True,False,False,False
54.164837,741,939.086567,False,True,False,False,False
-27.435195,359,939.640983,False,False,False,False,False
-23.095247,317,940.125412,False,False,False,False,False
-25.379103,304,940.584256,False,False,False,False,False
50.972916,663,941.632558,False,True,False,False,False
-27.901569,361,942.191648,False,False,False,False,False
-25.435476,305,942.655475,False,False,False,False,False
-27.073928,359,943.208714,False,False,False,False,False
92.947751,769,944.598004,False,True,False,False,False
-27.507693,360,945.154174,False,False,False,False,False
61.683606,663,946.164641,False,True,False,False,False
-23.790776,315,946.642148,False,False,False,False,False
51.865312,648,947.632833,False,True,False,False,False
-22.723737,316,948.116289,False,False,False,False,False
-22.199916,317,948.661299,False,False,False,False,False
50.415849,690,949.724675,False,True,False,False,False
-23.721315,340,950.248981,False,False,False,False,False
53.259482,638,951.421593,False,True,False,False,False
78.003151,654,952.422225,False,True,False,False,False
-24.031264,343,952.947225,False,False,False,False,False
-22.261795,317,953.430488,False,False,False,False,False
-26.217988,305,953.892998,False,False,False,False,False
-35.499278,365,954.486743,False,False,False,False,False
-26.859301,303,954.951195,False,False,False,False,False
-27.769292,360,955.512285,False,False,False,False,False
53.776049,639,956.493463,False,True,False,False,False
-28.19125,360,957.05126,False,False,False,False,False
-22.005688,317,957.728073,False,False,False,False,False
-22.808897,314,958.205895,False,False,False,False,False
-22.984725,337,958.721879,False,False,False,False,False
-23.922848,340,959.242198,False,False,False,False,False
51.751343,653,960.246885,False,True,False,False,False
-28.645059,302,960.733973,False,False,False,False,False
-22.240829,338,961.281423,False,False,False,False,False
46.819779,709,962.376458,False,True,False,False,False
-27.607429,358,962.930172,False,False,False,False,False
52.612613,679,964.169534,False,True,False,False,False
-27.064822,360,964.726341,False,False,False,False,False
53.34472,664,965.753325,False,True,False,False,False
51.872626,639,966.737805,False,True,False,False,False
50.220506,660,967.787103,False,True,False,False,False
51.912037,679,968.841341,False,True,False,False,False
47.175015,730,969.97165,False,True,False,False,False
-27.285557,360,970.721952,False,False,False,False,False
52.291456,678,971.765303,False,True,False,False,False
53.21105,662,972.781692,False,True,False,False,False
51.63492,655,973.805901,False,True,False,False,False
-25.682311,303,974.311343,False,False,False,False,False
373.458373,714,975.411627,True,True,True,False,False
-27.544715,360,975.96433,False,False,False,False,False
-27.956941,357,976.510973,False,False,False,False,False
52.930481,648,977.697956,False,True,False,False,False
53.311748,644,978.684001,False,True,False,False,False
-25.189202,304,979.14438,False,False,False,False,False
-27.369745,362,979.700673,False,False,False,False,False
53.114444,653,980.704712,False,True,False,False,False
50.799004,660,981.766084,False,True,False,False,False
-28.313324,349,982.325152,False,False,False,False,False
53.23527,656,983.543901,False,True,False,False,False
78.895659,677,984.585733,False,True,False,False,False
-26.178363,304,985.049105,False,False,False,False,False
52.913298,654,986.051442,False,True,False,False,False
-37.525127,365,986.616596,False,False,False,False,False
-25.606493,302,987.104967,False,False,False,False,False
-21.7214,334,987.6462,False,False,False,False,False
-22.68913,316,988.131485,False,False,False,False,False
-31.334739,295,988.578787,False,False,False,False,False
-25.637923,306,989.067972,False,False,False,False,False
46.000372,708,990.364306,False,True,False,False,False
45.862646,693,991.445301,False,True,False,False,False
-22.131772,315,1001.813303,False,False,False,False,False
-23.953121,342,1002.342719,False,False,False,False,False
58.043434,659,1003.349852,False,True,False,False,False
-27.191382,359,1003.901821,False,False,False,False,False
49.82762,694,1004.971568,False,True,False,False,False
-21.361311,333,1005.485322,False,False,False,False,False
52.850296,665,1006.763254,False,True,False,False,False
-27.653648,361,1007.341699,False,False,False,False,False
-23.426988,318,1007.855702,False,False,False,False,False
42.536044,681,1008.92301,False,True,False,False,True
-27.019942,303,1009.38322,False,False,False,False,False
-23.457225,340,1009.905181,False,False,False,False,False
53.586967,654,1010.938828,False,True,False,False,False
-24.500675,304,1011.415657,False,False,False,False,False
-23.393488,339,1011.936609,False,False,False,False,False
-24.889502,305,1012.403889,False,False,False,False,False
-23.302983,343,1012.931702,False,False,False,False,False
43.746826,683,1014.179697,False,True,False,False,True
98.69111,717,1015.294738,False,True,False,False,False
-22.430507,339,1015.815952,False,False,False,False,False
-26.935939,375,1016.402572,False,False,False,False,False
-27.40823,361,1017.004254,False,False,False,False,False
52.066751,638,1017.988464,False,True,False,False,False
-23.567108,342,1018.517335,False,False,False,False,False
-27.880697,358,1019.073929,False,False,False,False,False
53.513974,657,1020.30605,False,True,False,False,False
85.814464,666,1021.342066,False,True,False,False,False
-28.049421,360,1021.90295,False,False,False,False,False
54.920501,737,1023.050077,False,True,False,False,False
52.167686,636,1024.072308,False,True,False,False,False
-35.999442,360,1024.628642,False,False,False,False,False
-22.363666,318,1025.117643,False,False,False,False,False
-27.284488,361,1025.676639,False,False,False,False,False
-27.275782,365,1026.440189,False,False,False,False,False
44.66212,698,1027.526496,False,True,False,False,False
-26.195917,303,1027.990255,False,False,False,False,False
47.491165,730,1029.127614,False,True,False,False,False
-24.232013,335,1029.655587,False,False,False,False,False
52.66129,649,1030.682557,False,True,False,False,False
47.935469,680,1031.739045,False,True,False,False,False
53.267351,658,1032.946627,False,True,False,False,False
48.21282,705,1034.040814,False,True,False,False,False
-31.303985,295,1034.489609,False,False,False,False,False
-24.720475,305,1034.956655,False,False,False,False,False
-26.200712,304,1035.418304,False,False,False,False,False
-28.442195,345,1035.947541,False,False,False,False,False
-22.28072,313,1036.429797,False,False,False,False,False
-27.153232,361,1037.052639,False,False,False,False,False
52.936313,655,1038.069669,False,True,False,False,False
-21.310157,336,1038.587822,False,False,False,False,False
-70.701675,247,1038.962331,False,False,False,False,False
-23.316979,341,1039.684616,False,False,False,False,False
50.781161,695,1040.760008,False,True,False,False,False
51.906604,632,1041.731266,False,True,False,False,False
-24.982371,304,1042.193925,False,False,False,False,False
-21.671291,336,1042.709642,False,False,False,False,False
53.860834,667,1043.771013,False,True,False,False,False
89.800659,678,1044.836921,False,True,False,False,False
-25.912471,305,1045.305784,False,False,False,False,False
69.651609,648,1046.497695,False,True,False,False,False
-24.547181,303,1046.962951,False,False,False,False,False
-27.33063,362,1047.528317,False,False,False,False,False
52.195751,640,1048.517368,False,True,False,False,False
53.139686,655,1049.53673,False,True,False,False,False
-27.418556,360,1050.143665,False,False,False,False,False
54.085729,655,1051.148574,False,True,False,False,False
48.90745,715,1052.258499,False,True,False,False,False
-25.508535,306,1052.924353,False,False,False,False,False
-26.697454,303,1053.386191,False,False,False,False,False
-22.506356,315,1053.868501,False,False,False,False,False
51.196496,678,1054.924273,False,True,False,False,False
-26.583173,389,1055.531736,False,False,False,False,False
-25.769931,302,1055.99188,False,False,False,False,False
-26.17521,305,1056.479344,False,False,False,False,False
-25.168622,303,1056.946324,False,False,False,False,False
-28.277779,350,1057.487727,False,False,False,False,False
53.580066,659,1058.505041,False,True,False,False,False
52.920537,642,1059.690782,False,True,False,False,False
51.20263,660,1060.720823,False,True,False,False,False
-25.668492,305,1061.188759,False,False,False,False,False
95.310806,738,1062.33403,False,True,False,False,False
-27.104148,305,1062.823281,False,False,False,False,False
-27.243812,367,1063.42366,False,False,False,False,False
88.102063,677,1064.470156,False,True,False,False,False
-28.070471,354,1065.020186,False,False,False,False,False
-31.229916,296,1065.472728,False,False,False,False,False
-22.552681,318,1066.157348,False,False,False,False,False
-23.360784,340,1066.694886,False,False,False,False,False
-31.277407,297,1067.150587,False,False,False,False,False
-23.292116,339,1067.67371,False,False,False,False,False
-26.659578,379,1068.264472,False,False,False,False,False
-25.197773,303,1068.726723,False,False,False,False,False
-23.409773,337,1069.264201,False,False,False,False,False
59.033614,739,1070.438697,False,True,False,False,False
-23.199317,316,1070.921744,False,False,False,False,False
-25.432383,306,1071.387916,False,False,False,False,False
65.292675,768,1072.781002,False,True,False,False,False
52.340921,637,1073.763326,False,True,False,False,False
-31.248399,294,1074.209649,False,False,False,False,False
-21.454296,337,1074.726842,False,False,False,False,False
53.170577,668,1075.766141,False,True,False,False,False
-22.125665,316,1076.29107,False,False,False,False,False
-27.804138,358,1076.848222,False,False,False,False,False
51.129884,656,1077.883141,False,True,False,False,False
-23.09109,339,1078.407733,False,False,False,False,False
-27.434135,362,1079.162964,False,False,False,False,False
-25.681192,305,1079.627922,False,False,False,False,False
48.089713,711,1080.730216,False,True,False,False,False
50.812396,660,1081.745229,False,True,False,False,False
52.614338,672,1093.412166,False,True,False,False,False
-22.718498,317,1093.915616,False,False,False,False,False
-26.481948,301,1094.409638,False,False,False,False,False
52.341575,642,1095.480915,False,True,False,False,False
53.910566,655,1096.810079,False,True,False,False,False
52.073996,639,1097.884423,False,True,False,False,False
70.369995,745,1099.202914,False,True,False,False,False
47.315893,695,1100.360635,False,True,False,False,False
-21.283055,335,1100.912541,False,False,False,False,False
-34.565599,367,1101.492296,False,False,False,False,False
49.385278,668,1102.634533,False,True,False,False,False
-27.213698,360,1103.415347,False,False,False,False,False
-26.159246,304,1103.884032,False,False,False,False,False
52.647827,646,1104.894222,False,True,False,False,False
-31.511014,293,1105.348103,False,False,False,False,False
-22.501623,316,1105.837597,False,False,False,False,False
-27.738198,362,1106.40419,False,False,False,False,False
93.948266,746,1107.633066,False,True,False,False,False
54.497159,640,1108.62346,False,True,False,False,False
91.435365,768,1110.050473,False,True,False,False,False
-22.280799,315,1110.547926,False,False,False,False,False
61.351421,659,1111.573882,False,True,False,False,False
-31.411697,293,1112.021461,False,False,False,False,False
-23.964096,341,1112.564253,False,False,False,False,False
-21.878939,319,1113.080538,False,False,False,False,False
100.486466,741,1114.318403,False,True,False,False,False
-27.32081,357,1114.899117,False,False,False,False,False
-25.95111,305,1115.371975,False,False,False,False,False
-22.361983,313,1115.855253,False,False,False,False,False
56.286698,753,1117.25556,False,True,False,False,False
54.076172,658,1118.281562,False,True,False,False,False
48.554022,701,1119.376922,False,True,False,False,False
-22.347878,317,1119.862533,False,False,False,False,False
83.360414,750,1121.129552,False,True,False,False,False
62.865872,664,1122.159365,False,True,False,False,False
90.770334,757,1123.543726,False,True,False,False,False
-25.677046,306,1124.015384,False,False,False,False,False
-23.820684,339,1124.541248,False,False,False,False,False
91.293505,769,1125.744513,False,True,False,False,False
-24.076713,342,1126.27839,False,False,False,False,False
52.671975,644,1127.334761,False,True,False,False,False
51.277596,678,1128.390017,False,True,False,False,False
-27.301656,365,1128.967443,False,False,False,False,False
95.76906,696,1130.253943,False,True,False,False,False
54.762767,662,1131.273629,False,True,False,False,False
-27.458322,357,1131.824174,False,False,False,False,False
75.516891,746,1132.985206,False,True,False,False,False
-22.100165,318,1133.47169,False,False,False,False,False
56.011645,640,1134.52397,False,True,False,False,False
70.319211,748,1135.69366,False,True,False,False,False
51.548463,660,1136.901708,False,True,False,False,False
-22.385448,318,1137.387337,False,False,False,False,False
54.441604,667,1138.435671,False,True,False,False,False
-25.365602,306,1138.904983,False,False,False,False,False
-31.382304,297,1139.358823,False,False,False,False,False
-27.23983,360,1139.917319,False,False,False,False,False
-22.202719,315,1140.451521,False,False,False,False,False
82.480248,767,1141.661309,False,True,False,False,False
-22.597216,316,1142.156167,False,False,False,False,False
-27.103138,361,1142.717109,False,False,False,False,False
-26.365661,303,1143.373293,False,False,False,False,False
52.98461,641,1144.364509,False,True,False,False,False
51.313349,637,1145.353177,False,True,False,False,False
52.572383,646,1146.347701,False,True,False,False,False
-27.149548,361,1146.910957,False,False,False,False,False
54.28582,667,1148.035182,False,True,False,False,False
53.864069,665,1149.074704,False,True,False,False,False
52.089034,633,1150.260165,False,True,False,False,False
45.891565,683,1151.314107,False,True,False,False,True
-31.342851,298,1151.768809,False,False,False,False,False
-35.741541,365,1152.33571,False,False,False,False,False
-23.794044,311,1152.816215,False,False,False,False,False
-25.637939,305,1153.285378,False,False,False,False,False
-27.583401,360,1153.901356,False,False,False,False,False
-25.529895,305,1154.383807,False,False,False,False,False
71.320638,647,1155.389623,False,True,False,False,False
-27.19914,306,1155.857325,False,False,False,False,False
71.193333,771,1157.256719,False,True,False,False,False
-23.106895,336,1157.771492,False,False,False,False,False
-27.326802,358,1158.325729,False,False,False,False,False
-24.022712,344,1158.854085,False,False,False,False,False
-21.641212,586,1159.747333,False,True,False,False,False
-25.751003,304,1160.264103,False,False,False,False,False
-27.038225,361,1160.855865,False,False,False,False,False
48.490295,712,1161.960511,False,True,False,False,False
-34.798466,365,1162.526114,False,False,False,False,False
-24.025709,339,1163.243172,False,False,False,False,False
52.661396,635,1164.226432,False,True,False,False,False
-22.974574,337,1164.745527,False,False,False,False,False
-27.105144,363,1165.311245,False,False,False,False,False
47.026504,679,1166.359711,False,True,False,False,False
52.975737,657,1167.45179,False,True,False,False,False
54.006956,656,1168.484361,False,True,False,False,False
53.954944,661,1169.507001,False,True,False,False,False
53.265771,638,1170.68816,False,True,False,False,False
-27.55538,360,1171.240455,False,False,False,False,False
-22.209965,314,1171.71917,False,False,False,False,False
60.381602,627,1172.676001,False,True,False,False,False
-26.043748,306,1173.144825,False,False,False,False,False
97.414768,715,1184.235576,False,True,False,False,False
53.78524,657,1185.248871,False,True,False,False,False
53.04572,653,1186.453042,False,True,False,False,False
67.70716,666,1187.480582,False,True,False,False,False
-26.769839,303,1187.980095,False,False,False,False,False
-26.81387,300,1188.472652,False,False,False,False,False
50.223833,663,1189.498654,False,True,False,False,False
-25.891583,305,1190.003899,False,False,False,False,False
91.420952,685,1191.062889,False,True,False,False,False
99.302617,724,1192.186527,False,True,False,False,False
-25.407888,303,1192.843049,False,False,False,False,False
-27.129768,358,1193.399239,False,False,False,False,False
52.688865,646,1194.393386,False,True,False,False,False
48.460788,736,1195.548296,False,True,False,False,False
61.079048,660,1196.600045,False,True,False,False,False
53.274095,661,1197.621712,False,True,False,False,False
95.028056,743,1198.772844,False,True,False,False,False
-22.879198,315,1199.450782,False,False,False,False,False
53.092501,655,1200.465649,False,True,False,False,False
-27.598729,358,1201.01931,False,False,False,False,False
53.44586,673,1202.114729,False,True,False,False,False
53.569075,665,1203.1413,False,True,False,False,False
53.90748,661,1204.161373,False,True,False,False,False
-21.350167,336,1204.683291,False,False,False,False,False
-35.71089,361,1205.241984,False,False,False,False,False
91.758752,684,1206.490873,False,True,False,False,False
91.265412,698,1207.571215,False,True,False,False,False
67.469537,648,1208.610633,False,True,False,False,False
53.746652,655,1209.623838,False,True,False,False,False
52.695981,634,1210.599975,False,True,False,False,False
90.059044,693,1211.67155,False,True,False,False,False
-23.868811,344,1212.203569,False,False,False,False,False
-26.311521,302,1212.872082,False,False,False,False,False
44.190448,685,1213.929137,False,True,False,False,True
-22.103769,316,1214.419325,False,False,False,False,False
372.844204,711,1215.588934,True,True,True,False,False
80.696057,752,1216.75773,False,True,False,False,False
96.97088,764,1217.948183,False,True,False,False,False
81.915891,751,1219.316609,False,True,False,False,False
-27.429655,359,1219.875085,False,False,False,False,False
96.320029,762,1221.092589,False,True,False,False,False
70.111433,749,1222.317045,False,True,False,False,False
-36.00055,362,1222.879133,False,False,False,False,False
53.406613,753,1224.069231,False,True,False,False,False
-51.777806,363,1224.632618,False,False,False,False,False
-22.094661,315,1225.115946,False,False,False,False,False
-27.555714,363,1225.870652,False,False,False,False,False
54.166927,663,1226.891095,False,True,False,False,False
-27.673392,360,1227.445919,False,False,False,False,False
52.968224,639,1228.427587,False,True,False,False,False
54.074891,659,1229.515443,False,True,False,False,False
-22.074085,316,1230.002435,False,False,False,False,False
-27.460493,359,1230.560679,False,False,False,False,False
-21.691082,335,1231.074988,False,False,False,False,False
-22.67642,318,1231.568125,False,False,False,False,False
70.11074,666,1232.796601,False,True,False,False,False
83.628271,663,1233.991483,False,True,False,False,False
-21.888802,326,1234.528633,False,False,False,False,False
50.666394,678,1235.585292,False,True,False,False,False
-22.408884,316,1236.071543,False,False,False,False,False
52.374231,640,1237.070395,False,True,False,False,False
52.36257,649,1238.07129,False,True,False,False,False
91.680162,690,1239.337816,False,True,False,False,False
63.415733,756,1240.536257,False,True,False,False,False
-21.144886,333,1241.110205,False,False,False,False,False
-31.430001,292,1241.618259,False,False,False,False,False
-21.834936,331,1242.139443,False,False,False,False,False
-27.150734,360,1242.699181,False,False,False,False,False
-26.975416,359,1243.25374,False,False,False,False,False
-26.309988,303,1243.716904,False,False,False,False,False
-27.254126,359,1244.273211,False,False,False,False,False
-23.714799,339,1244.79371,False,False,False,False,False
-27.111724,361,1245.351457,False,False,False,False,False
-27.618246,359,1246.105446,False,False,False,False,False
87.42168,766,1247.302268,False,True,False,False,False
-22.920111,344,1247.86,False,False,False,False,False
53.030715,660,1248.935459,False,True,False,False,False
-59.877168,349,1249.475846,False,False,False,False,False
-24.853381,304,1249.940061,False,False,False,False,False
54.019167,664,1250.970196,False,True,False,False,False
53.430476,657,1251.986422,False,True,False,False,False
95.580224,766,1253.378694,False,True,False,False,False
53.670986,654,1254.395166,False,True,False,False,False
93.478489,751,1255.631902,False,True,False,False,False
-28.263343,352,1256.17597,False,False,False,False,False
-23.298946,340,1256.699043,False,False,False,False,False
-21.680832,335,1257.217516,False,False,False,False,False
-26.479534,304,1257.683344,False,False,False,False,False
50.81507,721,1258.803857,False,True,False,False,False
-23.520736,338,1259.523438,False,False,False,False,False
65.333585,663,1260.545314,False,True,False,False,False
-25.738562,305,1261.015529,False,False,False,False,False
-22.182228,315,1261.560329,False,False,False,False,False
-25.423093,346,1262.101397,False,False,False,False,False
52.676016,642,1263.09604,False,True,False,False,False
-25.150795,304,1263.560531,False,False,False,False,False
-22.270926,336,1264.081075,False,False,False,False,False
66.442759,664,1274.989608,False,True,False,False,False
87.811825,688,1276.252707,False,True,False,False,False
74.159892,652,1277.253254,False,True,False,False,False
-27.704287,361,1277.81077,False,False,False,False,False
-22.951839,339,1278.329599,False,False,False,False,False
-21.247024,367,1278.922885,False,False,False,False,False
-27.269611,359,1279.536592,False,False,False,False,False
-27.519692,362,1280.102111,False,False,False,False,False
-21.99065,318,1280.603944,False,False,False,False,False
-23.401518,341,1281.153054,False,False,False,False,False
-21.190293,337,1281.672238,False,False,False,False,False
69.821095,745,1283.043577,False,True,False,False,False
53.766434,671,1284.097331,False,True,False,False,False
52.360942,640,1285.131257,False,True,False,False,False
-24.069024,342,1285.661411,False,False,False,False,False
53.798489,657,1286.682325,False,True,False,False,False
-25.395053,305,1287.148878,False,False,False,False,False
-23.782773,341,1287.676444,False,False,False,False,False
-22.360178,316,1288.161546,False,False,False,False,False
-25.69069,305,1288.831673,False,False,False,False,False
-23.045159,338,1289.356903,False,False,False,False,False
-28.061,359,1289.915187,False,False,False,False,False
-22.909892,337,1290.43747,False,False,False,False,False
56.881638,753,1291.699065,False,True,False,False,False
-23.317831,338,1292.223828,False,False,False,False,False
-27.441622,363,1292.789678,False,False,False,False,False
53.605301,670,1293.86635,False,True,False,False,False
93.981747,751,1295.104588,False,True,False,False,False
-23.619146,317,1295.785444,False,False,False,False,False
-25.141502,306,1296.250997,False,False,False,False,False
-22.54189,316,1296.73082,False,False,False,False,False
-26.391266,303,1297.192129,False,False,False,False,False
-22.234525,317,1297.676565,False,False,False,False,False
-22.372329,314,1298.187516,False,False,False,False,False
94.266955,750,1299.378737,False,True,False,False,False
53.096725,675,1300.421034,False,True,False,False,False
53.744788,753,1301.593221,False,True,False,False,False
52.816514,659,1302.805731,False,True,False,False,False
66.120287,661,1303.82755,False,True,False,False,False
-22.52302,337,1304.37014,False,False,False,False,False
-22.947916,315,1304.864907,False,False,False,False,False
-22.714808,315,1305.351459,False,False,False,False,False
-26.917546,305,1305.817657,False,False,False,False,False
-22.930865,318,1306.305037,False,False,False,False,False
-23.090556,342,1306.831835,False,False,False,False,False
-28.065557,360,1307.395427,False,False,False,False,False
-26.507068,302,1307.861612,False,False,False,False,False
-25.743928,305,1308.363156,False,False,False,False,False
-23.083999,312,1309.056618,False,False,False,False,False
90.980972,681,1310.13744,False,True,False,False,False
-25.301736,304,1310.6291,False,False,False,False,False
-23.431805,340,1311.156086,False,False,False,False,False
-21.105594,335,1311.672883,False,False,False,False,False
-27.088168,360,1312.230748,False,False,False,False,False
-26.112078,302,1312.691,False,False,False,False,False
98.480249,739,1313.840302,False,True,False,False,False
54.325264,658,1314.855644,False,True,False,False,False
-26.166807,304,1315.518966,False,False,False,False,False
-25.809871,302,1315.979111,False,False,False,False,False
-23.125972,340,1316.501637,False,False,False,False,False
63.884386,753,1317.732797,False,True,False,False,False
-24.295635,343,1318.27842,False,False,False,False,False
100.391573,726,1319.405196,False,True,False,False,False
-24.054396,343,1319.932691,False,False,False,False,False
-21.897142,320,1320.424147,False,False,False,False,False
53.964583,668,1321.460985,False,True,False,False,False
-22.38522,312,1322.156443,False,False,False,False,False
-22.772466,338,1322.675793,False,False,False,False,False
-27.604837,357,1323.228163,False,False,False,False,False
74.467075,742,1324.41698,False,True,False,False,False
-36.187103,364,1324.995002,False,False,False,False,False
-24.203698,342,1325.524231,False,False,False,False,False
-26.468105,387,1326.129272,False,False,False,False,False
53.413978,645,1327.126082,False,True,False,False,False
52.507861,643,1328.119332,False,True,False,False,False
-22.176159,318,1328.805843,False,False,False,False,False
97.952982,719,1329.921665,False,True,False,False,False
-26.973677,360,1330.525066,False,False,False,False,False
47.692364,708,1331.637946,False,True,False,False,False
85.138264,750,1332.857143,False,True,False,False,False
-26.961994,358,1333.413322,False,False,False,False,False
-27.195626,361,1333.972181,False,False,False,False,False
-22.091816,338,1334.49228,False,False,False,False,False
-26.063616,303,1334.95485,False,False,False,False,False
50.436011,660,1336.174698,False,True,False,False,False
53.989801,657,1337.189791,False,True,False,False,False
-24.704592,304,1337.661872,False,False,False,False,False
52.68521,655,1338.721356,False,True,False,False,False
49.146502,666,1339.751483,False,True,False,False,False
-36.317912,362,1340.313676,False,False,False,False,False
-23.665225,318,1340.800063,False,False,False,False,False
-27.415267,359,1341.353084,False,False,False,False,False
-27.203032,360,1342.11164,False,False,False,False,False
53.906634,669,1343.144678,False,True,False,False,False
-22.034338,317,1343.628942,False,False,False,False,False
-27.631391,360,1344.186602,False,False,False,False,False
-27.738641,357,1344.80428,False,False,False,False,False
-24.883976,345,1345.345784,False,False,False,False,False
-22.791718,312,1345.823926,False,False,False,False,False
53.012515,645,1346.828254,False,True,False,False,False
62.509133,764,1348.025361,False,True,False,False,False
-22.4752,332,1348.742885,False,False,False,False,False
-27.04933,362,1349.300851,False,False,False,False,False
-31.477268,293,1349.748821,False,False,False,False,False
84.126831,768,1351.016821,False,True,False,False,False
-27.0432,362,1351.58813,False,False,False,False,False
55.019127,738,1352.736122,False,True,False,False,False
49.408328,666,1353.766557,False,True,False,False,False
-34.779043,364,1354.346082,False,False,False,False,False
86.762114,750,1365.611879,False,True,False,False,False
-24.965151,304,1366.076631,False,False,False,False,False
-28.406892,352,1366.62291,False,False,False,False,False
76.192652,768,1367.824931,False,True,False,False,False
-27.499464,306,1368.293236,False,False,False,False,False
-22.774453,336,1368.817548,False,False,False,False,False
-49.890284,359,1369.393823,False,False,False,False,False
49.186168,695,1370.532029,False,True,False,False,False
52.546544,637,1371.759844,False,True,False,False,False
47.165391,709,1372.873245,False,True,False,False,False
-23.851917,341,1373.401001,False,False,False,False,False
-23.528014,340,1373.925985,False,False,False,False,False
-22.218688,329,1374.431876,False,False,False,False,False
-27.165146,358,1374.988516,False,False,False,False,False
-23.882107,342,1375.525136,False,False,False,False,False
-36.18982,362,1376.139433,False,False,False,False,False
52.608552,639,1377.125745,False,True,False,False,False
58.858432,641,1378.310423,False,True,False,False,False
-28.235357,356,1378.861109,False,False,False,False,False
54.317396,734,1380.004345,False,True,False,False,False
-22.179303,315,1380.48697,False,False,False,False,False
-21.871858,334,1381.000204,False,False,False,False,False
-26.294882,305,1381.465643,False,False,False,False,False
-22.135246,316,1382.011831,False,False,False,False,False
94.96761,769,1383.21569,False,True,False,False,False
-27.013238,361,1383.774304,False,False,False,False,False
-27.098701,371,1384.351786,False,False,False,False,False
-35.11126,361,1385.110835,False,False,False,False,False
63.876932,661,1386.131656,False,True,False,False,False
-22.396975,317,1386.618896,False,False,False,False,False
-28.71206,352,1387.163961,False,False,False,False,False
42.785924,664,1388.186325,False,True,False,False,True
-27.018068,368,1388.79485,False,False,False,False,False
-27.14019,303,1389.313093,False,False,False,False,False
80.56839,754,1390.497091,False,True,False,False,False
-27.519104,360,1391.056127,False,False,False,False,False
-23.637607,310,1391.726697,False,False,False,False,False
54.095124,661,1392.749773,False,True,False,False,False
93.904789,747,1393.913453,False,True,False,False,False
48.30767,684,1394.980006,False,True,False,False,False
97.43215,716,1396.157022,False,True,False,False,False
-27.065432,362,1396.719679,False,False,False,False,False
76.540622,751,1398.088286,False,True,False,False,False
-25.452341,304,1398.5546,False,False,False,False,False
96.91755,749,1399.721509,False,True,False,False,False
-26.866422,305,1400.189453,False,False,False,False,False
-22.541906,313,1400.66877,False,False,False,False,False
-23.554525,342,1401.19539,False,False,False,False,False
-24.091639,315,1401.680568,False,False,False,False,False
-27.266789,368,1402.315467,False,False,False,False,False
97.894952,719,1403.447778,False,True,False,False,False
-22.412435,315,1403.92995,False,False,False,False,False
92.108657,692,1405.19949,False,True,False,False,False
52.859359,671,1406.236816,False,True,False,False,False
97.544294,712,1407.340995,False,True,False,False,False
90.623959,696,1408.445336,False,True,False,False,False
88.28671,747,1409.648123,False,True,False,False,False
-21.983644,328,1410.153723,False,False,False,False,False
-22.888873,315,1410.635518,False,False,False,False,False
-27.244558,357,1411.384232,False,False,False,False,False
-23.176701,338,1411.906429,False,False,False,False,False
-27.060681,359,1412.462253,False,False,False,False,False
-26.049973,302,1412.923066,False,False,False,False,False
53.46819,642,1413.912854,False,True,False,False,False
52.041549,636,1414.909174,False,True,False,False,False
-27.303836,375,1415.560369,False,False,False,False,False
-27.308508,360,1416.118033,False,False,False,False,False
-25.432578,304,1416.582006,False,False,False,False,False
-24.858447,303,1417.043368,False,False,False,False,False
99.569237,759,1418.416791,False,True,False,False,False
85.893438,755,1419.589053,False,True,False,False,False
-28.49161,355,1420.137524,False,False,False,False,False
49.537934,664,1421.160452,False,True,False,False,False
52.346282,632,1422.184586,False,True,False,False,False
-27.486904,361,1422.743562,False,False,False,False,False
-22.975495,341,1423.268197,False,False,False,False,False
-22.122145,316,1423.749146,False,False,False,False,False
52.637037,638,1424.927553,False,True,False,False,False
-27.017705,303,1425.391332,False,False,False,False,False
-27.662839,302,1425.854066,False,False,False,False,False
-25.710571,441,1426.535936,False,True,False,False,False
68.69316,664,1427.558507,False,True,False,False,False
-28.965546,387,1428.207608,False,False,False,False,False
-26.821308,305,1428.698898,False,False,False,False,False
-28.394683,346,1429.234591,False,False,False,False,False
98.372428,703,1430.321578,False,True,False,False,False
-22.096366,317,1430.999334,False,False,False,False,False
-22.442377,339,1431.526306,False,False,False,False,False
372.397059,711,1432.632,True,True,True,False,False
-22.541357,313,1433.111463,False,False,False,False,False
52.976627,636,1434.094114,False,True,False,False,False
-26.999607,303,1434.557996,False,False,False,False,False
50.4845,718,1435.744568,False,True,False,False,False
47.578978,678,1436.794604,False,True,False,False,False
-25.659224,303,1437.257016,False,False,False,False,False
54.35736,662,1438.469123,False,True,False,False,False
50.203421,684,1439.522837,False,True,False,False,False
-27.896935,362,1440.082582,False,False,False,False,False
-21.184698,333,1440.590381,False,False,False,False,False
-22.302582,312,1441.066438,False,False,False,False,False
-27.522258,357,1441.656433,False,False,False,False,False
-22.897761,313,1442.134661,False,False,False,False,False
78.815652,668,1443.161629,False,True,False,False,False
98.304013,706,1444.449831,False,True,False,False,False
-26.683476,303,1444.911611,False,False,False,False,False
53.83756,657,1445.92382,False,True,False,False,False
52.398985,647,1456.856194,False,True,False,False,False
-26.403741,302,1457.318109,False,False,False,False,False
53.166662,642,1458.306874,False,True,False,False,False
-23.704133,339,1458.828217,False,False,False,False,False
52.562929,636,1459.81257,False,True,False,False,False
-27.207479,361,1460.380259,False,False,False,False,False
-22.469033,338,1461.176429,False,False,False,False,False
-27.237653,361,1461.739791,False,False,False,False,False
91.534754,679,1462.851244,False,True,False,False,False
73.320079,667,1463.883264,False,True,False,False,False
-27.643959,359,1464.44429,False,False,False,False,False
53.894069,658,1465.541996,False,True,False,False,False
82.107209,752,1466.713966,False,True,False,False,False
97.348826,753,1468.086658,False,True,False,False,False
-22.554104,318,1468.575459,False,False,False,False,False
-26.134327,305,1469.041099,False,False,False,False,False
-25.137828,301,1469.499763,False,False,False,False,False
49.915181,669,1470.540965,False,True,False,False,False
52.916149,642,1471.634632,False,True,False,False,False
86.515712,768,1472.838325,False,True,False,False,False
41.67471,662,1474.064339,False,True,False,False,True
63.220474,760,1475.287562,False,True,False,False,False
-21.605611,334,1475.802416,False,False,False,False,False
50.845356,662,1476.816438,False,True,False,False,False
86.685427,668,1477.860315,False,True,False,False,False
51.511229,635,1478.885693,False,True,False,False,False
43.56315,661,1479.900344,False,True,False,False,True
-23.665882,342,1480.623385,False,False,False,False,False
-27.634188,359,1481.182265,False,False,False,False,False
-26.798213,303,1481.6439,False,False,False,False,False
-26.347548,301,1482.100363,False,False,False,False,False
51.564488,670,1483.128824,False,True,False,False,False
-22.149943,316,1483.610202,False,False,False,False,False
-25.784039,303,1484.078985,False,False,False,False,False
92.103005,741,1485.273319,False,True,False,False,False
95.190836,743,1486.429973,False,True,False,False,False
72.267317,667,1487.647982,False,True,False,False,False
-27.314927,301,1488.108055,False,False,False,False,False
49.435653,726,1489.236885,False,True,False,False,False
51.295332,654,1490.249533,False,True,False,False,False
-27.365557,358,1490.846702,False,False,False,False,False
-21.344034,330,1491.386833,False,False,False,False,False
52.658755,640,1492.375603,False,True,False,False,False
-22.488753,312,1492.851361,False,False,False,False,False
42.476924,665,1494.067156,False,True,False,False,True
72.391733,768,1495.265687,False,True,False,False,False
50.13236,730,1496.394913,False,True,False,False,False
-22.804813,314,1496.87261,False,False,False,False,False
-36.692932,363,1497.437921,False,False,False,False,False
-26.484447,305,1497.964969,False,False,False,False,False
49.146225,713,1499.080732,False,True,False,False,False
-23.06381,339,1499.602964,False,False,False,False,False
88.252548,674,1500.840968,False,True,False,False,False
-22.692493,313,1501.320547,False,False,False,False,False
-25.246932,305,1501.787016,False,False,False,False,False
52.305838,753,1502.988836,False,True,False,False,False
41.823551,664,1504.06801,False,True,False,False,True
51.090204,737,1505.349145,False,True,False,False,False
-26.565801,305,1505.864266,False,False,False,False,False
-26.944833,303,1506.385488,False,False,False,False,False
-35.8707,362,1506.972783,False,False,False,False,False
-23.074628,316,1507.665714,False,False,False,False,False
-27.481956,360,1508.229218,False,False,False,False,False
43.632549,664,1509.257231,False,True,False,False,True
-26.710806,300,1509.737736,False,False,False,False,False
-22.754206,340,1510.265752,False,False,False,False,False
51.6159,639,1511.27502,False,True,False,False,False
-27.060797,375,1511.894216,False,False,False,False,False
-31.536493,292,1512.338306,False,False,False,False,False
-22.636281,554,1513.190069,False,True,False,False,False
-23.178188,337,1513.907919,False,False,False,False,False
-26.180151,304,1514.372636,False,False,False,False,False
-25.968739,304,1514.832104,False,False,False,False,False
51.811071,635,1515.812632,False,True,False,False,False
-25.763094,304,1516.276031,False,False,False,False,False
92.640648,731,1517.457397,False,True,False,False,False
-22.246792,314,1517.98469,False,False,False,False,False
42.700947,679,1519.029922,False,True,False,False,True
-23.629177,339,1519.551033,False,False,False,False,False
53.804246,670,1520.778527,False,True,False,False,False
43.854878,663,1521.794435,False,True,False,False,True
48.50036,679,1522.842779,False,True,False,False,False
43.317024,684,1523.897264,False,True,False,False,True
-36.083606,362,1524.543867,False,False,False,False,False
45.602902,686,1525.634821,False,True,False,False,True
74.425978,669,1526.664525,False,True,False,False,False
-26.362796,304,1527.32959,False,False,False,False,False
48.918084,712,1528.432763,False,True,False,False,False
62.172883,736,1529.578768,False,True,False,False,False
82.176373,660,1530.606905,False,True,False,False,False
65.865081,760,1531.906757,False,True,False,False,False
-27.230472,304,1532.368824,False,False,False,False,False
-28.361685,349,1532.907904,False,False,False,False,False
-22.468341,312,1533.384574,False,False,False,False,False
83.287073,664,1534.623341,False,True,False,False,False
-22.755652,336,1535.14419,False,False,False,False,False
43.014574,686,1536.202389,False,True,False,False,True
-25.23871,339,1536.726395,False,False,False,False,False
-27.235947,358,1547.149722,False,False,False,False,False
-27.752122,360,1547.705526,False,False,False,False,False
-23.0805,312,1548.181793,False,False,False,False,False
42.251404,663,1549.203414,False,True,False,False,True
49.66652,676,1550.451982,False,True,False,False,False
96.044905,764,1551.742374,False,True,False,False,False
52.962072,641,1552.777258,False,True,False,False,False
-27.471559,360,1553.359458,False,False,False,False,False
-36.303764,364,1553.924474,False,False,False,False,False
-23.699435,314,1554.462771,False,False,False,False,False
-23.902096,312,1554.962488,False,False,False,False,False
50.397671,683,1556.017012,False,True,False,False,False
52.297165,641,1557.198516,False,True,False,False,False
-22.252172,316,1557.682179,False,False,False,False,False
52.655959,632,1558.655628,False,True,False,False,False
98.574013,720,1559.766774,False,True,False,False,False
-27.421459,300,1560.225018,False,False,False,False,False
-25.379299,459,1560.993758,False,True,False,False,False
-27.228665,303,1561.456512,False,False,False,False,False
81.867328,679,1562.502324,False,True,False,False,False
46.043282,676,1563.743759,False,True,False,False,False
-27.269613,359,1564.302932,False,False,False,False,False
53.566336,656,1565.319962,False,True,False,False,False
-23.539837,339,1565.844369,False,False,False,False,False
51.977478,641,1566.832726,False,True,False,False,False
69.777373,646,1567.865936,False,True,False,False,False
53.268483,644,1568.866591,False,True,False,False,False
87.04457,752,1570.240513,False,True,False,False,False
67.915157,751,1571.406825,False,True,False,False,False
-21.574335,333,1571.917136,False,False,False,False,False
-22.237224,314,1572.396277,False,False,False,False,False
92.994941,713,1573.500448,False,True,False,False,False
-32.060245,290,1573.940801,False,False,False,False,False
-25.960708,306,1574.420451,False,False,False,False,False
-23.762403,312,1574.960352,False,False,False,False,False
52.455432,635,1575.957986,False,True,False,False,False
53.643538,655,1577.179127,False,True,False,False,False
-22.709012,314,1577.661289,False,False,False,False,False
-21.204832,333,1578.173277,False,False,False,False,False
59.297032,640,1579.152367,False,True,False,False,False
51.011899,728,1580.288721,False,True,False,False,False
84.905407,667,1581.367007,False,True,False,False,False
-26.977702,301,1581.825925,False,False,False,False,False
46.140796,689,1582.893782,False,True,False,False,False
-26.611924,304,1583.551667,False,False,False,False,False
-23.2857,315,1584.031595,False,False,False,False,False
49.643953,662,1585.054253,False,True,False,False,False
-24.152275,314,1585.535846,False,False,False,False,False
-22.220425,316,1586.018741,False,False,False,False,False
-23.348678,311,1586.4967,False,False,False,False,False
-22.413811,317,1587.033541,False,False,False,False,False
-23.500686,311,1587.568608,False,False,False,False,False
55.88684,739,1588.736748,False,True,False,False,False
-27.089696,373,1589.314983,False,False,False,False,False
52.070507,634,1590.491319,False,True,False,False,False
-23.36427,313,1590.969168,False,False,False,False,False
52.674748,663,1591.993715,False,True,False,False,False
51.966134,644,1592.979929,False,True,False,False,False
-26.744222,303,1593.439813,False,False,False,False,False
-24.147396,313,1593.9678,False,False,False,False,False
372.077099,696,1595.105264,True,True,True,False,False
-23.650801,341,1595.63109,False,False,False,False,False
-29.566717,371,1596.205365,False,False,False,False,False
-25.9761,304,1596.864687,False,False,False,False,False
-28.044115,359,1597.41876,False,False,False,False,False
-23.274935,312,1597.895625,False,False,False,False,False
-22.41925,318,1598.383011,False,False,False,False,False
96.569358,771,1599.579238,False,True,False,False,False
-22.077501,316,1600.071886,False,False,False,False,False
95.37443,742,1601.321854,False,True,False,False,False
41.483424,662,1602.333969,False,True,False,False,True
70.81008,663,1603.545833,False,True,False,False,False
-23.108022,335,1604.060138,False,False,False,False,False
-28.029059,358,1604.61406,False,False,False,False,False
-23.11483,338,1605.137522,False,False,False,False,False
49.44087,657,1606.157625,False,True,False,False,False
-27.089984,307,1606.625404,False,False,False,False,False
-27.54219,359,1607.200512,False,False,False,False,False
-22.854469,317,1607.722471,False,False,False,False,False
69.07035,660,1608.746512,False,True,False,False,False
98.891026,724,1610.070046,False,True,False,False,False
44.473308,681,1611.117287,False,True,False,False,True
74.593981,768,1612.315339,False,True,False,False,False
-25.577971,305,1612.780446,False,False,False,False,False
-27.341654,358,1613.350547,False,False,False,False,False
43.524875,685,1614.438412,False,True,False,False,True
52.251682,728,1615.576803,False,True,False,False,False
91.955118,692,1616.85646,False,True,False,False,False
-26.038005,306,1617.323473,False,False,False,False,False
-24.386176,344,1617.853755,False,False,False,False,False
-27.168007,360,1618.411522,False,False,False,False,False
51.852105,638,1619.391648,False,True,False,False,False
70.903864,648,1620.464032,False,True,False,False,False
94.401743,689,1621.63185,False,True,False,False,False
50.467515,686,1622.722181,False,True,False,False,False
-27.327039,302,1623.400467,False,False,False,False,False
-36.890708,362,1623.978096,False,False,False,False,False
-23.270818,333,1624.49848,False,False,False,False,False
65.221383,760,1625.711239,False,True,False,False,False
-22.13702,315,1626.207866,False,False,False,False,False
-27.115529,305,1626.741816,False,False,False,False,False
-23.005224,314,1627.267308,False,False,False,False,False
-26.162934,305,1627.749959,False,False,False,False,False
53.149747,669,1639.049815,False,True,False,False,False
94.50531,744,1640.446761,False,True,False,False,False
64.574933,643,1641.468602,False,True,False,False,False
69.309308,665,1642.60707,False,True,False,False,False
-31.408766,297,1643.116855,False,False,False,False,False
54.112922,657,1644.241756,False,True,False,False,False
-23.35817,315,1644.755665,False,False,False,False,False
78.173316,769,1645.97954,False,True,False,False,False
-25.971083,305,1646.449218,False,False,False,False,False
-23.482711,339,1647.168814,False,False,False,False,False
-27.748138,361,1647.738664,False,False,False,False,False
-35.167935,368,1648.344175,False,False,False,False,False
-27.384141,357,1648.988532,False,False,False,False,False
65.518075,743,1650.190659,False,True,False,False,False
53.316491,649,1651.198559,False,True,False,False,False
49.733374,686,1652.270224,False,True,False,False,False
52.843348,676,1653.308251,False,True,False,False,False
63.853948,743,1654.694461,False,True,False,False,False
-25.308175,302,1655.176975,False,False,False,False,False
-27.110958,306,1655.695545,False,False,False,False,False
-22.570535,317,1656.297337,False,False,False,False,False
-22.833167,338,1656.863037,False,False,False,False,False
-28.240677,359,1657.431367,False,False,False,False,False
-22.884109,314,1657.917786,False,False,False,False,False
-22.360552,314,1658.398514,False,False,False,False,False
-23.734055,340,1658.919352,False,False,False,False,False
-27.908926,359,1659.475799,False,False,False,False,False
-26.046821,301,1659.934199,False,False,False,False,False
-26.953832,361,1660.691888,False,False,False,False,False
-27.647139,371,1661.280254,False,False,False,False,False
-22.332086,319,1661.789495,False,False,False,False,False
-27.393609,359,1662.428716,False,False,False,False,False
-29.232236,373,1663.086287,False,False,False,False,False
66.150237,662,1664.72105,False,True,False,False,False
-26.919306,301,1665.177692,False,False,False,False,False
46.759467,685,1666.249874,False,True,False,False,False
-38.624409,273,1666.658091,False,False,False,False,False
-26.045737,305,1667.120208,False,False,False,False,False
-27.238074,359,1667.865501,False,False,False,False,False
62.089168,640,1668.85026,False,True,False,False,False
53.003261,652,1669.916698,False,True,False,False,False
-22.008742,318,1670.402999,False,False,False,False,False
53.342431,657,1671.409536,False,True,False,False,False
53.502548,643,1672.395204,False,True,False,False,False
-22.82785,315,1672.873128,False,False,False,False,False
-25.382125,304,1673.333398,False,False,False,False,False
-26.992475,371,1673.907082,False,False,False,False,False
-24.124707,476,1674.838338,False,True,False,False,False
52.147951,648,1675.893712,False,True,False,False,False
-37.760644,364,1676.582134,False,False,False,False,False
-25.763444,303,1677.085079,False,False,False,False,False
-22.704386,314,1677.579296,False,False,False,False,False
-27.253995,302,1678.045888,False,False,False,False,False
92.359957,701,1679.1318,False,True,False,False,False
73.226414,669,1680.160609,False,True,False,False,False
95.053054,769,1681.55493,False,True,False,False,False
-23.078317,319,1682.042089,False,False,False,False,False
-23.256557,343,1682.579201,False,False,False,False,False
-22.738521,314,1683.142428,False,False,False,False,False
69.12011,761,1684.481506,False,True,False,False,False
48.701754,666,1685.534881,False,True,False,False,False
-22.234353,319,1686.029509,False,False,False,False,False
-31.64762,291,1686.471906,False,False,False,False,False
-22.764213,316,1686.955119,False,False,False,False,False
-23.718818,317,1687.439384,False,False,False,False,False
49.71882,744,1688.793976,False,True,False,False,False
53.909177,652,1689.911814,False,True,False,False,False
-31.137164,296,1690.40962,False,False,False,False,False
-24.832756,306,1690.896011,False,False,False,False,False
52.84465,648,1691.912176,False,True,False,False,False
-27.91023,361,1692.478512,False,False,False,False,False
53.126753,641,1693.485476,False,True,False,False,False
54.830298,661,1694.722177,False,True,False,False,False
-35.464087,363,1695.304774,False,False,False,False,False
-27.447786,305,1695.784363,False,False,False,False,False
-69.213391,249,1696.172025,False,False,False,False,False
-34.960905,361,1696.737573,False,False,False,False,False
-23.78204,339,1697.275279,False,False,False,False,False
-27.825137,302,1697.841508,False,False,False,False,False
49.971891,660,1698.948416,False,True,False,False,False
52.294225,646,1699.957904,False,True,False,False,False
47.955904,725,1701.092556,False,True,False,False,False
-21.270016,587,1702.194401,False,True,False,False,False
57.907201,752,1703.412737,False,True,False,False,False
53.15738,671,1704.569683,False,True,False,False,False
-27.651359,302,1705.047952,False,False,False,False,False
-27.221522,359,1705.615684,False,False,False,False,False
77.001839,748,1706.794268,False,True,False,False,False
-26.999314,304,1707.256689,False,False,False,False,False
-27.293066,360,1707.813122,False,False,False,False,False
92.130467,747,1709.202091,False,True,False,False,False
-23.346214,311,1709.700902,False,False,False,False,False
88.552158,750,1711.067597,False,True,False,False,False
53.147481,659,1712.112187,False,True,False,False,False
-27.17206,361,1712.67457,False,False,False,False,False
96.139851,771,1713.871624,False,True,False,False,False
-26.455555,431,1714.607248,False,True,False,False,False
92.462773,699,1716.113117,False,True,False,False,False
53.39647,662,1717.304227,False,True,False,False,False
-23.788841,335,1717.84196,False,False,False,False,False
93.394586,769,1719.04327,False,True,False,False,False
97.800892,716,1720.151712,False,True,False,False,False
-23.516157,342,1720.678127,False,False,False,False,False
-27.212132,361,1721.236455,False,False,False,False,False
52.049242,635,1732.556201,False,True,False,False,False
52.970118,642,1733.57867,False,True,False,False,False
-23.384165,312,1734.066285,False,False,False,False,False
-22.303852,315,1734.556488,False,False,False,False,False
96.761145,721,1735.75253,False,True,False,False,False
48.232092,674,1736.956019,False,True,False,False,False
-26.741348,301,1737.45673,False,False,False,False,False
47.716586,678,1738.612189,False,True,False,False,False
-27.040049,360,1739.377546,False,False,False,False,False
65.420403,752,1740.59588,False,True,False,False,False
51.110255,687,1741.850412,False,True,False,False,False
52.944303,665,1742.900677,False,True,False,False,False
-27.563378,369,1743.474827,False,False,False,False,False
-22.107788,316,1743.958077,False,False,False,False,False
-28.029984,362,1744.517675,False,False,False,False,False
-27.615897,360,1745.076145,False,False,False,False,False
86.14229,683,1746.325792,False,True,False,False,False
-22.158779,315,1746.815341,False,False,False,False,False
94.625845,738,1748.108044,False,True,False,False,False
-22.101535,317,1748.615558,False,False,False,False,False
52.340558,644,1749.643088,False,True,False,False,False
-22.191722,315,1750.143554,False,False,False,False,False
-27.146425,302,1750.637051,False,False,False,False,False
-21.84592,332,1751.166407,False,False,False,False,False
-21.184702,337,1751.703751,False,False,False,False,False
-23.400123,335,1752.236063,False,False,False,False,False
89.333856,676,1753.523706,False,True,False,False,False
60.476123,742,1754.774553,False,True,False,False,False
97.529333,723,1756.030305,False,True,False,False,False
-36.489689,363,1756.60348,False,False,False,False,False
50.996877,723,1757.730679,False,True,False,False,False
-25.057385,344,1758.259176,False,False,False,False,False
82.372638,771,1759.651227,False,True,False,False,False
-26.985439,303,1760.127445,False,False,False,False,False
94.600997,743,1761.345684,False,True,False,False,False
-23.821674,313,1761.957987,False,False,False,False,False
91.297431,686,1763.083219,False,True,False,False,False
48.195596,713,1764.19272,False,True,False,False,False
60.959375,742,1765.340932,False,True,False,False,False
90.097567,696,1766.605776,False,True,False,False,False
52.773944,669,1767.650107,False,True,False,False,False
46.576178,700,1768.847875,False,True,False,False,False
99.697487,733,1770.370181,False,True,False,False,False
-22.245026,314,1770.949396,False,False,False,False,False
-23.974036,344,1771.528591,False,False,False,False,False
-23.955489,340,1772.081411,False,False,False,False,False
-27.507947,361,1772.725088,False,False,False,False,False
51.913297,637,1774.004144,False,True,False,False,False
86.290313,684,1775.142496,False,True,False,False,False
-22.213473,315,1775.725736,False,False,False,False,False
-27.948954,360,1776.378294,False,False,False,False,False
-36.976375,363,1776.992414,False,False,False,False,False
69.290398,742,1778.185129,False,True,False,False,False
92.749168,709,1779.45644,False,True,False,False,False
-27.270163,358,1780.069354,False,False,False,False,False
51.16813,707,1781.455116,False,True,False,False,False
50.364613,683,1782.556231,False,True,False,False,False
-27.325349,378,1783.243685,False,False,False,False,False
-36.084322,363,1783.881147,False,False,False,False,False
-27.190278,362,1784.466427,False,False,False,False,False
68.517528,645,1785.512346,False,True,False,False,False
48.392278,703,1786.644935,False,True,False,False,False
79.904287,677,1787.935571,False,True,False,False,False
89.072795,690,1789.086327,False,True,False,False,False
99.575629,744,1790.459184,False,True,False,False,False
-25.84007,306,1791.001896,False,False,False,False,False
-21.256154,333,1791.545979,False,False,False,False,False
-23.523357,341,1792.087578,False,False,False,False,False
-23.098548,341,1792.620974,False,False,False,False,False
53.788905,654,1793.664358,False,True,False,False,False
-21.769567,330,1794.192246,False,False,False,False,False
50.599388,742,1795.632923,False,True,False,False,False
46.857609,724,1796.903872,False,True,False,False,False
52.676405,636,1798.049062,False,True,False,False,False
-23.440192,315,1798.551594,False,False,False,False,False
-23.511761,313,1799.044496,False,False,False,False,False
-32.131134,289,1799.491751,False,False,False,False,False
-27.378241,365,1800.093002,False,False,False,False,False
58.448058,638,1801.131097,False,True,False,False,False
-24.318863,343,1801.691717,False,False,False,False,False
63.560087,741,1803.127119,False,True,False,False,False
47.862307,697,1804.37075,False,True,False,False,False
-27.787303,358,1805.001175,False,False,False,False,False
-27.249559,360,1805.618631,False,False,False,False,False
-25.147348,305,1806.109052,False,False,False,False,False
-22.926017,338,1806.652047,False,False,False,False,False
-24.157088,341,1807.199469,False,False,False,False,False
51.774821,673,1808.277779,False,True,False,False,False
52.483045,631,1809.53421,False,True,False,False,False
52.177567,644,1810.685969,False,True,False,False,False
48.037873,711,1811.901377,False,True,False,False,False
53.159818,656,1813.056017,False,True,False,False,False
60.622975,759,1814.339471,False,True,False,False,False
-22.09435,317,1814.8434,False,False,False,False,False
-22.473458,312,1815.340293,False,False,False,False,False
-23.907477,343,1815.889613,False,False,False,False,False
-28.753537,362,1816.730445,False,False,False,False,False
67.430177,646,1828.388256,False,True,False,False,False
-23.903692,342,1828.953264,False,False,False,False,False
-22.846733,315,1829.458201,False,False,False,False,False
77.606077,655,1830.519738,False,True,False,False,False
98.006782,704,1831.713674,False,True,False,False,False
51.524477,632,1832.956955,False,True,False,False,False
-22.307486,316,1833.512612,False,False,False,False,False
