#{"t_start": 1784893584.981098, "env_id": "None"}
r,l,t
12.327028,250,0.602269
12.327028,250,0.686933
12.876169,259,0.775225
15.597335,307,0.961484
14.291304,283,1.057039
12.512201,253,1.140958
118.102002,363,1.264319
12.327028,250,1.397181
13.121542,263,1.485299
12.436382,252,1.569064
12.688759,256,1.653806
12.327028,250,1.78489
12.436382,252,1.868681
12.327028,250,1.952583
12.327028,250,2.036438
12.327028,250,2.168741
12.688759,256,2.254455
12.512201,253,2.338928
12.436382,252,2.422837
13.423735,268,2.559978
13.423735,268,2.649752
12.327028,250,2.733229
12.327028,250,2.816016
15.597335,307,2.969201
12.688759,256,3.055398
12.327028,250,3.139086
12.436382,252,3.222943
12.327028,250,3.353226
12.327028,250,3.43714
12.512201,253,3.521578
12.512201,253,3.605721
12.436382,252,3.737616
12.327028,250,3.837359
12.688759,256,3.923024
12.436382,252,4.007025
12.512201,253,4.139198
12.327028,250,4.222635
12.876169,259,4.308748
12.327028,250,4.391822
12.327028,250,4.523324
14.895791,294,4.622877
12.512201,253,4.708512
12.327028,250,4.792423
12.688759,256,4.925564
12.436382,252,5.010232
12.327028,250,5.093874
12.688759,256,5.179566
12.876169,259,5.313667
12.876169,259,5.400498
12.436382,252,5.485106
12.327028,250,5.568454
12.327028,250,5.700101
12.688759,256,5.785705
12.876169,259,5.871444
12.512201,253,5.971734
12.512201,253,6.104925
12.512201,253,6.189769
12.436382,252,6.274537
12.327028,250,6.358576
16.347271,321,6.517481
12.876169,259,6.603945
12.436382,252,6.68874
12.512201,253,6.773938
12.688759,256,6.9068
12.436382,252,6.99126
12.327028,250,7.075505
12.327028,250,7.162157
12.512201,253,7.340996
12.436382,252,7.431577
12.436382,252,7.522469
14.895791,294,7.640528
12.512201,253,7.773824
12.436382,252,7.859296
12.436382,252,7.943844
12.327028,250,8.02807
12.512201,253,8.160667
12.512201,253,8.245887
13.829474,275,9.237391
12.688759,256,9.323612
12.436382,252,9.455307
13.829474,275,9.548403
12.327028,250,9.632036
12.327028,250,9.716836
12.876169,259,9.856042
12.327028,250,9.96055
12.512201,253,10.06357
12.327028,250,10.155186
12.512201,253,10.28801
12.436382,252,10.373139
12.327028,250,10.457928
12.436382,252,10.54352
12.327028,250,10.675121
12.327028,250,10.759329
12.327028,250,10.843419
12.436382,252,10.927693
13.121542,263,11.063536
13.423735,268,11.153974
12.436382,252,11.237731
12.512201,253,11.322877
15.597335,307,11.474948
12.327028,250,11.558563
12.327028,250,11.64265
12.436382,252,11.727244
12.327028,250,11.877426
12.327028,250,11.961335
12.327028,250,12.045725
12.327028,250,12.129829
13.121542,263,12.265336
12.436382,252,12.350127
15.597335,307,12.454275
12.436382,252,12.538937
12.512201,253,12.678855
12.327028,250,12.768572
12.327028,250,12.862545
16.347271,321,13.036447
12.688759,256,13.124217
12.876169,259,13.214625
14.291304,283,13.330713
12.436382,252,13.465637
12.688759,256,13.5529
12.876169,259,13.639735
12.327028,250,13.72406
12.327028,250,13.856392
12.327028,250,13.946299
17.924732,350,14.076961
12.876169,259,14.165617
12.327028,250,14.318623
12.876169,259,14.407429
13.121542,263,14.497219
17.978004,259,14.590438
18.420991,358,14.773153
12.327028,250,14.858845
15.597335,307,14.985386
12.327028,250,15.118859
14.895791,294,15.220844
12.512201,253,15.307714
18.760608,361,15.432734
13.423735,268,15.573886
12.876169,259,15.661923
12.327028,250,15.745735
13.788071,254,15.831604
12.512201,253,15.967566
12.688759,256,16.066435
14.895791,294,16.17327
13.423735,268,16.271033
12.327028,250,16.405846
16.003361,298,16.525789
13.829474,275,16.620513
17.924732,350,16.790432
12.876169,259,16.878791
12.327028,250,16.963849
17.978004,259,17.051498
15.597335,307,18.076944
13.829474,275,18.170475
13.423735,268,18.261538
12.436382,252,18.346632
16.003361,298,18.495391
18.40536,352,18.617034
13.121542,263,18.705278
18.420991,358,18.87711
18.40536,352,19.013419
118.102002,363,19.139156
17.924732,350,19.307871
17.924732,350,19.42896
17.15267,336,19.544146
13.829474,275,19.686589
14.291304,283,19.78325
17.15267,336,19.898898
12.436382,252,19.983719
17.924732,350,20.152797
13.527738,251,20.238315
13.829474,275,20.331312
12.512201,253,20.464848
15.597335,307,20.570322
16.347271,321,20.680439
17.924732,350,20.854659
18.420991,358,20.994882
15.361798,280,21.125618
17.15267,336,21.293631
16.347271,321,21.404831
12.436382,252,21.49122
12.436382,252,21.577308
118.102002,363,21.749324
12.327028,250,21.834306
9.289195,267,21.92548
13.04456,250,22.012321
9.289195,267,22.150834
13.380683,250,22.2359
13.788071,254,22.322173
16.915316,318,22.431351
18.760608,361,22.60826
15.597335,307,22.718682
16.347271,321,22.866193
13.129647,262,23.003014
118.102002,363,23.130545
15.597335,307,23.235993
13.829474,275,23.37748
14.895791,294,23.478284
14.291304,283,23.574964
18.760608,361,23.746259
9.289195,267,23.838063
12.436382,252,23.923609
16.915316,318,24.032898
17.15267,336,24.196446
12.436382,252,24.281564
12.876169,259,24.369311
118.102002,363,24.542348
13.423735,268,24.633901
15.361798,280,24.730181
14.291304,283,24.827229
18.420991,358,24.997969
18.760608,361,25.140137
15.597335,307,25.244849
12.327028,250,25.383073
14.291304,283,25.485056
14.895791,294,25.5908
13.527738,251,25.69096
14.895791,294,25.839078
12.327028,250,25.925603
18.420991,358,26.957606
13.527738,251,27.091064
12.327028,250,27.17672
12.436382,252,27.264035
9.289195,267,27.35552
12.876169,259,27.490687
13.423735,268,27.586318
17.15267,336,27.708957
17.978004,259,27.8034
17.924732,350,28.004456
14.895791,294,28.105376
13.829474,275,28.200468
17.924732,350,28.369719
12.436382,252,28.471999
17.924732,350,28.594156
12.688759,256,28.680381
12.436382,252,28.813275
18.760608,361,28.938101
17.15267,336,29.054069
18.420991,358,29.226011
18.760608,361,29.35152
13.380683,250,29.435697
14.291304,283,29.580675
15.597335,307,29.687799
17.15267,336,29.804577
16.915316,318,29.960966
12.876169,259,30.049198
14.291304,283,30.145666
17.755907,337,30.261031
18.760608,361,30.433963
16.347271,321,30.544588
118.102002,363,30.670199
18.760608,361,30.842252
118.102002,363,30.982196
12.688759,256,31.069113
118.102002,363,31.251953
15.597335,307,31.362374
16.915316,318,31.484974
17.15267,336,31.652989
14.895791,294,31.753959
17.924732,350,31.87694
9.289195,267,32.016107
14.291304,283,32.113207
13.253725,266,32.204479
16.915316,318,32.313944
18.40536,352,32.483896
17.924732,350,32.621595
17.924732,350,32.743914
16.347271,321,32.905629
17.755907,337,33.028485
12.688759,256,33.121425
14.895791,294,33.289662
14.895791,294,33.390759
18.760608,361,33.516544
14.895791,294,33.66505
12.688759,256,33.752415
13.121542,263,33.841687
18.420991,358,33.966433
12.512201,253,34.100162
17.755907,337,34.216732
13.121542,263,34.306624
16.347271,321,34.481249
15.597335,307,34.587654
12.876169,259,34.675765
9.289195,267,34.767475
17.924732,350,35.884484
15.361798,280,35.98213
13.423735,268,36.073877
17.924732,350,36.24371
17.924732,350,36.367019
14.895791,294,36.467404
118.102002,363,36.670682
17.15267,336,36.796738
17.755907,337,36.919734
17.924732,350,37.098791
18.760608,361,37.225122
12.512201,253,37.311842
18.420991,358,37.483631
18.40536,352,37.606393
17.924732,350,37.729426
17.755907,337,37.894294
18.760608,361,38.019014
18.420991,358,38.142656
18.760608,361,38.315482
9.289195,267,38.406975
17.924732,350,38.543168
18.760608,361,38.715739
17.15267,336,38.831884
17.924732,350,38.953328
18.40536,352,39.122205
118.102002,363,39.248516
17.755907,337,39.364396
17.15267,336,39.528268
18.760608,361,39.653294
14.895791,294,39.754432
17.15267,336,39.940477
18.420991,358,40.076134
118.102002,363,40.210253
16.347271,321,40.390069
17.755907,337,40.506341
14.291304,283,40.603123
16.347271,321,40.713458
13.04456,250,40.845709
14.895791,294,40.946326
18.40536,352,41.067361
17.755907,337,41.231258
18.760608,361,41.359616
15.597335,307,41.48217
118.102002,363,41.674373
17.924732,350,41.797832
16.347271,321,41.908246
15.597335,307,42.077593
118.102002,363,42.203406
14.895791,294,42.303941
18.40536,352,42.472488
18.760608,361,42.597514
9.289195,267,42.689003
16.003361,298,42.837343
114.101423,267,42.928547
17.924732,350,43.050025
15.361798,280,43.144921
18.420991,358,43.321905
13.829474,275,43.421347
18.420991,358,43.558571
118.102002,363,43.739655
18.760608,361,43.880099
16.915316,318,44.867382
118.102002,363,45.04033
16.915316,318,45.150077
12.688759,256,45.236887
12.436382,252,45.369578
13.423735,268,45.461379
17.924732,350,45.582981
17.755907,337,45.698804
18.760608,361,45.877437
16.003361,298,45.98378
18.40536,352,46.112833
12.327028,250,46.246562
118.102002,363,46.372152
17.924732,350,46.495084
18.40536,352,46.663961
18.40536,352,46.785074
18.420991,358,46.909421
18.760608,361,47.082067
118.102002,363,47.207545
9.289195,267,47.298691
13.121542,263,47.43498
15.361798,280,47.529936
118.102002,363,47.655503
18.420991,358,47.826881
18.40536,352,47.94846
16.915316,318,48.057342
118.102002,363,48.230639
118.102002,363,48.371081
16.915316,318,48.480202
18.760608,361,48.653455
18.760608,361,48.789045
17.15267,336,48.926648
18.40536,352,49.14041
17.755907,337,49.258768
17.755907,337,49.374738
18.760608,361,49.549001
18.40536,352,49.670941
18.420991,358,49.795339
16.915316,318,49.952788
14.895791,294,50.054305
118.102002,363,50.179546
18.40536,352,50.348629
18.420991,358,50.472458
16.347271,321,50.582842
17.924732,350,50.758763
118.102002,363,50.890274
17.755907,337,51.023118
18.420991,358,51.195504
14.895791,294,51.296959
17.755907,337,51.412752
18.760608,361,51.5843
18.420991,358,51.723396
17.978004,259,51.811314
16.915316,318,51.968331
9.289195,267,52.060265
18.760608,361,52.185004
17.924732,350,52.35427
17.755907,337,52.471868
16.003361,298,52.575944
18.40536,352,52.746601
16.003361,298,53.75118
18.760608,361,53.876783
18.760608,361,54.049993
17.924732,350,54.171987
16.347271,321,54.282519
16.915316,318,54.391556
17.924732,350,54.560863
13.121542,263,54.650791
17.755907,337,54.767534
17.15267,336,54.931077
17.15267,336,55.047051
118.102002,363,55.188968
16.347271,321,55.347274
18.760608,361,55.472672
17.924732,350,55.596474
18.40536,352,55.765583
16.003361,298,55.868039
118.102002,363,55.994924
17.924732,350,56.173164
16.347271,321,56.300949
16.915316,318,56.416881
114.101423,267,56.558358
16.915316,318,56.667984
17.15267,336,56.786382
18.420991,358,56.961171
17.924732,350,57.084226
118.102002,363,57.211509
118.102002,363,57.387779
18.420991,358,57.514524
18.40536,352,57.637541
18.40536,352,57.819001
18.760608,361,57.953775
18.420991,358,58.10163
16.915316,318,58.26164
118.102002,363,58.38966
17.755907,337,58.506832
17.924732,350,58.679289
17.755907,337,58.796578
18.40536,352,58.919036
16.347271,321,59.078366
16.347271,321,59.189338
18.40536,352,59.310747
18.40536,352,59.48997
16.347271,321,59.607262
12.512201,253,59.711998
18.40536,352,59.882208
118.102002,363,60.00907
17.755907,337,60.124656
17.755907,337,60.288324
18.760608,361,60.414321
18.760608,361,60.541904
15.597335,307,60.697182
17.924732,350,60.820461
17.15267,336,60.938174
16.347271,321,61.098708
17.15267,336,61.216851
16.003361,298,61.319638
12.327028,250,61.460035
118.102002,363,61.611327
18.420991,358,62.660198
17.755907,337,62.826887
114.101423,267,62.921732
18.40536,352,63.044184
18.760608,361,63.219592
18.420991,358,63.352522
16.915316,318,63.466304
16.915316,318,63.575196
118.102002,363,63.746695
18.760608,361,63.870925
16.003361,298,63.972563
17.755907,337,64.13705
18.40536,352,64.258863
118.102002,363,64.432944
118.102002,363,64.559575
114.101423,267,64.650872
118.102002,363,64.777975
13.829474,275,64.920007
18.760608,361,65.045122
118.102002,363,65.171535
114.101423,267,65.317726
118.102002,363,65.452335
18.420991,358,65.615773
18.40536,352,65.785184
17.755907,337,65.90246
14.895791,294,66.002662
16.347271,321,66.1599
18.420991,358,66.283086
17.978004,259,66.370558
17.755907,337,66.535595
18.420991,358,66.661445
17.978004,259,66.752867
9.289195,267,66.845054
17.978004,259,66.981678
9.289195,267,67.073256
15.361798,280,67.169613
18.420991,358,67.347799
114.101423,267,67.444833
16.347271,321,67.562126
18.420991,358,67.747459
17.924732,350,67.869625
9.289195,267,67.961935
114.101423,267,68.054515
15.597335,307,68.208821
13.788071,254,68.295089
15.361798,280,68.390576
18.760608,361,68.565008
18.40536,352,68.687687
17.755907,337,68.805099
17.755907,337,68.970329
16.915316,318,69.081873
15.597335,307,69.188247
17.15267,336,69.353297
18.420991,358,69.478832
13.226417,249,69.563588
15.361798,280,69.658359
118.102002,363,69.833734
114.101423,267,69.928539
18.760608,361,70.059021
16.915316,318,70.281177
16.003361,298,70.387572
18.40536,352,70.509183
118.102002,363,70.684621
15.597335,307,71.666708
118.102002,363,71.792997
16.347271,321,71.950943
18.40536,352,72.072834
118.102002,363,72.199329
15.597335,307,72.370474
18.40536,352,72.492265
16.915316,318,72.601775
17.924732,350,72.78072
118.102002,363,72.919507
18.760608,361,73.102488
17.15267,336,73.294528
18.40536,352,73.417458
118.102002,363,73.544552
12.934864,250,73.679593
17.15267,336,73.797002
14.895791,294,73.898668
9.289195,267,73.992473
18.760608,361,74.164531
16.347271,321,74.275658
18.40536,352,74.397436
118.102002,363,74.588839
18.420991,358,74.738311
118.102002,363,74.929945
14.291304,283,75.028222
18.420991,358,75.154691
17.15267,336,75.272048
15.597335,307,75.424691
18.760608,361,75.54937
18.760608,361,75.721104
118.102002,363,75.846935
16.915316,318,75.956081
118.102002,363,76.128184
18.420991,358,76.252077
18.760608,361,76.375631
118.102002,363,76.548498
13.423735,268,76.63968
18.40536,352,76.760435
18.40536,352,76.930975
17.924732,350,77.059731
18.40536,352,77.190497
118.102002,363,77.381868
16.915316,318,77.490714
17.755907,337,77.606769
18.420991,358,77.777607
14.895791,294,77.878209
18.40536,352,77.99881
16.003361,298,78.099586
18.40536,352,78.267723
18.760608,361,78.391355
17.978004,259,78.478607
18.420991,358,78.65046
18.40536,352,78.777449
18.420991,358,78.907402
15.361798,280,79.060237
18.420991,358,79.184738
17.924732,350,79.318626
17.978004,259,79.459412
9.289195,267,79.550011
15.361798,280,79.645336
17.978004,259,80.622365
118.102002,363,80.799363
18.420991,358,80.926868
15.361798,280,81.022066
13.121542,263,81.161512
18.760608,361,81.286152
17.15267,336,81.404069
9.289195,267,81.556143
18.40536,352,81.702311
17.755907,337,81.823912
18.40536,352,81.994595
17.755907,337,82.126969
16.347271,321,82.237328
16.915316,318,82.39449
118.102002,363,82.520099
16.003361,298,82.621451
17.924732,350,82.791276
16.003361,298,82.893443
18.40536,352,83.014723
114.101423,267,83.152526
18.760608,361,83.277693
15.597335,307,83.382965
16.347271,321,83.493663
16.347271,321,83.652548
18.420991,358,83.77667
18.40536,352,83.897916
18.40536,352,84.066523
18.420991,358,84.190822
18.40536,352,84.362582
13.121542,263,84.457106
114.101423,267,84.554178
16.003361,298,84.679533
17.924732,350,84.852347
17.15267,336,84.969112
16.915316,318,85.080439
16.915316,318,85.237956
15.597335,307,85.343895
18.760608,361,85.467825
17.924732,350,85.637057
18.40536,352,85.758663
18.40536,352,85.879897
17.755907,337,86.059663
18.40536,352,86.180948
118.102002,363,86.306241
17.755907,337,86.468182
18.40536,352,86.590062
16.347271,321,86.700434
118.102002,363,86.873041
118.102002,363,86.999547
16.003361,298,87.100421
17.15267,336,87.264357
17.924732,350,87.38571
18.420991,358,87.509374
16.915316,318,87.671422
18.760608,361,87.801197
118.102002,363,87.933946
16.347271,321,88.094496
16.915316,318,88.203993
16.915316,318,88.313915
16.915316,318,88.470237
18.40536,352,89.467463
16.003361,298,89.56972
17.755907,337,89.733127
18.420991,358,89.858734
118.102002,363,89.983909
14.895791,294,90.131265
16.915316,318,90.241043
17.755907,337,90.357096
14.895791,294,90.457648
118.102002,363,90.648107
16.003361,298,90.749666
17.755907,337,90.864964
18.760608,361,91.037196
18.40536,352,91.158289
16.003361,298,91.259835
118.102002,363,91.432609
18.760608,361,91.556763
16.003361,298,91.657877
17.978004,259,91.792578
118.102002,363,91.918047
18.40536,352,92.038824
17.755907,337,92.20195
18.40536,352,92.323219
18.40536,352,92.443934
16.347271,321,92.602108
16.003361,298,92.70357
18.40536,352,92.824471
18.420991,358,92.998907
118.102002,363,93.137514
17.924732,350,93.274783
18.420991,358,93.453309
17.924732,350,93.575173
18.420991,358,93.699926
16.915316,318,93.856991
13.423735,268,93.948066
16.003361,298,94.048982
14.291304,283,94.19316
18.40536,352,94.314765
18.420991,358,94.438463
118.102002,363,94.632474
17.755907,337,94.754054
18.40536,352,94.888335
16.915316,318,95.06044
14.895791,294,95.166326
18.760608,361,95.293489
18.40536,352,95.464409
17.924732,350,95.586109
17.755907,337,95.701496
12.436382,252,95.834519
18.420991,358,95.961624
17.924732,350,96.083852
18.760608,361,96.254792
17.15267,336,96.371977
18.420991,358,96.495981
18.760608,361,96.666867
17.924732,350,96.789006
18.760608,361,96.913376
17.15267,336,97.076251
14.895791,294,97.176895
118.102002,363,97.302406
18.40536,352,98.345353
14.291304,283,98.442322
17.924732,350,98.564543
14.895791,294,98.665119
16.347271,321,98.839785
14.291304,283,98.942719
118.102002,363,99.068798
17.924732,350,99.238019
17.755907,337,99.35375
18.760608,361,99.477709
16.915316,318,99.65094
18.420991,358,99.789828
15.597335,307,99.906492
18.420991,358,100.096259
17.924732,350,100.21933
17.15267,336,100.338169
118.102002,363,100.513455
18.40536,352,100.636251
17.924732,350,100.758606
17.924732,350,100.947605
18.420991,358,101.072636
14.895791,294,101.174002
9.289195,267,101.315339
16.347271,321,101.426149
16.003361,298,101.527521
16.347271,321,101.685414
18.420991,358,101.809263
18.420991,358,101.93369
18.760608,361,102.114912
18.420991,358,102.256402
13.829474,275,102.364277
18.420991,358,102.547836
118.102002,363,102.674494
16.915316,318,102.784459
18.40536,352,102.953411
17.755907,337,103.069415
18.420991,358,103.194499
18.760608,361,103.369405
17.924732,350,103.491518
118.102002,363,103.6176
118.102002,363,103.791304
16.915316,318,103.901319
18.40536,352,104.024131
18.40536,352,104.211594
118.102002,363,104.337464
15.361798,280,104.43258
118.102002,363,104.606242
118.102002,363,104.732964
14.895791,294,104.833431
17.15267,336,105.00428
12.876169,259,105.098312
16.347271,321,105.230356
118.102002,363,105.418014
18.760608,361,105.544141
17.924732,350,105.667247
18.40536,352,105.837732
18.420991,358,105.961941
18.420991,358,106.085803
118.102002,363,106.259414
18.760608,361,107.383662
114.101423,267,107.474551
13.829474,275,107.630626
18.40536,352,107.753273
14.895791,294,107.85357
17.15267,336,108.016385
14.895791,294,108.116925
18.40536,352,108.23852
17.755907,337,108.401568
17.924732,350,108.523144
18.420991,358,108.647162
18.40536,352,108.815477
118.102002,363,108.940966
18.420991,358,109.064431
16.915316,318,109.22146
17.15267,336,109.337787
18.760608,361,109.461824
18.420991,358,109.633256
118.102002,363,109.760511
18.40536,352,109.881634
17.924732,350,110.051455
18.40536,352,110.172716
118.102002,363,110.300056
18.760608,361,110.472476
12.327028,250,110.557292
18.40536,352,110.67817
18.40536,352,110.851324
18.40536,352,110.99575
17.924732,350,111.127149
16.003361,298,111.279638
17.15267,336,111.398952
15.361798,280,111.494407
118.102002,363,111.667372
18.40536,352,111.788905
16.003361,298,111.906028
15.361798,280,112.001352
18.760608,361,112.173542
118.102002,363,112.299292
16.915316,318,112.408581
12.512201,253,112.542425
12.327028,250,112.627762
18.760608,361,112.751925
16.915316,318,112.91439
15.361798,280,113.014672
16.003361,298,113.123208
16.347271,321,113.301215
118.102002,363,113.427243
17.755907,337,113.54398
18.760608,361,113.71651
17.15267,336,113.832971
18.40536,352,113.954289
17.755907,337,114.118622
12.436382,252,114.204485
118.102002,363,114.33004
12.688759,256,114.416765
18.760608,361,114.595049
17.924732,350,114.722864
114.101423,267,114.825625
118.102002,363,115.006362
118.102002,363,115.1325
18.40536,352,115.253776
18.40536,352,116.313156
17.755907,337,116.429953
18.760608,361,116.555124
17.755907,337,116.728299
17.755907,337,116.852076
18.760608,361,116.999559
16.915316,318,117.156208
16.347271,321,117.268608
18.760608,361,117.393493
18.420991,358,117.564871
16.915316,318,117.674405
18.420991,358,117.799167
17.924732,350,117.96853
118.102002,363,118.093968
18.40536,352,118.21816
18.420991,358,118.400174
18.40536,352,118.530688
18.420991,358,118.703285
17.924732,350,118.85462
18.420991,358,118.984021
15.597335,307,119.138413
18.40536,352,119.262484
118.102002,363,119.389424
118.102002,363,119.564144
118.102002,363,119.693037
17.15267,336,119.810604
17.15267,336,119.974791
17.15267,336,120.093977
17.15267,336,120.217154
18.760608,361,120.408627
118.102002,363,120.543508
15.597335,307,120.650419
15.597335,307,120.807152
118.102002,363,120.952428
16.915316,318,121.06252
18.760608,361,121.235486
17.15267,336,121.353275
18.420991,358,121.47861
16.915316,318,121.637388
18.420991,358,121.763049
118.102002,363,121.889351
118.102002,363,122.062175
18.420991,358,122.191223
18.760608,361,122.32476
18.420991,358,122.511342
16.347271,321,122.625096
18.420991,358,122.749984
114.101423,267,122.888262
17.15267,336,123.005825
18.760608,361,123.131073
17.15267,336,123.297041
17.924732,350,123.419301
18.420991,358,123.546375
18.40536,352,123.723978
17.755907,337,123.840765
18.40536,352,123.962546
18.760608,361,124.154122
17.924732,350,125.449445
18.420991,358,125.576109
16.347271,321,125.735351
118.102002,363,125.862027
17.15267,336,125.980062
118.102002,363,126.154738
18.420991,358,126.280217
18.420991,358,126.406316
18.40536,352,126.576979
118.102002,363,126.703754
118.102002,363,126.841536
17.924732,350,127.016119
18.40536,352,127.13847
18.40536,352,127.26079
18.420991,358,127.432808
18.420991,358,127.558505
18.760608,361,127.735297
17.924732,350,127.866639
18.760608,361,128.005222
17.15267,336,128.178384
16.347271,321,128.290706
18.420991,358,128.416864
18.420991,358,128.589529
14.291304,283,128.686604
118.102002,363,128.813226
15.597335,307,128.918557
18.760608,361,129.108413
18.40536,352,129.229815
17.15267,336,129.392914
16.347271,321,129.504477
18.420991,358,129.628867
17.755907,337,129.746567
17.755907,337,129.920539
118.102002,363,130.053854
16.915316,318,130.187172
18.760608,361,130.364922
17.924732,350,130.486601
16.915316,318,130.597154
17.15267,336,130.762305
16.915316,318,130.872211
18.40536,352,130.993952
18.760608,361,131.166917
18.40536,352,131.288394
18.40536,352,131.457768
18.420991,358,131.582236
18.40536,352,131.703474
118.102002,363,131.876777
17.755907,337,131.993489
17.15267,336,132.109627
16.915316,318,132.26584
118.102002,363,132.392365
16.347271,321,132.502933
18.760608,361,132.674906
17.924732,350,132.797017
16.915316,318,132.906304
18.420991,358,133.095105
16.347271,321,133.205985
18.420991,358,133.330058
17.15267,336,134.751549
16.347271,321,134.863269
18.420991,358,134.989215
17.15267,336,135.154516
18.760608,361,135.279919
18.420991,358,135.404703
118.102002,363,135.580026
118.102002,363,135.707083
17.15267,336,135.823945
18.420991,358,135.997902
17.924732,350,136.120453
18.420991,358,136.24439
17.924732,350,136.414439
118.102002,363,136.540342
18.40536,352,136.661721
118.102002,363,136.83571
118.102002,363,136.961756
17.924732,350,137.083419
17.924732,350,137.25294
18.40536,352,137.374689
118.102002,363,137.500284
14.895791,294,137.649265
18.760608,361,137.788882
118.102002,363,137.914243
118.102002,363,138.126606
18.420991,358,138.263797
18.760608,361,138.395825
18.760608,361,138.568445
18.420991,358,138.694021
18.420991,358,138.865333
12.688759,256,138.952869
118.102002,363,139.078661
118.102002,363,139.251493
17.924732,350,139.37383
18.40536,352,139.495038
118.102002,363,139.673117
17.924732,350,139.808424
18.760608,361,139.950179
18.760608,361,140.128258
17.924732,350,140.250118
18.420991,358,140.375729
17.924732,350,140.546164
17.924732,350,140.669288
15.361798,280,140.765358
18.420991,358,140.955231
18.40536,352,141.0774
18.760608,361,141.20196
18.420991,358,141.379375
118.102002,363,141.51292
17.924732,350,141.650705
18.420991,358,141.826652
16.915316,318,141.937646
18.420991,358,142.062241
118.102002,363,142.234545
18.760608,361,142.359409
17.924732,350,142.480796
17.15267,336,142.643839
118.102002,363,143.961724
18.40536,352,144.084491
118.102002,363,144.258119
18.420991,358,144.383301
18.760608,361,144.50866
118.102002,363,144.684623
18.760608,361,144.811288
17.15267,336,144.99561
18.760608,361,145.123075
18.760608,361,145.248559
118.102002,363,145.423596
118.102002,363,145.550085
118.102002,363,145.676622
16.347271,321,145.843025
18.420991,358,145.97576
18.760608,361,146.110312
118.102002,363,146.286887
16.347271,321,146.398532
118.102002,363,146.525226
18.420991,358,146.699515
17.924732,350,146.821812
118.102002,363,146.947984
17.924732,350,147.118962
18.760608,361,147.258579
118.102002,363,147.385035
17.924732,350,147.555394
17.924732,350,147.677337
18.420991,358,147.802292
18.760608,361,147.975819
18.760608,361,148.104373
18.420991,358,148.306048
18.40536,352,148.436264
17.15267,336,148.554057
118.102002,363,148.742417
118.102002,363,148.8697
118.102002,363,148.995684
18.420991,358,149.168109
118.102002,363,149.29433
18.760608,361,149.418834
18.420991,358,149.591588
18.40536,352,149.714951
118.102002,363,149.840843
18.420991,358,150.014285
18.760608,361,150.139617
18.760608,361,150.280327
18.760608,361,150.455218
17.755907,337,150.576419
118.102002,363,150.711446
16.915316,318,150.904693
18.420991,358,151.030648
18.760608,361,151.156262
18.760608,361,151.330434
118.102002,363,151.455834
18.420991,358,151.627182
18.420991,358,151.751736
18.760608,361,151.877565
18.760608,361,153.255904
18.760608,361,153.398979
18.760608,361,153.525411
18.420991,358,153.69853
17.924732,350,153.821574
118.102002,363,153.947946
118.102002,363,154.124047
18.760608,361,154.249938
18.760608,361,154.375271
18.760608,361,154.549384
14.291304,283,154.646809
18.760608,361,154.772949
18.420991,358,154.945347
18.420991,358,155.070879
17.924732,350,155.196662
118.102002,363,155.370265
17.924732,350,155.493658
17.15267,336,155.610606
118.102002,363,155.785978
18.760608,361,155.911624
118.102002,363,156.038795
118.102002,363,156.216471
118.102002,363,156.353156
118.102002,363,156.569764
18.760608,361,156.70105
18.420991,358,156.825034
17.755907,337,156.991155
118.102002,363,157.117369
118.102002,363,157.242708
118.102002,363,157.418959
18.760608,361,157.543765
18.760608,361,157.668395
18.760608,361,157.841129
18.760608,361,157.965501
118.102002,363,158.090644
18.420991,358,158.270249
18.420991,358,158.401869
18.420991,358,158.54796
18.420991,358,158.722283
118.102002,363,158.849777
118.102002,363,159.022387
118.102002,363,159.14845
118.102002,363,159.274923
118.102002,363,159.447901
18.420991,358,159.572221
118.102002,363,159.699658
17.924732,350,159.869025
17.15267,336,159.985534
17.755907,337,160.101434
18.420991,358,160.273481
17.924732,350,160.395211
17.924732,350,160.516669
118.102002,363,160.690614
17.15267,336,160.806388
18.40536,352,160.92748
18.760608,361,161.100325
18.420991,358,161.224839
118.102002,363,162.608378
18.760608,361,162.782461
18.760608,361,162.906982
17.924732,350,163.028712
17.924732,350,163.209229
17.15267,336,163.33334
17.15267,336,163.461514
18.420991,358,163.685325
118.102002,363,163.812491
118.102002,363,163.939639
18.40536,352,164.10947
18.420991,358,164.234061
17.924732,350,164.402982
118.102002,363,164.530018
118.102002,363,164.664219
17.924732,350,164.83994
17.924732,350,164.962356
118.102002,363,165.088296
118.102002,363,165.261797
118.102002,363,165.387693
118.102002,363,165.512955
118.102002,363,165.686416
18.760608,361,165.810826
18.760608,361,165.935447
18.760608,361,166.108338
17.15267,336,166.22441
118.102002,363,166.349695
18.420991,358,166.521714
118.102002,363,166.647508
118.102002,363,166.773224
118.102002,363,166.946731
18.760608,361,167.070876
18.760608,361,167.251129
118.102002,363,167.388516
17.924732,350,167.519977
118.102002,363,167.714731
17.924732,350,167.837959
18.40536,352,167.959296
118.102002,363,168.134348
18.760608,361,168.259339
118.102002,363,168.38462
18.760608,361,168.565576
18.760608,361,168.690714
18.420991,358,168.81462
17.15267,336,168.984502
17.15267,336,169.109947
18.40536,352,169.250166
17.924732,350,169.446354
118.102002,363,169.573292
18.760608,361,169.712112
18.420991,358,169.885554
118.102002,363,170.011299
18.760608,361,170.18329
18.420991,358,170.308801
18.760608,361,170.433102
17.924732,350,170.601833
18.420991,358,171.935677
17.924732,350,172.058513
18.760608,361,172.230684
118.102002,363,172.35699
18.420991,358,172.481088
17.924732,350,172.650779
18.420991,358,172.77711
18.420991,358,172.908502
118.102002,363,173.112217
118.102002,363,173.243569
118.102002,363,173.369699
18.760608,361,173.542684
18.420991,358,173.667765
118.102002,363,173.793148
18.760608,361,173.96492
118.102002,363,174.091399
118.102002,363,174.263526
118.102002,363,174.390058
118.102002,363,174.515942
17.924732,350,174.684971
18.420991,358,174.810948
18.760608,361,174.935804
18.760608,361,175.107099
17.924732,350,175.229877
17.924732,350,175.351803
17.15267,336,175.515389
18.760608,361,175.644654
18.420991,358,175.776704
18.760608,361,175.960494
18.420991,358,176.085673
17.15267,336,176.201825
18.40536,352,176.371731
18.760608,361,176.497033
18.420991,358,176.620994
18.420991,358,176.79237
18.420991,358,176.917068
17.924732,350,177.038301
17.15267,336,177.20179
118.102002,363,177.327625
18.760608,361,177.452129
118.102002,363,177.624999
18.420991,358,177.749296
118.102002,363,177.937275
17.924732,350,178.060511
18.760608,361,178.191366
18.760608,361,178.403191
18.40536,352,178.548949
17.15267,336,178.665172
18.760608,361,178.83856
18.760608,361,178.963271
18.760608,361,179.087196
118.102002,363,179.268556
118.102002,363,179.394518
118.102002,363,179.519897
18.760608,361,179.693862
18.760608,361,179.818651
18.760608,361,181.130674
118.102002,363,181.304173
18.420991,358,181.429108
118.102002,363,181.602446
18.760608,361,181.727614
118.102002,363,181.854197
18.40536,352,182.022551
118.102002,363,182.147985
12.436382,252,182.233209
18.420991,358,182.404129
118.102002,363,182.52993
118.102002,363,182.655199
118.102002,363,182.828787
15.597335,307,182.934401
118.102002,363,183.059876
17.924732,350,183.245807
18.420991,358,183.369713
18.420991,358,183.49347
17.924732,350,183.662846
17.924732,350,183.786767
18.420991,358,183.917127
118.102002,363,184.098922
18.760608,361,184.22984
118.102002,363,184.373946
18.420991,358,184.547136
118.102002,363,184.674348
18.420991,358,184.799992
18.760608,361,184.987822
18.760608,361,185.112746
18.420991,358,185.236532
118.102002,363,185.410373
18.420991,358,185.535365
118.102002,363,185.707403
118.102002,363,185.837004
118.102002,363,185.972807
18.760608,361,186.186471
118.102002,363,186.313159
118.102002,363,186.439432
118.102002,363,186.627771
18.40536,352,186.749025
17.755907,337,186.86428
18.760608,361,187.036209
118.102002,363,187.161649
17.755907,337,187.277444
18.760608,361,187.449643
16.915316,318,187.558827
18.40536,352,187.679723
18.420991,358,187.861581
18.40536,352,187.994058
17.924732,350,188.133773
18.420991,358,188.306349
18.760608,361,188.44577
17.755907,337,188.562219
18.760608,361,188.733756
18.420991,358,188.85783
18.760608,361,188.982427
18.40536,352,190.329101
18.760608,361,190.493178
18.420991,358,190.668843
18.40536,352,190.791627
17.755907,337,190.906783
17.924732,350,191.075072
18.760608,361,191.201376
18.40536,352,191.322894
18.40536,352,191.491095
17.755907,337,191.60752
118.102002,363,191.733158
17.924732,350,191.901412
17.755907,337,192.017837
18.420991,358,192.14267
118.102002,363,192.315279
118.102002,363,192.440851
118.102002,363,192.566907
118.102002,363,192.73972
18.420991,358,192.863434
18.760608,361,193.003329
18.760608,361,193.174644
18.760608,361,193.29997
18.760608,361,193.424465
18.760608,361,193.595481
17.924732,350,193.719167
18.40536,352,193.891059
118.102002,363,194.024365
18.40536,352,194.154623
18.40536,352,194.332562
18.760608,361,194.458369
118.102002,363,194.584274
18.420991,358,194.772695
118.102002,363,194.898905
118.102002,363,195.024808
18.40536,352,195.194069
18.760608,361,195.319094
18.420991,358,195.442787
118.102002,363,195.622351
118.102002,363,195.768075
18.420991,358,195.902977
118.102002,363,196.077744
17.924732,350,196.19991
17.924732,350,196.32097
18.420991,358,196.492483
18.420991,358,196.630747
118.102002,363,196.802783
18.420991,358,196.927281
118.102002,363,197.052384
118.102002,363,197.225785
118.102002,363,197.353953
18.760608,361,197.486087
18.760608,361,197.704249
18.760608,361,197.829436
18.40536,352,197.951536
18.760608,361,198.141093
118.102002,363,198.266716
118.102002,363,199.605109
18.420991,358,199.80206
16.347271,321,199.915139
18.420991,358,200.040296
118.102002,363,200.213958
118.102002,363,200.339818
18.760608,361,200.464064
18.420991,358,200.653047
18.760608,361,200.777912
18.420991,358,200.949511
18.420991,358,201.074161
18.420991,358,201.198584
17.924732,350,201.374836
118.102002,363,201.508931
118.102002,363,201.649193
18.760608,361,201.831176
18.420991,358,201.95575
18.420991,358,202.079909
118.102002,363,202.254037
17.15267,336,202.385888
118.102002,363,202.511727
118.102002,363,202.684635
118.102002,363,202.810496
18.420991,358,202.935036
18.760608,361,203.106225
18.420991,358,203.229903
17.15267,336,203.345646
118.102002,363,203.529616
18.760608,361,203.666673
18.760608,361,203.852284
118.102002,363,203.978731
18.420991,358,204.112469
18.420991,358,204.291141
18.420991,358,204.415934
18.760608,361,204.540114
18.420991,358,204.713272
18.420991,358,204.838497
118.102002,363,204.964277
18.420991,358,205.146195
118.102002,363,205.280963
18.420991,358,205.422744
18.760608,361,205.595608
17.924732,350,205.718274
118.102002,363,205.843518
18.420991,358,206.030251
17.924732,350,206.152302
18.760608,361,206.276528
18.420991,358,206.44886
18.40536,352,206.570009
118.102002,363,206.743185
118.102002,363,206.868677
118.102002,363,206.993903
18.420991,358,207.167876
118.102002,363,207.30809
18.420991,358,207.447935
118.102002,363,207.638214
18.420991,358,208.994739
18.420991,358,209.138184
118.102002,363,209.319876
18.760608,361,209.445175
118.102002,363,209.571546
18.760608,361,209.746319
18.420991,358,209.870648
18.420991,358,209.995629
18.420991,358,210.183398
118.102002,363,210.309853
118.102002,363,210.434915
17.924732,350,210.604343
18.40536,352,210.725379
18.760608,361,210.896411
118.102002,363,211.022256
18.420991,358,211.146484
18.420991,358,211.325531
118.102002,363,211.453
118.102002,363,211.578537
118.102002,363,211.757972
18.420991,358,211.893806
18.420991,358,212.031386
118.102002,363,212.22577
18.420991,358,212.35086
118.102002,363,212.476107
18.760608,361,212.649016
18.420991,358,212.773682
118.102002,363,212.898688
118.102002,363,213.072282
18.420991,358,213.196135
118.102002,363,213.37423
118.102002,363,213.508322
18.420991,358,213.644824
118.102002,363,213.832249
18.40536,352,213.967728
18.40536,352,214.089047
18.420991,358,214.260029
18.420991,358,214.384752
18.760608,361,214.509273
17.924732,350,214.679137
18.420991,358,214.803437
18.760608,361,214.928521
18.760608,361,215.102975
17.924732,350,215.228044
18.760608,361,215.35267
18.420991,358,215.524406
18.420991,358,215.647954
18.40536,352,215.769465
118.102002,363,215.944229
18.420991,358,216.068302
17.755907,337,216.184937
118.102002,363,216.361331
18.760608,361,216.497231
18.760608,361,216.668606
18.420991,358,216.792686
18.760608,361,218.123435
18.40536,352,218.305763
17.755907,337,218.4326
18.420991,358,218.561063
18.40536,352,218.746753
18.420991,358,218.87129
18.420991,358,218.994705
18.420991,358,219.166686
18.420991,358,219.290751
18.420991,358,219.414241
118.102002,363,219.58794
18.420991,358,219.712871
118.102002,363,219.838088
118.102002,363,220.011582
118.102002,363,220.136857
118.102002,363,220.262577
17.924732,350,220.432888
118.102002,363,220.558058
118.102002,363,220.731531
118.102002,363,220.857177
118.102002,363,220.982569
18.420991,358,221.174496
118.102002,363,221.300065
18.760608,361,221.424426
18.420991,358,221.596218
18.420991,358,221.720297
18.420991,358,221.844632
18.760608,361,222.017333
18.760608,361,222.141483
17.924732,350,222.263969
118.102002,363,222.466496
18.40536,352,222.604384
18.760608,361,222.735305
18.760608,361,222.90913
118.102002,363,223.049153
18.420991,358,223.220538
18.760608,361,223.345856
18.40536,352,223.466889
118.102002,363,223.639118
118.102002,363,223.765534
118.102002,363,223.890583
118.102002,363,224.067904
18.760608,361,224.199078
18.420991,358,224.346411
18.420991,358,224.521623
118.102002,363,224.648087
18.760608,361,224.773733
118.102002,363,224.96472
18.760608,361,225.089318
18.760608,361,225.21382
118.102002,363,225.388442
18.420991,358,225.512393
18.760608,361,225.637174
18.760608,361,225.80958
118.102002,363,225.935055
18.420991,358,226.107077
18.420991,358,227.440511
18.420991,358,227.565043
18.420991,358,227.753373
118.102002,363,227.87973
118.102002,363,228.005496
118.102002,363,228.179151
118.102002,363,228.305421
118.102002,363,228.430808
118.102002,363,228.60453
118.102002,363,228.730432
18.40536,352,228.851722
118.102002,363,229.025177
118.102002,363,229.150545
18.420991,358,229.274204
118.102002,363,229.459148
118.102002,363,229.592454
18.760608,361,229.804079
18.760608,361,229.932373
18.760608,361,230.057973
118.102002,363,230.231213
17.755907,337,230.34726
118.102002,363,230.472861
18.40536,352,230.642595
118.102002,363,230.768395
118.102002,363,230.893794
118.102002,363,231.074162
118.102002,363,231.208384
18.420991,358,231.355018
18.420991,358,231.53359
18.760608,361,231.674218
118.102002,363,231.799682
18.760608,361,231.972384
18.760608,361,232.097033
118.102002,363,232.270578
18.760608,361,232.395723
18.760608,361,232.520362
118.102002,363,232.694048
18.760608,361,232.819066
18.760608,361,232.943427
18.760608,361,233.12369
18.760608,361,233.255521
18.40536,352,233.391033
118.102002,363,233.590941
118.102002,363,233.718001
18.760608,361,233.844661
18.760608,361,234.017337
118.102002,363,234.143002
118.102002,363,234.26903
118.102002,363,234.442107
118.102002,363,234.567402
18.420991,358,234.740077
18.420991,358,234.864255
118.102002,363,234.989489
118.102002,363,235.1691
18.40536,352,235.297825
18.760608,361,235.446763
18.420991,358,236.828938
118.102002,363,236.955072
118.102002,363,237.080443
118.102002,363,237.254733
118.102002,363,237.380478
18.760608,361,237.519311
18.420991,358,237.69235
18.40536,352,237.813683
18.420991,358,237.937525
118.102002,363,238.112131
118.102002,363,238.23768
118.102002,363,238.362845
118.102002,363,238.536426
18.760608,361,238.660921
17.924732,350,238.83094
118.102002,363,238.956966
17.15267,336,239.07345
18.420991,358,239.245655
118.102002,363,239.371533
118.102002,363,239.497098
18.760608,361,239.677432
18.420991,358,239.820934
18.420991,358,239.974297
18.760608,361,240.148383
118.102002,363,240.275149
118.102002,363,240.400708
118.102002,363,240.573745
17.924732,350,240.696396
118.102002,363,240.822141
118.102002,363,240.995058
118.102002,363,241.121486
118.102002,363,241.302572
118.102002,363,241.443301
118.102002,363,241.610278
18.760608,361,241.786008
118.102002,363,241.913391
118.102002,363,242.038698
17.924732,350,242.208586
118.102002,363,242.334299
18.420991,358,242.458014
18.40536,352,242.627347
18.760608,361,242.752144
118.102002,363,242.877247
118.102002,363,243.051044
118.102002,363,243.178769
17.924732,350,243.300608
18.420991,358,243.473554
118.102002,363,243.617336
118.102002,363,243.743681
17.924732,350,243.914171
118.102002,363,244.044322
118.102002,363,244.224146
17.924732,350,244.34602
18.760608,361,244.471622
18.760608,361,244.644125
118.102002,363,245.985975
18.420991,358,246.122504
118.102002,363,246.304673
18.420991,358,246.429959
118.102002,363,246.556083
118.102002,363,246.730716
118.102002,363,246.857018
118.102002,363,246.982917
118.102002,363,247.156324
118.102002,363,247.282206
118.102002,363,247.408039
17.15267,336,247.572166
18.760608,361,247.69671
18.420991,358,247.886337
18.760608,361,248.011551
118.102002,363,248.137103
118.102002,363,248.310957
18.760608,361,248.435484
18.420991,358,248.559503
18.420991,358,248.73177
18.420991,358,248.855713
118.102002,363,248.981111
18.760608,361,249.154668
18.760608,361,249.279168
17.924732,350,249.40097
118.102002,363,249.610985
118.102002,363,249.749898
18.760608,361,249.882628
18.420991,358,250.057859
18.760608,361,250.183257
118.102002,363,250.308979
118.102002,363,250.483622
18.420991,358,250.608047
118.102002,363,250.781807
18.40536,352,250.904223
118.102002,363,251.030376
118.102002,363,251.204459
18.420991,358,251.330436
118.102002,363,251.469399
18.760608,361,251.69014
118.102002,363,251.828983
18.760608,361,251.954447
118.102002,363,252.129311
118.102002,363,252.25648
118.102002,363,252.382663
18.760608,361,252.554449
118.102002,363,252.68104
18.420991,358,252.805452
18.40536,352,252.974757
118.102002,363,253.10155
18.760608,361,253.273316
18.760608,361,253.397834
18.420991,358,253.522296
118.102002,363,253.694454
118.102002,363,253.820271
18.420991,358,253.945415
18.760608,361,255.362089
18.760608,361,255.489232
118.102002,363,255.615698
18.760608,361,255.790399
118.102002,363,255.916729
17.924732,350,256.038267
118.102002,363,256.226751
18.760608,361,256.351203
18.420991,358,256.47636
118.102002,363,256.649581
118.102002,363,256.774921
18.760608,361,256.952531
118.102002,363,257.084247
18.420991,358,257.217552
118.102002,363,257.404744
118.102002,363,257.531608
118.102002,363,257.657732
118.102002,363,257.831063
18.760608,361,257.95655
18.760608,361,258.081203
18.760608,361,258.25347
18.420991,358,258.378786
18.760608,361,258.503601
118.102002,363,258.676344
118.102002,363,258.80358
118.102002,363,258.929337
118.102002,363,259.10408
118.102002,363,259.229547
18.420991,358,259.407223
118.102002,363,259.544771
118.102002,363,259.685575
18.760608,361,259.887197
118.102002,363,260.014444
118.102002,363,260.140393
18.760608,361,260.313397
18.420991,358,260.437823
18.420991,358,260.562035
118.102002,363,260.736612
18.760608,361,260.861391
118.102002,363,260.986941
118.102002,363,261.161049
18.760608,361,261.285573
18.420991,358,261.409504
118.102002,363,261.583478
18.420991,358,261.707449
118.102002,363,261.880845
118.102002,363,262.006802
18.420991,358,262.131207
118.102002,363,262.305192
118.102002,363,262.430705
18.760608,361,262.555
118.102002,363,262.728766
118.102002,363,262.854595
118.102002,363,262.980107
118.102002,363,263.15967
18.760608,361,264.534599
118.102002,363,264.661432
118.102002,363,264.836585
18.760608,361,264.961908
18.760608,361,265.088768
118.102002,363,265.263174
118.102002,363,265.389498
118.102002,363,265.563824
18.760608,361,265.689167
18.760608,361,265.813948
18.420991,358,265.986648
118.102002,363,266.112301
118.102002,363,266.238256
18.420991,358,266.410969
18.420991,358,266.5353
18.760608,361,266.659706
18.760608,361,266.832622
18.760608,361,266.957162
18.420991,358,267.082199
118.102002,363,267.259735
18.760608,361,267.384332
18.760608,361,267.509249
118.102002,363,267.683461
118.102002,363,267.80845
18.760608,361,267.985421
18.760608,361,268.118387
118.102002,363,268.260728
118.102002,363,268.471643
18.420991,358,268.59711
18.420991,358,268.721363
118.102002,363,268.895392
18.420991,358,269.019621
18.760608,361,269.144798
18.760608,361,269.317811
18.760608,361,269.442507
18.760608,361,269.567932
118.102002,363,269.750701
118.102002,363,269.886948
118.102002,363,270.032485
118.102002,363,270.209445
18.760608,361,270.334713
118.102002,363,270.508583
18.420991,358,270.633268
18.420991,358,270.757364
18.420991,358,270.929534
118.102002,363,271.055545
18.420991,358,271.179313
18.420991,358,271.351938
118.102002,363,271.477543
18.760608,361,271.601626
118.102002,363,271.775691
18.760608,361,271.900096
118.102002,363,272.025169
18.420991,358,272.197525
118.102002,363,272.323256
18.760608,361,273.710083
118.102002,363,273.885082
118.102002,363,274.01101
118.102002,363,274.184354
118.102002,363,274.310486
18.420991,358,274.434306
18.420991,358,274.607172
18.760608,361,274.733157
118.102002,363,274.859092
18.760608,361,275.032936
18.760608,361,275.162645
18.760608,361,275.289128
18.760608,361,275.463895
18.420991,358,275.588527
118.102002,363,275.715072
18.760608,361,275.888328
118.102002,363,276.015074
18.760608,361,276.140764
118.102002,363,276.314277
118.102002,363,276.439822
18.760608,361,276.612844
18.760608,361,276.738182
118.102002,363,276.863811
18.420991,358,277.041443
118.102002,363,277.193055
18.760608,361,277.334434
118.102002,363,277.516395
118.102002,363,277.645935
18.760608,361,277.778688
118.102002,363,277.954182
18.760608,361,278.078958
118.102002,363,278.204248
18.760608,361,278.377127
18.420991,358,278.501358
118.102002,363,278.627091
18.40536,352,278.796303
18.40536,352,278.91755
118.102002,363,279.094701
118.102002,363,279.227308
18.420991,358,279.35922
18.760608,361,279.545499
18.420991,358,279.671628
118.102002,363,279.798083
18.420991,358,279.97111
118.102002,363,280.097459
118.102002,363,280.222955
18.760608,361,280.396064
18.760608,361,280.520763
18.760608,361,280.661666
18.760608,361,280.83403
118.102002,363,280.959757
118.102002,363,281.086469
18.420991,358,281.258207
18.420991,358,281.382324
118.102002,363,281.50839
18.420991,358,281.679719
118.102002,363,283.053633
118.102002,363,283.2281
18.420991,358,283.35262
118.102002,363,283.477744
118.102002,363,283.654954
18.760608,361,283.787047
118.102002,363,283.922681
118.102002,363,284.111056
18.420991,358,284.236725
18.420991,358,284.362131
18.760608,361,284.53455
118.102002,363,284.661777
118.102002,363,284.788817
118.102002,363,284.962996
118.102002,363,285.089013
18.420991,358,285.21399
118.102002,363,285.404834
118.102002,363,285.530611
18.760608,361,285.703152
18.760608,361,285.82833
118.102002,363,285.953919
18.760608,361,286.126775
118.102002,363,286.252715
118.102002,363,286.378284
118.102002,363,286.552717
18.760608,361,286.677508
118.102002,363,286.802928
118.102002,363,286.983872
118.102002,363,287.117009
118.102002,363,287.270704
118.102002,363,287.444899
18.420991,358,287.569882
18.760608,361,287.742634
118.102002,363,287.868559
118.102002,363,287.993967
118.102002,363,288.167601
118.102002,363,288.294046
118.102002,363,288.419297
18.420991,358,288.591434
118.102002,363,288.716785
118.102002,363,288.841936
118.102002,363,289.023276
18.420991,358,289.154842
118.102002,363,289.30533
118.102002,363,289.482696
18.760608,361,289.608403
118.102002,363,289.735171
118.102002,363,289.909068
18.420991,358,290.033295
118.102002,363,290.205763
18.760608,361,290.331518
118.102002,363,290.457076
18.420991,358,290.628263
18.420991,358,290.753943
18.760608,361,290.878421
18.760608,361,292.250618
18.760608,361,292.375535
118.102002,363,292.50087
18.760608,361,292.673797
18.760608,361,292.798221
18.760608,361,292.922335
118.102002,363,293.096465
118.102002,363,293.221986
118.102002,363,293.347283
18.40536,352,293.515959
118.102002,363,293.641403
18.420991,358,293.81313
118.102002,363,293.939473
118.102002,363,294.065586
18.760608,361,294.238593
118.102002,363,294.364078
118.102002,363,294.489407
118.102002,363,294.688274
18.760608,361,294.836822
118.102002,363,294.985688
118.102002,363,295.167902
18.760608,361,295.293635
118.102002,363,295.419473
118.102002,363,295.593769
118.102002,363,295.719218
18.760608,361,295.844057
118.102002,363,296.018497
18.420991,358,296.142644
18.760608,361,296.324737
18.420991,358,296.45756
18.760608,361,296.608065
18.760608,361,296.787759
18.760608,361,296.914034
118.102002,363,297.039725
118.102002,363,297.213772
18.760608,361,297.339059
18.420991,358,297.463465
118.102002,363,297.636685
118.102002,363,297.762378
118.102002,363,297.88867
18.40536,352,298.057649
118.102002,363,298.196153
118.102002,363,298.322724
118.102002,363,298.495961
18.760608,361,298.621
18.760608,361,298.792685
118.102002,363,298.919166
18.760608,361,299.044268
118.102002,363,299.217021
18.760608,361,299.342211
118.102002,363,299.470835
118.102002,363,299.649608
118.102002,363,299.786048
118.102002,363,299.920861
118.102002,363,300.095615
18.420991,358,301.429372
118.102002,363,301.560475
118.102002,363,301.786281
18.420991,358,301.919968
118.102002,363,302.046338
18.760608,361,302.238675
18.420991,358,302.363088
118.102002,363,302.537168
118.102002,363,302.663292
118.102002,363,302.788948
118.102002,363,302.962025
118.102002,363,303.087761
118.102002,363,303.213171
18.420991,358,303.385467
118.102002,363,303.511466
18.420991,358,303.635637
118.102002,363,303.809493
118.102002,363,303.935415
18.760608,361,304.059855
18.760608,361,304.233664
18.760608,361,304.361195
18.760608,361,304.490472
18.420991,358,304.663786
118.102002,363,304.790057
18.420991,358,304.966721
118.102002,363,305.098328
118.102002,363,305.238519
18.760608,361,305.422733
118.102002,363,305.549827
118.102002,363,305.67648
118.102002,363,305.850509
18.420991,358,305.975009
18.420991,358,306.100259
18.420991,358,306.272967
118.102002,363,306.398736
18.420991,358,306.52322
18.420991,358,306.721454
18.420991,358,306.857202
18.420991,358,306.998114
118.102002,363,307.171838
118.102002,363,307.298975
118.102002,363,307.472697
118.102002,363,307.598998
18.760608,361,307.723818
118.102002,363,307.897242
118.102002,363,308.023526
18.420991,358,308.147403
18.760608,361,308.320223
17.924732,350,308.442702
18.420991,358,308.566803
118.102002,363,308.740321
118.102002,363,308.866528
118.102002,363,308.991969
118.102002,363,309.165491
118.102002,363,309.291359
18.760608,361,309.41584
118.102002,363,310.798748
118.102002,363,310.927757
118.102002,363,311.113705
118.102002,363,311.268848
118.102002,363,311.401931
118.102002,363,311.577075
118.102002,363,311.703588
118.102002,363,311.829732
118.102002,363,312.007082
18.420991,358,312.131955
118.102002,363,312.25767
118.102002,363,312.431392
18.420991,358,312.555832
118.102002,363,312.681332
118.102002,363,312.8559
18.420991,358,312.980145
118.102002,363,313.105409
18.420991,358,313.278272
18.420991,358,313.402718
118.102002,363,313.575783
18.40536,352,313.697602
118.102002,363,313.824194
18.760608,361,313.996771
18.760608,361,314.12177
118.102002,363,314.247475
118.102002,363,314.425179
118.102002,363,314.557975
18.420991,358,314.692292
18.420991,358,314.877225
18.760608,361,315.002531
118.102002,363,315.144072
118.102002,363,315.318156
118.102002,363,315.44395
18.420991,358,315.568294
18.760608,361,315.740629
118.102002,363,315.866285
18.760608,361,315.991445
118.102002,363,316.165393
118.102002,363,316.291053
18.760608,361,316.463432
18.420991,358,316.587904
18.760608,361,316.712666
18.760608,361,316.889939
118.102002,363,317.022629
118.102002,363,317.160796
118.102002,363,317.338139
118.102002,363,317.466104
18.420991,358,317.590799
118.102002,363,317.764063
18.760608,361,317.889842
18.420991,358,318.013989
118.102002,363,318.187105
18.420991,358,318.312101
118.102002,363,318.437576
18.420991,358,318.609994
18.420991,358,319.958391
18.760608,361,320.133271
118.102002,363,320.260557
118.102002,363,320.386192
118.102002,363,320.560496
118.102002,363,320.686425
118.102002,363,320.812058
118.102002,363,320.98578
18.760608,361,321.110736
18.420991,358,321.235388
118.102002,363,321.409261
18.420991,358,321.533756
118.102002,363,321.660083
118.102002,363,321.838176
18.420991,358,321.969994
118.102002,363,322.109281
18.420991,358,322.289725
118.102002,363,322.416663
118.102002,363,322.589651
18.420991,358,322.715602
118.102002,363,322.841767
118.102002,363,323.015731
18.760608,361,323.141585
118.102002,363,323.267858
18.420991,358,323.439795
118.102002,363,323.565988
118.102002,363,323.691492
17.924732,350,323.885734
18.420991,358,324.0189
118.102002,363,324.165827
118.102002,363,324.340657
18.760608,361,324.466194
118.102002,363,324.592604
118.102002,363,324.766958
118.102002,363,324.892726
18.760608,361,325.065974
18.420991,358,325.190494
18.420991,358,325.314335
118.102002,363,325.490387
118.102002,363,325.623025
118.102002,363,325.76225
118.102002,363,325.939937
18.420991,358,326.065525
18.420991,358,326.190356
118.102002,363,326.363818
18.420991,358,326.489076
18.420991,358,326.613064
118.102002,363,326.786436
118.102002,363,326.91355
118.102002,363,327.039353
118.102002,363,327.213548
18.420991,358,327.35207
18.420991,358,327.550671
118.102002,363,327.691058
118.102002,363,327.830323
118.102002,363,328.006535
118.102002,363,329.341937
18.760608,361,329.467964
18.420991,358,329.640542
118.102002,363,329.768407
118.102002,363,329.894323
18.760608,361,330.067494
118.102002,363,330.193586
118.102002,363,330.319609
18.760608,361,330.493073
118.102002,363,330.619038
118.102002,363,330.745146
118.102002,363,330.919271
118.102002,363,331.045421
118.102002,363,331.2198
118.102002,363,331.346275
18.420991,358,331.470681
118.102002,363,331.660115
18.420991,358,331.784846
118.102002,363,331.910413
118.102002,363,332.084568
118.102002,363,332.209791
118.102002,363,332.335166
118.102002,363,332.511859
18.420991,358,332.652351
118.102002,363,332.790392
18.420991,358,332.968244
118.102002,363,333.094188
18.760608,361,333.220465
18.420991,358,333.392792
118.102002,363,333.518326
18.420991,358,333.68997
118.102002,363,333.816687
18.760608,361,333.941108
118.102002,363,334.115415
118.102002,363,334.24406
18.420991,358,334.376485
118.102002,363,334.588787
18.420991,358,334.718923
18.760608,361,334.859573
118.102002,363,335.034295
18.760608,361,335.162793
18.760608,361,335.28946
118.102002,363,335.463306
118.102002,363,335.589085
118.102002,363,335.714889
118.102002,363,335.889835
118.102002,363,336.016237
118.102002,363,336.190288
118.102002,363,336.316526
18.760608,361,336.441111
18.760608,361,336.613506
118.102002,363,336.739913
118.102002,363,336.865242
118.102002,363,337.039495
118.102002,363,337.165521
18.760608,361,338.516983
18.760608,361,338.689943
18.760608,361,338.814873
118.102002,363,338.940162
18.760608,361,339.112749
18.420991,358,339.237026
118.102002,363,339.362371
18.420991,358,339.551629
118.102002,363,339.677956
118.102002,363,339.852489
18.420991,358,339.977546
118.102002,363,340.103359
18.760608,361,340.276644
118.102002,363,340.403035
118.102002,363,340.528544
18.760608,361,340.701443
118.102002,363,340.827909
18.420991,358,340.952403
118.102002,363,341.126372
18.420991,358,341.25074
17.924732,350,341.372577
118.102002,363,341.546488
118.102002,363,341.672213
118.102002,363,341.797767
118.102002,363,341.971994
18.420991,358,342.096777
118.102002,363,342.268788
118.102002,363,342.395669
118.102002,363,342.523458
18.760608,361,342.695223
118.102002,363,342.82228
118.102002,363,342.947638
118.102002,363,343.125013
118.102002,363,343.269832
118.102002,363,343.409345
18.760608,361,343.588911
18.420991,358,343.713519
118.102002,363,343.857698
118.102002,363,344.030782
118.102002,363,344.156029
118.102002,363,344.331866
18.420991,358,344.465573
18.420991,358,344.605027
118.102002,363,344.792207
118.102002,363,344.919818
18.420991,358,345.045535
118.102002,363,345.219193
118.102002,363,345.345885
118.102002,363,345.470948
18.760608,361,345.642352
118.102002,363,345.768484
18.760608,361,345.892711
118.102002,363,346.066187
118.102002,363,346.191928
18.420991,358,346.315699
18.420991,358,347.746786
118.102002,363,347.874293
118.102002,363,347.999554
18.420991,358,348.171537
18.420991,358,348.295901
118.102002,363,348.468241
118.102002,363,348.595342
118.102002,363,348.721006
118.102002,363,348.893447
18.760608,361,349.019093
18.760608,361,349.143557
118.102002,363,349.355265
118.102002,363,349.491558
118.102002,363,349.628441
18.760608,361,349.803371
118.102002,363,349.929812
118.102002,363,350.055993
118.102002,363,350.229916
118.102002,363,350.35542
18.760608,361,350.527745
118.102002,363,350.653717
18.420991,358,350.777843
18.760608,361,350.951224
118.102002,363,351.076925
118.102002,363,351.202236
118.102002,363,351.399141
118.102002,363,351.549684
118.102002,363,351.693759
18.420991,358,351.871833
118.102002,363,351.998019
118.102002,363,352.123533
118.102002,363,352.297381
18.420991,358,352.421466
118.102002,363,352.54662
118.102002,363,352.720408
18.760608,361,352.845022
118.102002,363,353.018907
118.102002,363,353.144765
118.102002,363,353.270249
118.102002,363,353.443987
18.420991,358,353.568161
118.102002,363,353.693525
118.102002,363,353.867485
118.102002,363,353.993183
118.102002,363,354.119096
118.102002,363,354.29332
18.420991,358,354.41859
18.420991,358,354.542876
18.420991,358,354.715598
118.102002,363,354.842451
18.760608,361,354.966652
118.102002,363,355.140445
18.420991,358,355.264472
18.760608,361,355.460852
18.760608,361,355.595248
118.102002,363,356.951067
118.102002,363,357.127262
18.420991,358,357.252232
118.102002,363,357.378004
118.102002,363,357.552066
18.420991,358,357.676336
118.102002,363,357.801874
118.102002,363,357.975733
118.102002,363,358.101377
18.760608,361,358.226017
118.102002,363,358.400567
118.102002,363,358.526562
118.102002,363,358.65211
118.102002,363,358.836374
118.102002,363,358.983361
118.102002,363,359.168633
118.102002,363,359.295003
18.420991,358,359.435697
118.102002,363,359.608147
118.102002,363,359.735726
118.102002,363,359.862279
118.102002,363,360.036379
118.102002,363,360.162357
18.760608,361,360.287111
118.102002,363,360.460679
118.102002,363,360.586361
118.102002,363,360.712505
118.102002,363,360.900595
118.102002,363,361.049273
18.760608,361,361.182963
118.102002,363,361.361919
18.760608,361,361.486461
18.760608,361,361.658662
18.760608,361,361.783717
118.102002,363,361.90897
18.760608,361,362.081585
118.102002,363,362.207682
118.102002,363,362.333365
118.102002,363,362.506641
118.102002,363,362.632418
118.102002,363,362.75731
18.420991,358,362.939243
118.102002,363,363.076542
18.760608,361,363.210885
118.102002,363,363.384947
118.102002,363,363.51132
118.102002,363,363.638056
18.420991,358,363.809618
118.102002,363,363.935279
118.102002,363,364.108624
18.760608,361,364.233554
18.760608,361,364.358205
118.102002,363,364.533228
118.102002,363,364.659989
118.102002,363,364.790791
18.760608,361,365.001692
18.760608,361,366.371351
118.102002,363,366.497664
118.102002,363,366.672829
118.102002,363,366.803731
118.102002,363,366.95747
118.102002,363,367.173427
18.420991,358,367.312574
118.102002,363,367.49767
18.420991,358,367.630911
118.102002,363,367.761861
118.102002,363,367.935461
118.102002,363,368.061915
18.420991,358,368.185822
18.760608,361,368.358091
18.760608,361,368.482349
118.102002,363,368.607802
118.102002,363,368.78727
18.760608,361,368.920189
18.760608,361,369.069994
118.102002,363,369.245301
18.420991,358,369.370276
118.102002,363,369.496762
18.420991,358,369.669237
118.102002,363,369.795442
18.760608,361,369.920949
118.102002,363,370.09414
118.102002,363,370.219499
18.760608,361,370.39207
118.102002,363,370.518209
118.102002,363,370.645289
18.420991,358,370.822128
118.102002,363,370.956467
118.102002,363,371.095603
18.420991,358,371.268401
118.102002,363,371.394602
18.420991,358,371.518838
18.760608,361,371.691739
18.760608,361,371.816329
18.760608,361,371.940595
118.102002,363,372.11411
118.102002,363,372.240519
18.760608,361,372.364846
118.102002,363,372.538666
18.760608,361,372.66505
118.102002,363,372.862352
18.760608,361,373.008982
18.760608,361,373.152581
118.102002,363,373.338422
118.102002,363,373.465341
118.102002,363,373.5924
118.102002,363,373.766487
118.102002,363,373.892587
18.420991,358,374.017741
118.102002,363,374.191201
18.760608,361,374.315652
118.102002,363,375.688674
18.760608,361,375.860987
118.102002,363,375.986579
118.102002,363,376.15963
118.102002,363,376.285677
118.102002,363,376.411326
18.420991,358,376.583534
118.102002,363,376.709262
118.102002,363,376.834519
118.102002,363,377.014728
118.102002,363,377.150699
18.760608,361,377.300509
118.102002,363,377.479033
118.102002,363,377.606559
18.760608,361,377.731351
118.102002,363,377.90517
118.102002,363,378.031416
118.102002,363,378.156893
118.102002,363,378.331136
18.760608,361,378.45565
118.102002,363,378.628048
118.102002,363,378.754902
118.102002,363,378.880662
118.102002,363,379.053603
118.102002,363,379.180496
118.102002,363,379.306025
118.102002,363,379.478366
118.102002,363,379.605695
118.102002,363,379.732053
118.102002,363,379.914189
118.102002,363,380.048739
118.102002,363,380.192719
18.760608,361,380.368954
118.102002,363,380.509521
118.102002,363,380.634783
18.420991,358,380.806901
118.102002,363,380.932129
18.420991,358,381.103969
17.924732,350,381.225834
118.102002,363,381.351043
118.102002,363,381.524339
18.420991,358,381.648623
118.102002,363,381.77377
118.102002,363,381.947882
18.420991,358,382.072061
118.102002,363,382.197347
18.420991,358,382.374076
18.420991,358,382.5079
118.102002,363,382.655377
118.102002,363,382.834787
118.102002,363,382.961759
18.420991,358,383.085888
118.102002,363,383.25888
118.102002,363,383.385484
118.102002,363,383.55768
118.102002,363,384.891228
118.102002,363,385.018047
118.102002,363,385.192443
118.102002,363,385.318874
118.102002,363,385.444408
118.102002,363,385.618311
118.102002,363,385.744207
118.102002,363,385.869678
18.760608,361,386.043053
118.102002,363,386.169036
118.102002,363,386.294668
118.102002,363,386.468033
118.102002,363,386.593756
18.420991,358,386.718006
18.420991,358,386.890222
118.102002,363,387.015666
18.420991,358,387.188746
118.102002,363,387.314951
18.420991,358,387.439118
18.420991,358,387.611807
118.102002,363,387.743523
118.102002,363,387.879902
118.102002,363,388.066648
118.102002,363,388.209191
118.102002,363,388.335997
118.102002,363,388.509011
118.102002,363,388.650433
118.102002,363,388.775608
118.102002,363,388.951198
118.102002,363,389.077852
118.102002,363,389.219144
18.760608,361,389.393312
118.102002,363,389.51936
18.420991,358,389.827835
18.760608,361,389.992841
118.102002,363,390.159975
118.102002,363,390.352574
118.102002,363,390.491359
18.760608,361,390.625796
118.102002,363,390.809354
118.102002,363,390.946491
118.102002,363,391.072966
118.102002,363,391.246507
118.102002,363,391.372405
118.102002,363,391.498923
118.102002,363,391.672163
118.102002,363,391.797991
118.102002,363,391.97245
18.760608,361,392.097528
118.102002,363,392.223792
118.102002,363,392.396608
118.102002,363,392.522279
18.760608,361,392.648179
118.102002,363,392.821873
118.102002,363,392.948328
118.102002,363,393.074677
118.102002,363,394.537824
118.102002,363,394.679864
118.102002,363,394.806602
118.102002,363,394.980544
118.102002,363,395.108138
118.102002,363,395.239022
118.102002,363,395.431528
118.102002,363,395.571675
118.102002,363,395.771356
18.420991,358,395.918513
118.102002,363,396.052487
118.102002,363,396.229157
118.102002,363,396.355149
118.102002,363,396.492825
118.102002,363,396.666652
118.102002,363,396.792668
18.760608,361,396.917055
118.102002,363,397.090758
118.102002,363,397.216918
118.102002,363,397.342446
118.102002,363,397.516528
118.102002,363,397.64171
18.760608,361,397.766067
118.102002,363,397.940075
118.102002,363,398.065618
118.102002,363,398.239738
118.102002,363,398.366488
118.102002,363,398.492055
18.760608,361,398.665286
18.420991,358,398.806915
118.102002,363,398.932318
118.102002,363,399.12098
118.102002,363,399.259985
118.102002,363,399.40199
118.102002,363,399.578216
18.420991,358,399.704257
18.420991,358,399.828731
18.760608,361,400.002187
118.102002,363,400.128072
118.102002,363,400.253482
18.420991,358,400.426539
118.102002,363,400.552739
18.760608,361,400.740811
18.420991,358,400.865436
118.102002,363,400.990955
18.760608,361,401.168871
118.102002,363,401.318924
18.420991,358,401.46565
118.102002,363,401.652995
18.420991,358,401.785917
18.420991,358,401.911628
118.102002,363,402.084752
118.102002,363,402.211637
118.102002,363,402.354186
118.102002,363,402.528846
18.420991,358,403.858943
118.102002,363,403.985604
118.102002,363,404.159573
118.102002,363,404.28524
118.102002,363,404.473172
118.102002,363,404.599245
118.102002,363,404.726574
118.102002,363,404.901169
118.102002,363,405.026841
118.102002,363,405.153088
118.102002,363,405.326203
118.102002,363,405.451793
118.102002,363,405.57819
118.102002,363,405.751676
18.420991,358,405.875786
118.102002,363,406.001809
118.102002,363,406.182436
18.420991,358,406.320475
118.102002,363,406.543245
118.102002,363,406.673485
18.420991,358,406.798615
118.102002,363,406.972488
18.760608,361,407.09726
18.420991,358,407.221497
118.102002,363,407.395391
118.102002,363,407.521495
18.420991,358,407.645367
18.760608,361,407.825134
18.760608,361,407.95872
18.760608,361,408.112973
18.760608,361,408.288197
118.102002,363,408.418159
118.102002,363,408.543946
118.102002,363,408.71721
118.102002,363,408.843413
118.102002,363,409.015679
118.102002,363,409.141997
18.420991,358,409.26583
118.102002,363,409.438596
118.102002,363,409.565145
118.102002,363,409.691934
18.760608,361,409.863879
118.102002,363,409.990278
118.102002,363,410.115886
118.102002,363,410.292187
118.102002,363,410.418732
18.420991,358,410.557213
118.102002,363,410.731724
118.102002,363,410.857476
118.102002,363,410.983023
18.760608,361,411.155285
118.102002,363,411.297737
18.760608,361,411.487473
118.102002,363,411.623315
118.102002,363,411.749732
118.102002,363,413.149149
118.102002,363,413.276416
118.102002,363,413.402815
18.420991,358,413.575369
118.102002,363,413.701758
118.102002,363,413.827298
118.102002,363,414.000415
18.420991,358,414.124918
18.420991,358,414.249026
18.420991,358,414.421534
118.102002,363,414.547684
18.760608,361,414.672371
118.102002,363,414.86429
118.102002,363,414.990198
118.102002,363,415.163954
118.102002,363,415.290485
118.102002,363,415.416034
18.420991,358,415.588639
118.102002,363,415.714482
118.102002,363,415.840196
18.760608,361,416.013065
18.760608,361,416.137895
118.102002,363,416.263313
118.102002,363,416.444532
118.102002,363,416.591365
118.102002,363,416.733237
18.420991,358,416.925877
118.102002,363,417.05328
118.102002,363,417.178973
118.102002,363,417.352193
18.760608,361,417.477654
18.420991,358,417.649291
18.420991,358,417.773594
118.102002,363,417.900037
118.102002,363,418.073071
18.420991,358,418.207934
18.420991,358,418.344857
18.420991,358,418.537476
118.102002,363,418.678306
118.102002,363,418.805034
118.102002,363,418.979108
118.102002,363,419.104546
118.102002,363,419.230376
118.102002,363,419.404681
118.102002,363,419.530968
18.420991,358,419.65546
18.420991,358,419.829743
118.102002,363,419.955824
118.102002,363,420.135697
118.102002,363,420.275202
118.102002,363,420.419809
118.102002,363,420.63404
18.420991,358,420.760347
118.102002,363,420.885954
18.420991,358,421.058257
118.102002,363,422.389846
118.102002,363,422.516808
118.102002,363,422.690544
18.760608,361,422.81557
118.102002,363,422.941568
118.102002,363,423.133025
118.102002,363,423.258988
118.102002,363,423.384726
18.420991,358,423.558
118.102002,363,423.686153
118.102002,363,423.860329
118.102002,363,423.988177
118.102002,363,424.115318
118.102002,363,424.289893
118.102002,363,424.416226
118.102002,363,424.541686
118.102002,363,424.724658
118.102002,363,424.861123
118.102002,363,425.023188
18.420991,358,425.21286
118.102002,363,425.349869
118.102002,363,425.480943
118.102002,363,425.65581
118.102002,363,425.781466
118.102002,363,425.907753
118.102002,363,426.081714
18.760608,361,426.206646
118.102002,363,426.382042
18.760608,361,426.51524
118.102002,363,426.652482
118.102002,363,426.864645
118.102002,363,426.99096
118.102002,363,427.119698
118.102002,363,427.294698
17.924732,350,427.417522
118.102002,363,427.545522
118.102002,363,427.719782
118.102002,363,427.846733
18.420991,358,427.971662
18.760608,361,428.144161
118.102002,363,428.270991
118.102002,363,428.396615
18.760608,361,428.58551
118.102002,363,428.710995
118.102002,363,428.884
118.102002,363,429.010248
18.420991,358,429.13441
118.102002,363,429.307387
118.102002,363,429.434159
18.420991,358,429.558162
118.102002,363,429.734027
118.102002,363,429.861068
118.102002,363,429.986932
118.102002,363,430.161643
118.102002,363,430.296784
118.102002,363,430.43476
18.760608,361,431.849184
118.102002,363,431.975208
18.420991,358,432.148052
18.420991,358,432.273961
18.420991,358,432.398797
118.102002,363,432.576482
18.760608,361,432.710263
18.420991,358,432.846299
118.102002,363,433.060851
18.420991,358,433.193836
118.102002,363,433.323691
118.102002,363,433.497315
118.102002,363,433.623237
118.102002,363,433.749393
118.102002,363,433.922907
118.102002,363,434.048168
118.102002,363,434.174531
118.102002,363,434.348529
118.102002,363,434.475174
18.420991,358,434.646748
118.102002,363,434.775297
118.102002,363,434.907474
18.760608,361,435.114964
118.102002,363,435.26001
118.102002,363,435.38779
118.102002,363,435.562715
18.420991,358,435.68743
18.760608,361,435.814214
118.102002,363,435.989209
18.420991,358,436.113664
118.102002,363,436.239714
118.102002,363,436.413512
18.760608,361,436.538337
118.102002,363,436.663556
118.102002,363,436.849241
118.102002,363,437.006502
18.760608,361,437.190061
118.102002,363,437.31749
118.102002,363,437.444435
18.420991,358,437.616095
118.102002,363,437.743293
18.760608,361,437.868214
118.102002,363,438.041349
118.102002,363,438.168402
118.102002,363,438.29439
118.102002,363,438.468336
118.102002,363,438.594598
118.102002,363,438.72161
118.102002,363,438.895473
18.760608,361,439.034984
118.102002,363,439.160142
118.102002,363,439.333692
18.420991,358,439.457569
18.420991,358,439.628765
118.102002,363,439.755752
118.102002,363,441.092183
118.102002,363,441.282334
118.102002,363,441.457979
18.760608,361,441.593109
118.102002,363,441.775861
118.102002,363,441.902323
118.102002,363,442.027582
18.420991,358,442.200119
118.102002,363,442.325864
118.102002,363,442.451305
118.102002,363,442.62634
18.420991,358,442.75079
118.102002,363,442.876667
118.102002,363,443.052162
118.102002,363,443.187459
18.760608,361,443.401528
18.420991,358,443.537938
118.102002,363,443.664192
18.420991,358,443.838026
18.420991,358,443.962699
18.760608,361,444.087106
118.102002,363,444.261626
118.102002,363,444.387826
118.102002,363,444.513182
118.102002,363,444.687586
118.102002,363,444.814174
118.102002,363,444.939804
118.102002,363,445.116026
118.102002,363,445.242352
18.420991,358,445.366834
118.102002,363,445.574321
118.102002,363,445.7116
118.102002,363,445.899112
118.102002,363,446.0251
18.760608,361,446.151415
118.102002,363,446.326456
118.102002,363,446.452887
118.102002,363,446.578543
118.102002,363,446.751217
118.102002,363,446.877765
118.102002,363,447.003246
118.102002,363,447.17755
118.102002,363,447.303357
118.102002,363,447.428736
118.102002,363,447.612318
18.420991,358,447.743264
118.102002,363,447.868464
18.420991,358,448.045188
118.102002,363,448.181045
118.102002,363,448.4023
118.102002,363,448.535444
18.760608,361,448.661484
118.102002,363,448.835097
118.102002,363,448.962458
18.760608,361,449.08736
18.420991,358,450.49417
118.102002,363,450.620315
118.102002,363,450.747815
118.102002,363,450.921289
118.102002,363,451.047526
118.102002,363,451.173821
118.102002,363,451.347585
18.420991,358,451.471744
118.102002,363,451.645898
118.102002,363,451.772231
18.420991,358,451.896936
18.420991,358,452.08546
118.102002,363,452.212239
18.760608,361,452.337314
118.102002,363,452.5101
118.102002,363,452.636892
18.420991,358,452.762058
18.760608,361,452.934426
118.102002,363,453.061343
118.102002,363,453.186785
18.760608,361,453.364516
118.102002,363,453.500441
118.102002,363,453.649046
18.760608,361,453.830988
18.420991,358,453.955896
118.102002,363,454.081258
18.420991,358,454.254277
18.760608,361,454.378942
118.102002,363,454.553528
118.102002,363,454.679871
118.102002,363,454.8062
118.102002,363,454.981255
118.102002,363,455.118684
118.102002,363,455.264537
118.102002,363,455.443807
118.102002,363,455.571392
18.420991,358,455.711423
18.760608,361,455.884946
118.102002,363,456.011758
18.760608,361,456.135984
118.102002,363,456.309619
18.420991,358,456.43405
18.420991,358,456.605061
18.760608,361,456.73096
18.760608,361,456.855625
18.760608,361,457.027185
18.760608,361,457.152889
18.420991,358,457.27682
118.102002,363,457.449175
18.760608,361,457.574511
118.102002,363,457.700086
118.102002,363,457.873015
118.102002,363,457.99902
118.102002,363,458.124324
118.102002,363,458.297277
118.102002,363,459.631611
118.102002,363,459.759942
118.102002,363,459.93389
17.924732,350,460.05576
118.102002,363,460.182118
118.102002,363,460.39267
118.102002,363,460.539943
118.102002,363,460.75247
118.102002,363,460.885802
118.102002,363,461.012266
118.102002,363,461.186435
118.102002,363,461.312452
18.760608,361,461.437596
18.420991,358,461.610543
18.760608,361,461.735385
118.102002,363,461.860792
118.102002,363,462.03452
118.102002,363,462.160234
18.420991,358,462.284594
18.420991,358,462.456933
18.420991,358,462.581339
18.420991,358,462.705278
18.420991,358,462.877393
118.102002,363,463.003093
18.420991,358,463.174338
18.420991,358,463.299872
118.102002,363,463.426436
118.102002,363,463.59986
118.102002,363,463.728754
18.420991,358,463.864254
118.102002,363,464.052038
118.102002,363,464.178625
118.102002,363,464.304825
18.420991,358,464.476911
118.102002,363,464.603717
18.420991,358,464.728784
18.760608,361,464.919572
18.420991,358,465.044203
18.420991,358,465.168216
18.760608,361,465.341015
18.760608,361,465.466399
18.760608,361,465.638349
118.102002,363,465.76653
18.760608,361,465.916795
118.102002,363,466.117866
18.420991,358,466.243844
18.760608,361,466.368381
118.102002,363,466.542427
118.102002,363,466.668208
18.760608,361,466.792426
118.102002,363,466.966177
118.102002,363,467.091847
118.102002,363,467.217341
118.102002,363,467.390952
18.420991,358,467.515549
18.420991,358,467.639505
18.760608,361,469.016618
18.420991,358,469.141826
118.102002,363,469.314983
118.102002,363,469.441048
118.102002,363,469.566605
118.102002,363,469.758923
118.102002,363,469.884802
118.102002,363,470.010052
118.102002,363,470.184361
118.102002,363,470.30981
118.102002,363,470.435588
118.102002,363,470.609726
18.420991,358,470.733869
118.102002,363,470.859108
18.420991,358,471.037954
18.760608,361,471.175706
18.760608,361,471.332602
118.102002,363,471.50754
18.760608,361,471.633081
118.102002,363,471.807347
18.760608,361,471.932108
118.102002,363,472.057542
18.760608,361,472.230718
18.760608,361,472.355576
118.102002,363,472.481022
118.102002,363,472.654723
18.760608,361,472.779791
118.102002,363,472.905113
18.420991,358,473.076757
118.102002,363,473.202272
18.420991,358,473.326054
18.760608,361,473.510493
118.102002,363,473.647751
118.102002,363,473.797166
18.760608,361,473.971409
118.102002,363,474.09768
118.102002,363,474.271192
18.420991,358,474.395734
18.420991,358,474.519787
118.102002,363,474.693979
18.420991,358,474.819111
118.102002,363,474.944755
18.420991,358,475.117013
118.102002,363,475.242708
118.102002,363,475.36798
18.760608,361,475.539802
118.102002,363,475.665946
118.102002,363,475.791691
118.102002,363,475.966049
118.102002,363,476.091218
18.760608,361,476.216457
118.102002,363,476.389983
118.102002,363,476.515619
118.102002,363,476.694146
118.102002,363,476.831691
118.102002,363,478.22696
118.102002,363,478.401604
118.102002,363,478.527262
118.102002,363,478.652432
118.102002,363,478.826005
118.102002,363,478.951407
118.102002,363,479.076744
18.420991,358,479.249519
118.102002,363,479.375458
18.420991,358,479.499261
118.102002,363,479.672423
17.924732,350,479.795743
118.102002,363,479.921606
118.102002,363,480.095033
118.102002,363,480.220905
18.420991,358,480.39245
118.102002,363,480.518296
118.102002,363,480.643852
118.102002,363,480.818791
18.760608,361,480.943581
18.420991,358,481.067901
118.102002,363,481.241636
118.102002,363,481.367393
18.760608,361,481.491525
18.760608,361,481.672114
18.760608,361,481.805506
118.102002,363,481.947643
118.102002,363,482.121286
118.102002,363,482.249886
18.420991,358,482.439171
118.102002,363,482.565735
18.760608,361,482.690295
118.102002,363,482.864618
118.102002,363,482.990621
118.102002,363,483.116053
18.420991,358,483.288629
18.760608,361,483.412878
118.102002,363,483.539267
18.420991,358,483.728828
118.102002,363,483.868184
18.420991,358,484.014556
18.420991,358,484.192526
118.102002,363,484.319969
118.102002,363,484.447739
118.102002,363,484.625211
118.102002,363,484.753708
18.760608,361,484.929361
118.102002,363,485.05744
118.102002,363,485.187344
18.760608,361,485.366152
118.102002,363,485.4931
18.420991,358,485.61789
118.102002,363,485.793753
118.102002,363,485.919699
118.102002,363,486.044693
18.420991,358,487.484207
118.102002,363,487.611619
18.420991,358,487.735975
118.102002,363,487.910402
17.924732,350,488.032866
18.420991,358,488.157297
118.102002,363,488.330424
118.102002,363,488.458974
18.420991,358,488.58329
18.420991,358,488.769079
118.102002,363,488.908044
118.102002,363,489.097586
118.102002,363,489.224693
118.102002,363,489.352091
18.420991,358,489.52423
118.102002,363,489.650727
18.760608,361,489.776418
118.102002,363,489.950097
118.102002,363,490.075775
118.102002,363,490.202233
118.102002,363,490.375356
118.102002,363,490.500881
118.102002,363,490.626099
18.760608,361,490.799251
18.760608,361,490.924122
18.760608,361,491.048734
118.102002,363,491.239563
18.760608,361,491.364596
18.760608,361,491.537608
18.760608,361,491.662562
118.102002,363,491.787972
118.102002,363,491.965053
118.102002,363,492.099471
118.102002,363,492.240219
118.102002,363,492.41798
118.102002,363,492.544283
118.102002,363,492.669861
18.420991,358,492.842479
18.760608,361,492.967208
118.102002,363,493.092809
118.102002,363,493.267249
118.102002,363,493.39286
118.102002,363,493.591926
118.102002,363,493.730976
18.420991,358,493.867189
18.760608,361,494.047292
118.102002,363,494.18518
18.760608,361,494.315096
118.102002,363,494.488405
118.102002,363,494.614367
18.420991,358,494.754167
118.102002,363,494.927802
18.420991,358,495.052065
118.102002,363,495.177383
118.102002,363,495.35165
118.102002,363,495.477311
18.420991,358,496.808777
118.102002,363,496.982783
118.102002,363,497.108794
118.102002,363,497.282658
118.102002,363,497.409103
18.760608,361,497.533889
18.760608,361,497.706647
118.102002,363,497.833037
118.102002,363,497.958389
118.102002,363,498.137998
118.102002,363,498.288797
118.102002,363,498.436324
18.760608,361,498.618559
18.760608,361,498.744597
118.102002,363,498.870142
118.102002,363,499.04372
118.102002,363,499.169293
17.924732,350,499.290869
118.102002,363,499.481473
18.420991,358,499.605969
118.102002,363,499.780265
118.102002,363,499.906854
18.420991,358,500.030606
118.102002,363,500.203841
18.420991,358,500.329108
118.102002,363,500.455031
118.102002,363,500.62761
18.420991,358,500.755925
118.102002,363,500.893229
18.760608,361,501.113362
118.102002,363,501.246764
18.760608,361,501.372938
118.102002,363,501.5474
118.102002,363,501.673601
18.420991,358,501.798103
18.760608,361,501.971685
118.102002,363,502.097401
118.102002,363,502.271251
18.760608,361,502.396012
18.760608,361,502.520168
118.102002,363,502.692822
118.102002,363,502.819478
18.760608,361,502.9442
118.102002,363,503.11666
118.102002,363,503.243355
118.102002,363,503.368964
118.102002,363,503.541833
118.102002,363,503.667898
118.102002,363,503.794291
118.102002,363,503.985466
18.420991,358,504.110172
118.102002,363,504.235795
118.102002,363,504.422439
118.102002,363,504.562706
18.760608,361,504.745554
18.420991,358,506.078661
18.760608,361,506.203646
118.102002,363,506.377727
18.420991,358,506.501855
18.420991,358,506.625759
118.102002,363,506.798269
118.102002,363,506.924588
118.102002,363,507.050346
18.760608,361,507.222313
118.102002,363,507.348795
18.760608,361,507.473355
118.102002,363,507.64654
118.102002,363,507.772088
118.102002,363,507.898238
18.420991,358,508.070925
18.760608,361,508.195425
118.102002,363,508.369577
118.102002,363,508.495588
118.102002,363,508.635512
118.102002,363,508.809253
118.102002,363,508.934996
118.102002,363,509.060576
118.102002,363,509.234215
118.102002,363,509.359485
18.760608,361,509.484189
118.102002,363,509.676694
118.102002,363,509.830481
118.102002,363,509.967909
118.102002,363,510.143614
118.102002,363,510.269864
118.102002,363,510.395133
118.102002,363,510.569236
118.102002,363,510.694752
18.420991,358,510.867053
118.102002,363,510.992715
18.420991,358,511.116567
118.102002,363,511.290992
18.760608,361,511.415942
118.102002,363,511.541277
18.760608,361,511.713603
18.760608,361,511.838699
118.102002,363,511.963865
18.420991,358,512.143623
118.102002,363,512.281889
18.420991,358,512.426863
118.102002,363,512.627142
118.102002,363,512.76129
118.102002,363,512.887744
118.102002,363,513.061527
118.102002,363,513.186685
118.102002,363,513.36051
118.102002,363,513.486211
118.102002,363,513.611943
118.102002,363,513.785566
18.420991,358,513.909687
118.102002,363,515.245387
118.102002,363,515.419839
118.102002,363,515.545824
118.102002,363,515.671279
118.102002,363,515.849088
118.102002,363,515.987731
18.420991,358,516.127857
18.420991,358,516.320659
118.102002,363,516.44774
18.420991,358,516.571891
118.102002,363,516.746135
118.102002,363,516.871384
118.102002,363,517.062687
118.102002,363,517.188856
18.760608,361,517.313076
118.102002,363,517.4869
118.102002,363,517.612419
118.102002,363,517.737426
118.102002,363,517.909447
118.102002,363,518.035883
18.760608,361,518.16031
118.102002,363,518.333181
18.420991,358,518.45701
118.102002,363,518.583357
118.102002,363,518.756237
18.420991,358,518.880365
118.102002,363,519.057602
118.102002,363,519.191232
118.102002,363,519.329263
118.102002,363,519.525454
118.102002,363,519.65248
118.102002,363,519.780524
118.102002,363,519.954304
118.102002,363,520.080072
118.102002,363,520.205382
118.102002,363,520.379343
18.760608,361,520.504184
18.760608,361,520.628893
118.102002,363,520.80333
18.760608,361,520.927566
118.102002,363,521.052961
118.102002,363,521.260526
18.420991,358,521.396867
118.102002,363,521.585674
118.102002,363,521.711808
118.102002,363,521.838988
118.102002,363,522.011527
18.760608,361,522.136356
18.760608,361,522.261554
118.102002,363,522.435353
118.102002,363,522.560817
118.102002,363,522.686157
118.102002,363,522.860551
118.102002,363,522.986304
118.102002,363,523.111489
18.420991,358,523.283676
118.102002,363,524.613663
18.420991,358,524.73934
18.420991,358,524.912206
118.102002,363,525.038444
118.102002,363,525.212072
118.102002,363,525.338908
118.102002,363,525.46461
118.102002,363,525.639127
118.102002,363,525.765208
118.102002,363,525.906385
118.102002,363,526.080505
118.102002,363,526.210864
118.102002,363,526.349844
118.102002,363,526.56522
118.102002,363,526.6995
118.102002,363,526.831977
118.102002,363,527.0057
118.102002,363,527.131437
118.102002,363,527.25799
18.760608,361,527.430352
118.102002,363,527.555896
118.102002,363,527.730308
18.420991,358,527.85509
118.102002,363,527.981013
118.102002,363,528.155085
118.102002,363,528.284476
118.102002,363,528.416983
118.102002,363,528.611252
118.102002,363,528.738084
118.102002,363,528.864586
118.102002,363,529.03811
18.760608,361,529.162347
18.760608,361,529.287478
118.102002,363,529.477393
118.102002,363,529.602553
118.102002,363,529.776544
118.102002,363,529.90219
118.102002,363,530.027558
118.102002,363,530.201326
118.102002,363,530.327095
118.102002,363,530.452494
118.102002,363,530.62614
118.102002,363,530.75146
118.102002,363,530.876423
118.102002,363,531.051484
118.102002,363,531.176893
18.420991,358,531.300544
18.420991,358,531.505814
118.102002,363,531.644208
118.102002,363,531.777808
118.102002,363,531.952684
118.102002,363,532.078379
118.102002,363,532.251495
18.760608,361,532.375762
18.760608,361,532.49938
118.102002,363,533.918467
18.760608,361,534.071156
118.102002,363,534.198577
118.102002,363,534.37333
118.102002,363,534.499205
118.102002,363,534.624356
118.102002,363,534.800273
118.102002,363,534.925713
118.102002,363,535.051437
118.102002,363,535.224283
118.102002,363,535.350331
118.102002,363,535.475352
118.102002,363,535.64853
18.420991,358,535.772534
118.102002,363,535.94548
118.102002,363,536.071065
118.102002,363,536.196234
118.102002,363,536.369559
18.760608,361,536.494067
118.102002,363,536.619747
18.420991,358,536.791858
118.102002,363,536.917376
18.420991,358,537.041202
118.102002,363,537.21564
118.102002,363,537.341109
18.760608,361,537.465141
118.102002,363,537.640849
118.102002,363,537.776574
118.102002,363,537.926956
118.102002,363,538.106752
118.102002,363,538.246068
118.102002,363,538.419576
118.102002,363,538.545275
118.102002,363,538.670456
18.420991,358,538.842998
18.420991,358,538.967073
118.102002,363,539.092383
118.102002,363,539.266177
118.102002,363,539.391856
118.102002,363,539.516901
118.102002,363,539.690303
118.102002,363,539.816544
118.102002,363,539.941831
18.420991,358,540.122104
18.420991,358,540.257251
118.102002,363,540.439672
18.420991,358,540.564709
118.102002,363,540.691241
118.102002,363,540.865504
118.102002,363,540.991304
118.102002,363,541.116618
118.102002,363,541.289658
118.102002,363,541.415621
118.102002,363,541.540793
18.420991,358,541.711891
118.102002,363,543.060617
118.102002,363,543.216137
118.102002,363,543.405217
118.102002,363,543.531044
18.420991,358,543.655602
18.420991,358,543.827837
118.102002,363,543.952929
18.420991,358,544.124432
118.102002,363,544.250315
118.102002,363,544.375449
118.102002,363,544.548492
118.102002,363,544.674189
118.102002,363,544.800408
118.102002,363,544.974023
118.102002,363,545.100413
18.420991,358,545.224348
118.102002,363,545.3973
118.102002,363,545.526671
118.102002,363,545.65604
118.102002,363,545.830027
118.102002,363,545.95545
118.102002,363,546.081424
18.420991,358,546.25364
118.102002,363,546.379007
118.102002,363,546.555525
118.102002,363,546.68135
118.102002,363,546.806759
118.102002,363,546.980888
118.102002,363,547.10615
118.102002,363,547.231536
118.102002,363,547.429975
118.102002,363,547.585851
118.102002,363,547.735096
118.102002,363,547.921021
118.102002,363,548.056112
118.102002,363,548.187742
118.102002,363,548.361038
118.102002,363,548.486799
118.102002,363,548.612385
18.420991,358,548.7844
118.102002,363,548.909738
118.102002,363,549.084344
118.102002,363,549.210066
118.102002,363,549.335084
18.420991,358,549.510218
118.102002,363,549.644106
118.102002,363,549.7914
118.102002,363,549.978764
18.420991,358,550.103678
118.102002,363,550.229535
18.760608,361,550.402865
118.102002,363,550.528668
118.102002,363,550.653959
118.102002,363,550.846507
118.102002,363,550.971982
118.102002,363,552.304694
118.102002,363,552.477595
18.420991,358,552.602822
18.420991,358,552.774933
118.102002,363,552.901269
118.102002,363,553.02685
118.102002,363,553.201411
118.102002,363,553.327455
118.102002,363,553.453258
118.102002,363,553.627476
18.420991,358,553.751808
118.102002,363,553.877349
118.102002,363,554.051437
118.102002,363,554.177173
118.102002,363,554.302873
118.102002,363,554.487467
118.102002,363,554.625656
18.420991,358,554.807022
118.102002,363,554.933756
118.102002,363,555.060245
118.102002,363,555.249891
118.102002,363,555.375962
18.760608,361,555.500093
118.102002,363,555.674367
18.420991,358,555.798417
118.102002,363,555.923467
118.102002,363,556.097246
118.102002,363,556.223041
118.102002,363,556.3489
118.102002,363,556.5223
18.420991,358,556.647311
118.102002,363,556.772488
118.102002,363,556.957775
118.102002,363,557.112199
118.102002,363,557.30387
118.102002,363,557.441551
118.102002,363,557.575311
118.102002,363,557.752048
118.102002,363,557.877982
118.102002,363,558.003582
118.102002,363,558.178873
118.102002,363,558.304631
18.760608,361,558.428872
118.102002,363,558.60621
118.102002,363,558.740479
118.102002,363,558.880693
118.102002,363,559.059914
118.102002,363,559.200919
118.102002,363,559.326437
118.102002,363,559.500547
118.102002,363,559.626198
18.420991,358,559.800483
118.102002,363,559.92625
118.102002,363,560.051691
118.102002,363,560.225407
118.102002,363,561.555219
118.102002,363,561.682081
118.102002,363,561.855983
18.760608,361,561.981118
118.102002,363,562.106679
118.102002,363,562.289032
18.760608,361,562.423384
118.102002,363,562.574161
118.102002,363,562.751119
118.102002,363,562.87829
118.102002,363,563.004319
118.102002,363,563.177745
118.102002,363,563.302974
118.102002,363,563.493351
18.420991,358,563.617782
18.420991,358,563.741919
118.102002,363,563.916171
18.420991,358,564.040012
118.102002,363,564.165248
118.102002,363,564.33893
118.102002,363,564.464443
118.102002,363,564.589942
18.420991,358,564.76317
118.102002,363,564.889043
118.102002,363,565.014664
118.102002,363,565.192034
18.760608,361,565.317037
118.102002,363,565.442576
118.102002,363,565.616506
118.102002,363,565.741768
118.102002,363,565.921029
18.420991,358,566.057009
18.760608,361,566.194287
118.102002,363,566.385096
118.102002,363,566.512856
118.102002,363,566.638212
118.102002,363,566.812259
118.102002,363,566.938142
18.760608,361,567.062213
118.102002,363,567.236623
118.102002,363,567.362026
118.102002,363,567.487681
118.102002,363,567.663204
118.102002,363,567.797564
118.102002,363,568.002779
118.102002,363,568.143139
118.102002,363,568.26926
118.102002,363,568.444438
18.760608,361,568.569785
118.102002,363,568.695446
118.102002,363,568.869742
118.102002,363,568.996658
118.102002,363,569.12215
118.102002,363,569.297215
18.760608,361,569.42182
18.760608,361,569.54616
118.102002,363,570.940764
118.102002,363,571.066531
118.102002,363,571.191733
118.102002,363,571.366917
18.760608,361,571.491384
18.760608,361,571.667092
118.102002,363,571.793352
118.102002,363,571.918887
18.760608,361,572.091728
118.102002,363,572.218024
118.102002,363,572.343492
118.102002,363,572.516665
18.420991,358,572.642218
118.102002,363,572.767925
118.102002,363,572.941756
118.102002,363,573.068203
118.102002,363,573.194067
118.102002,363,573.367422
118.102002,363,573.493046
118.102002,363,573.619116
118.102002,363,573.80398
18.420991,358,573.941578
118.102002,363,574.129068
118.102002,363,574.256559
18.420991,358,574.381775
118.102002,363,574.554417
118.102002,363,574.681056
118.102002,363,574.810051
118.102002,363,574.984223
18.420991,358,575.111023
118.102002,363,575.241544
18.420991,358,575.420857
18.420991,358,575.555122
118.102002,363,575.698424
118.102002,363,575.877788
118.102002,363,576.006174
118.102002,363,576.131854
118.102002,363,576.305294
118.102002,363,576.432026
118.102002,363,576.605632
118.102002,363,576.731695
118.102002,363,576.857823
118.102002,363,577.031304
18.420991,358,577.155521
118.102002,363,577.281233
118.102002,363,577.461983
118.102002,363,577.596195
17.924732,350,577.739966
118.102002,363,577.926631
118.102002,363,578.074783
118.102002,363,578.200662
118.102002,363,578.374167
118.102002,363,578.501749
118.102002,363,578.629856
118.102002,363,578.804323
118.102002,363,580.174
118.102002,363,580.348361
118.102002,363,580.47453
118.102002,363,580.604481
118.102002,363,580.779413
118.102002,363,580.905419
118.102002,363,581.031612
118.102002,363,581.206399
18.760608,361,581.331394
118.102002,363,581.457376
118.102002,363,581.631244
118.102002,363,581.756955
18.420991,358,581.88107
118.102002,363,582.056025
118.102002,363,582.181955
118.102002,363,582.358931
118.102002,363,582.485702
118.102002,363,582.611654
18.420991,358,582.782885
118.102002,363,582.90921
118.102002,363,583.036773
118.102002,363,583.210341
118.102002,363,583.336081
118.102002,363,583.462066
118.102002,363,583.635947
118.102002,363,583.76158
118.102002,363,583.887314
118.102002,363,584.068469
118.102002,363,584.209985
18.420991,358,584.358485
118.102002,363,584.541311
118.102002,363,584.66974
118.102002,363,584.84436
118.102002,363,584.970454
118.102002,363,585.096108
118.102002,363,585.270936
118.102002,363,585.396697
118.102002,363,585.522672
118.102002,363,585.696672
118.102002,363,585.822514
118.102002,363,585.948048
18.420991,358,586.132662
118.102002,363,586.282351
118.102002,363,586.434569
118.102002,363,586.621481
18.420991,358,586.757642
118.102002,363,586.897928
118.102002,363,587.072552
118.102002,363,587.197835
118.102002,363,587.371413
118.102002,363,587.497198
118.102002,363,587.622917
118.102002,363,587.795696
118.102002,363,587.92214
118.102002,363,588.047662
18.760608,361,589.482064
118.102002,363,589.608458
118.102002,363,589.73514
118.102002,363,589.909933
118.102002,363,590.03586
118.102002,363,590.161228
118.102002,363,590.335516
118.102002,363,590.461416
118.102002,363,590.635236
118.102002,363,590.761324
18.420991,358,590.885826
118.102002,363,591.059825
118.102002,363,591.187085
118.102002,363,591.325583
118.102002,363,591.49935
118.102002,363,591.625151
118.102002,363,591.750698
118.102002,363,591.923368
118.102002,363,592.049912
18.420991,358,592.173723
118.102002,363,592.34719
118.102002,363,592.472701
118.102002,363,592.598775
18.420991,358,592.771091
118.102002,363,592.896669
118.102002,363,593.070229
118.102002,363,593.196984
118.102002,363,593.322685
118.102002,363,593.496672
18.420991,358,593.640938
18.420991,358,593.777094
118.102002,363,593.968372
118.102002,363,594.095358
118.102002,363,594.22211
118.102002,363,594.395553
118.102002,363,594.521529
118.102002,363,594.648581
118.102002,363,594.828109
18.420991,358,594.952548
118.102002,363,595.078877
118.102002,363,595.253274
118.102002,363,595.378697
118.102002,363,595.594876
118.102002,363,595.736902
118.102002,363,595.876325
18.420991,358,596.051974
118.102002,363,596.178574
118.102002,363,596.304827
118.102002,363,596.47849
118.102002,363,596.604625
118.102002,363,596.730101
118.102002,363,596.903332
118.102002,363,597.029942
118.102002,363,597.155337
118.102002,363,597.328421
118.102002,363,598.673952
118.102002,363,598.79993
118.102002,363,598.973807
118.102002,363,599.099712
118.102002,363,599.273957
118.102002,363,599.400022
118.102002,363,599.541244
118.102002,363,599.714927
118.102002,363,599.854744
18.760608,361,600.003501
118.102002,363,600.195233
118.102002,363,600.330536
118.102002,363,600.463942
118.102002,363,600.638106
118.102002,363,600.763526
118.102002,363,600.888875
118.102002,363,601.063408
118.102002,363,601.188701
118.102002,363,601.36261
18.420991,358,601.499805
118.102002,363,601.625227
118.102002,363,601.799537
118.102002,363,601.92529
118.102002,363,602.050859
118.102002,363,602.228258
118.102002,363,602.366484
118.102002,363,602.510623
18.760608,361,602.694931
18.760608,361,602.82256
118.102002,363,602.948667
118.102002,363,603.122751
118.102002,363,603.262837
118.102002,363,603.388453
118.102002,363,603.563437
118.102002,363,603.689089
118.102002,363,603.862043
118.102002,363,603.992111
118.102002,363,604.133123
118.102002,363,604.326553
118.102002,363,604.461091
118.102002,363,604.604499
118.102002,363,604.780965
118.102002,363,604.907338
118.102002,363,605.033334
118.102002,363,605.207265
118.102002,363,605.33305
118.102002,363,605.459395
118.102002,363,605.63291
118.102002,363,605.759685
118.102002,363,605.885095
118.102002,363,606.108803
118.102002,363,606.263876
118.102002,363,606.444209
118.102002,363,606.570634
118.102002,363,606.696994
118.102002,363,608.079056
118.102002,363,608.220295
118.102002,363,608.346721
118.102002,363,608.520979
118.102002,363,608.647027
118.102002,363,608.772668
118.102002,363,608.946867
118.102002,363,609.072456
118.102002,363,609.198666
118.102002,363,609.372994
118.102002,363,609.498849
118.102002,363,609.675032
118.102002,363,609.812616
118.102002,363,609.968462
118.102002,363,610.177306
118.102002,363,610.313446
118.102002,363,610.448864
118.102002,363,610.623387
118.102002,363,610.748791
118.102002,363,610.874971
118.102002,363,611.04892
118.102002,363,611.174841
118.102002,363,611.300278
118.102002,363,611.47452
18.760608,361,611.598758
118.102002,363,611.724657
118.102002,363,611.89838
118.102002,363,612.023831
118.102002,363,612.209696
118.102002,363,612.347658
118.102002,363,612.513852
118.102002,363,612.699817
118.102002,363,612.836018
118.102002,363,612.96862
118.102002,363,613.142912
118.102002,363,613.268678
118.102002,363,613.393866
118.102002,363,613.567115
118.102002,363,613.693593
118.102002,363,613.819629
118.102002,363,613.992618
118.102002,363,614.11879
118.102002,363,614.291852
118.102002,363,614.417952
118.102002,363,614.54362
118.102002,363,614.745571
118.102002,363,614.88348
118.102002,363,615.022914
118.102002,363,615.20095
118.102002,363,615.32697
118.102002,363,615.453136
118.102002,363,615.626978
118.102002,363,615.752989
118.102002,363,615.878086
118.102002,363,616.051033
118.102002,363,617.395694
118.102002,363,617.522615
18.420991,358,617.694851
118.102002,363,617.820675
118.102002,363,617.996096
18.420991,358,618.121609
18.420991,358,618.245925
118.102002,363,618.419112
18.420991,358,618.543335
118.102002,363,618.669755
118.102002,363,618.843314
118.102002,363,618.969296
118.102002,363,619.095449
118.102002,363,619.269366
118.102002,363,619.395172
18.420991,358,619.520122
118.102002,363,619.709739
118.102002,363,619.836449
118.102002,363,619.962984
118.102002,363,620.136794
118.102002,363,620.262417
118.102002,363,620.440174
118.102002,363,620.580451
118.102002,363,620.734075
118.102002,363,620.924637
118.102002,363,621.061301
118.102002,363,621.195259
118.102002,363,621.370185
118.102002,363,621.513651
118.102002,363,621.639197
118.102002,363,621.812997
118.102002,363,621.93924
118.102002,363,622.064609
118.102002,363,622.238224
118.102002,363,622.364001
18.420991,358,622.487342
118.102002,363,622.675046
118.102002,363,622.815997
118.102002,363,623.001584
118.102002,363,623.129208
18.420991,358,623.269142
118.102002,363,623.444541
18.420991,358,623.56927
18.420991,358,623.693407
118.102002,363,623.867431
118.102002,363,623.993497
118.102002,363,624.119458
118.102002,363,624.292782
118.102002,363,624.419458
118.102002,363,624.545039
118.102002,363,624.718499
118.102002,363,624.847068
118.102002,363,625.019984
118.102002,363,625.148798
118.102002,363,625.274985
118.102002,363,625.447164
118.102002,363,626.833983
18.420991,358,626.958467
118.102002,363,627.13405
118.102002,363,627.260868
118.102002,363,627.386743
118.102002,363,627.561594
18.420991,358,627.686158
118.102002,363,627.811765
18.420991,358,628.003973
18.420991,358,628.144149
18.420991,358,628.281945
118.102002,363,628.476691
18.420991,358,628.604734
18.420991,358,628.778654
118.102002,363,628.90478
118.102002,363,629.030613
118.102002,363,629.205871
118.102002,363,629.331854
118.102002,363,629.457327
18.420991,358,629.62937
118.102002,363,629.756274
118.102002,363,629.89677
118.102002,363,630.070763
118.102002,363,630.196958
18.420991,358,630.320844
118.102002,363,630.494928
118.102002,363,630.621437
118.102002,363,630.746974
118.102002,363,630.92106
118.102002,363,631.046901
118.102002,363,631.222855
118.102002,363,631.367616
118.102002,363,631.523112
118.102002,363,631.712755
118.102002,363,631.863977
118.102002,363,631.998003
118.102002,363,632.17203
118.102002,363,632.297591
118.102002,363,632.422535
118.102002,363,632.596381
118.102002,363,632.722165
118.102002,363,632.84748
118.102002,363,633.021799
118.102002,363,633.147363
118.102002,363,633.27257
118.102002,363,633.451728
118.102002,363,633.589451
118.102002,363,633.791332
118.102002,363,633.919272
118.102002,363,634.061266
118.102002,363,634.234473
118.102002,363,634.35987
118.102002,363,634.485877
118.102002,363,634.658973
118.102002,363,634.785542
118.102002,363,636.124651
118.102002,363,636.297909
118.102002,363,636.424334
118.102002,363,636.549888
118.102002,363,636.74041
118.102002,363,636.86676
118.102002,363,637.040372
118.102002,363,637.166833
118.102002,363,637.292361
118.102002,363,637.471578
118.102002,363,637.608084
118.102002,363,637.747215
118.102002,363,637.924404
118.102002,363,638.050207
118.102002,363,638.178056
18.420991,358,638.350035
118.102002,363,638.490986
118.102002,363,638.61698
118.102002,363,638.790555
118.102002,363,638.916388
118.102002,363,639.042415
118.102002,363,639.215357
118.102002,363,639.340863
118.102002,363,639.51442
118.102002,363,639.640363
118.102002,363,639.766576
118.102002,363,639.944621
18.760608,361,640.077246
18.760608,361,640.231773
118.102002,363,640.424448
118.102002,363,640.574544
118.102002,363,640.705342
118.102002,363,640.883224
118.102002,363,641.008847
118.102002,363,641.1348
118.102002,363,641.308283
118.102002,363,641.434908
118.102002,363,641.560734
118.102002,363,641.734084
118.102002,363,641.860297
118.102002,363,642.03357
118.102002,363,642.159845
118.102002,363,642.285551
118.102002,363,642.459532
118.102002,363,642.585382
118.102002,363,642.710965
118.102002,363,642.912511
118.102002,363,643.050788
118.102002,363,643.206497
118.102002,363,643.394623
118.102002,363,643.531807
118.102002,363,643.665152
118.102002,363,643.840234
18.760608,361,643.964947
118.102002,363,644.138228
118.102002,363,645.48637
118.102002,363,645.612424
118.102002,363,645.787098
118.102002,363,645.913319
118.102002,363,646.039285
118.102002,363,646.213365
118.102002,363,646.339352
18.760608,361,646.463882
118.102002,363,646.637134
118.102002,363,646.763024
118.102002,363,646.888591
118.102002,363,647.062611
118.102002,363,647.18846
118.102002,363,647.313859
118.102002,363,647.486821
18.420991,358,647.612144
118.102002,363,647.801307
18.420991,358,647.925753
118.102002,363,648.052354
118.102002,363,648.225183
18.760608,361,648.34974
118.102002,363,648.476015
118.102002,363,648.649662
18.420991,358,648.773992
118.102002,363,648.899904
118.102002,363,649.074063
118.102002,363,649.199958
118.102002,363,649.325396
118.102002,363,649.508098
118.102002,363,649.650227
118.102002,363,649.798162
118.102002,363,650.007818
118.102002,363,650.141962
118.102002,363,650.320032
118.102002,363,650.44643
118.102002,363,650.572055
118.102002,363,650.746335
18.760608,361,650.871728
118.102002,363,650.997527
118.102002,363,651.17223
118.102002,363,651.298274
118.102002,363,651.423999
118.102002,363,651.599695
118.102002,363,651.734553
118.102002,363,651.875808
118.102002,363,652.101111
118.102002,363,652.22821
118.102002,363,652.40269
118.102002,363,652.528946
118.102002,363,652.654517
18.760608,361,652.827812
118.102002,363,652.953966
118.102002,363,653.07982
118.102002,363,653.253723
118.102002,363,653.379532
118.102002,363,654.708703
118.102002,363,654.882977
118.102002,363,655.008857
118.102002,363,655.136198
118.102002,363,655.325472
118.102002,363,655.4652
118.102002,363,655.600006
118.102002,363,655.781162
118.102002,363,655.916725
118.102002,363,656.106993
18.420991,358,656.231509
118.102002,363,656.358142
118.102002,363,656.530753
18.420991,358,656.658639
118.102002,363,656.785072
118.102002,363,656.958946
118.102002,363,657.084408
118.102002,363,657.210478
118.102002,363,657.384874
118.102002,363,657.510355
118.102002,363,657.635949
118.102002,363,657.810093
118.102002,363,657.936085
118.102002,363,658.061348
118.102002,363,658.235886
118.102002,363,658.361628
118.102002,363,658.535467
118.102002,363,658.661493
118.102002,363,658.78727
118.102002,363,658.974328
118.102002,363,659.115545
18.760608,361,659.25739
118.102002,363,659.464877
18.760608,361,659.60434
118.102002,363,659.739103
118.102002,363,659.917004
118.102002,363,660.043666
118.102002,363,660.170635
118.102002,363,660.344804
118.102002,363,660.470443
118.102002,363,660.662263
118.102002,363,660.788438
118.102002,363,660.914814
118.102002,363,661.093467
118.102002,363,661.230675
118.102002,363,661.36899
118.102002,363,661.561689
118.102002,363,661.69703
118.102002,363,661.830212
118.102002,363,662.004991
118.102002,363,662.130628
118.102002,363,662.255769
118.102002,363,662.42998
118.102002,363,662.555578
118.102002,363,662.680804
118.102002,363,664.061977
118.102002,363,664.188853
118.102002,363,664.361869
118.102002,363,664.489358
118.102002,363,664.615398
118.102002,363,664.790487
118.102002,363,664.916505
118.102002,363,665.043061
18.420991,358,665.215214
118.102002,363,665.340982
118.102002,363,665.467466
118.102002,363,665.669561
118.102002,363,665.796434
118.102002,363,665.922723
118.102002,363,666.113338
118.102002,363,666.284705
118.102002,363,666.439365
118.102002,363,666.631735
118.102002,363,666.770495
118.102002,363,666.95352
18.760608,361,667.082828
18.760608,361,667.208423
118.102002,363,667.382592
18.760608,361,667.5076
118.102002,363,667.63395
18.760608,361,667.815236
118.102002,363,667.950085
118.102002,363,668.09978
118.102002,363,668.283925
18.420991,358,668.409492
118.102002,363,668.535024
118.102002,363,668.709104
18.760608,361,668.83418
118.102002,363,669.023774
18.760608,361,669.149708
118.102002,363,669.275259
118.102002,363,669.448054
118.102002,363,669.57406
118.102002,363,669.699383
118.102002,363,669.873391
118.102002,363,669.998886
118.102002,363,670.125298
118.102002,363,670.29894
118.102002,363,670.424617
118.102002,363,670.550896
118.102002,363,670.724285
118.102002,363,670.849841
118.102002,363,670.975293
118.102002,363,671.159169
118.102002,363,671.296622
118.102002,363,671.4826
118.102002,363,671.609169
118.102002,363,671.735161
118.102002,363,671.910643
18.420991,358,672.034935
118.102002,363,673.364896
118.102002,363,673.546954
118.102002,363,673.718061
118.102002,363,673.86764
18.420991,358,674.053282
118.102002,363,674.188821
118.102002,363,674.320203
118.102002,363,674.494853
118.102002,363,674.620202
118.102002,363,674.745219
118.102002,363,674.92152
118.102002,363,675.04709
118.102002,363,675.221011
118.102002,363,675.346893
118.102002,363,675.472514
118.102002,363,675.645508
118.102002,363,675.772145
118.102002,363,675.898874
118.102002,363,676.071955
118.102002,363,676.198113
118.102002,363,676.323825
118.102002,363,676.497325
118.102002,363,676.622531
18.760608,361,676.749374
118.102002,363,676.93929
18.420991,358,677.088537
118.102002,363,677.266335
118.102002,363,677.409835
118.102002,363,677.535363
118.102002,363,677.708332
118.102002,363,677.834421
118.102002,363,677.959644
18.760608,361,678.131516
118.102002,363,678.257467
18.420991,358,678.381308
18.760608,361,678.562922
118.102002,363,678.705965
118.102002,363,678.849162
118.102002,363,679.038767
118.102002,363,679.168247
118.102002,363,679.293285
118.102002,363,679.467214
118.102002,363,679.592878
118.102002,363,679.766594
118.102002,363,679.893012
118.102002,363,680.019391
18.760608,361,680.192284
18.420991,358,680.316747
118.102002,363,680.442755
118.102002,363,680.616124
118.102002,363,680.74162
118.102002,363,680.867156
118.102002,363,681.041513
118.102002,363,681.166988
118.102002,363,681.292295
118.102002,363,681.466147
118.102002,363,682.806377
118.102002,363,682.932374
18.420991,358,683.104096
118.102002,363,683.229752
18.760608,361,683.433805
118.102002,363,683.575079
118.102002,363,683.72132
118.102002,363,683.904245
18.760608,361,684.031403
118.102002,363,684.157239
118.102002,363,684.330229
118.102002,363,684.456571
118.102002,363,684.582306
118.102002,363,684.756065
118.102002,363,684.882872
118.102002,363,685.008526
118.102002,363,685.182345
118.102002,363,685.307664
118.102002,363,685.433882
118.102002,363,685.607025
118.102002,363,685.732612
118.102002,363,685.906745
18.420991,358,686.031287
18.420991,358,686.155335
118.102002,363,686.354005
118.102002,363,686.505227
118.102002,363,686.656773
118.102002,363,686.846576
18.760608,361,686.982136
118.102002,363,687.115701
118.102002,363,687.288169
118.102002,363,687.413706
118.102002,363,687.539164
118.102002,363,687.712939
118.102002,363,687.838233
18.420991,358,688.008913
118.102002,363,688.135467
118.102002,363,688.261493
18.420991,358,688.434568
118.102002,363,688.570604
118.102002,363,688.715692
118.102002,363,688.910248
118.102002,363,689.037937
18.420991,358,689.163389
18.760608,361,689.336358
18.420991,358,689.460736
118.102002,363,689.586416
18.420991,358,689.75884
18.420991,358,689.883865
118.102002,363,690.009313
118.102002,363,690.200943
118.102002,363,690.326804
118.102002,363,690.499372
118.102002,363,690.625937
118.102002,363,690.751703
118.102002,363,692.128361
118.102002,363,692.254981
118.102002,363,692.381549
118.102002,363,692.553982
18.760608,361,692.679193
18.760608,361,692.803652
118.102002,363,692.977009
118.102002,363,693.102706
118.102002,363,693.22881
118.102002,363,693.402192
118.102002,363,693.527813
118.102002,363,693.652916
118.102002,363,693.82731
118.102002,363,693.952838
18.760608,361,694.13065
18.420991,358,694.262004
118.102002,363,694.401211
118.102002,363,694.584716
118.102002,363,694.710624
118.102002,363,694.852431
18.420991,358,695.025496
118.102002,363,695.154342
18.420991,358,695.28037
118.102002,363,695.454877
118.102002,363,695.580408
118.102002,363,695.705663
118.102002,363,695.880559
118.102002,363,696.007108
118.102002,363,696.132403
118.102002,363,696.308137
118.102002,363,696.451191
118.102002,363,696.657547
118.102002,363,696.799483
118.102002,363,696.944132
118.102002,363,697.125429
118.102002,363,697.25351
118.102002,363,697.379083
118.102002,363,697.552489
118.102002,363,697.678873
118.102002,363,697.804318
118.102002,363,697.980672
118.102002,363,698.130912
118.102002,363,698.276249
118.102002,363,698.475916
118.102002,363,698.611835
118.102002,363,698.760867
118.102002,363,698.934067
18.760608,361,699.067982
118.102002,363,699.243191
118.102002,363,699.369053
118.102002,363,699.494475
118.102002,363,699.668419
118.102002,363,699.794871
118.102002,363,699.920244
118.102002,363,700.104275
118.102002,363,701.517428
118.102002,363,701.643429
18.760608,361,701.81589
18.760608,361,701.940237
118.102002,363,702.065357
118.102002,363,702.239725
118.102002,363,702.36521
118.102002,363,702.542289
118.102002,363,702.683131
118.102002,363,702.824038
118.102002,363,703.038376
118.102002,363,703.173792
118.102002,363,703.308316
118.102002,363,703.48286
118.102002,363,703.608252
18.420991,358,703.732031
118.102002,363,703.906608
118.102002,363,704.031998
118.102002,363,704.157439
118.102002,363,704.332259
118.102002,363,704.457736
118.102002,363,704.58292
118.102002,363,704.757809
118.102002,363,704.884107
118.102002,363,705.057813
118.102002,363,705.18365
118.102002,363,705.309293
118.102002,363,705.483029
18.420991,358,705.606935
118.102002,363,705.732913
118.102002,363,705.90676
118.102002,363,706.033664
118.102002,363,706.158804
118.102002,363,706.343575
118.102002,363,706.483324
118.102002,363,706.624284
118.102002,363,706.823699
118.102002,363,706.950349
118.102002,363,707.07551
118.102002,363,707.249967
118.102002,363,707.375534
118.102002,363,707.548256
118.102002,363,707.674903
118.102002,363,707.800265
118.102002,363,707.972919
118.102002,363,708.100101
118.102002,363,708.2256
18.420991,358,708.39677
18.420991,358,708.520598
118.102002,363,708.646332
118.102002,363,708.85188
18.420991,358,708.996938
18.420991,358,709.138521
118.102002,363,709.322426
118.102002,363,709.455466
18.420991,358,710.888763
118.102002,363,711.057211
118.102002,363,711.198175
118.102002,363,711.383945
18.420991,358,711.517189
118.102002,363,711.650002
118.102002,363,711.823937
118.102002,363,711.949816
118.102002,363,712.075266
118.102002,363,712.249466
118.102002,363,712.375149
118.102002,363,712.500115
18.760608,361,712.673104
118.102002,363,712.798226
118.102002,363,712.92353
118.102002,363,713.09739
118.102002,363,713.222926
118.102002,363,713.396138
118.102002,363,713.522408
118.102002,363,713.64742
18.420991,358,713.81876
18.760608,361,713.943821
118.102002,363,714.06892
118.102002,363,714.242317
118.102002,363,714.368421
118.102002,363,714.493817
18.420991,358,714.670074
18.420991,358,714.807049
118.102002,363,714.952218
118.102002,363,715.134326
118.102002,363,715.276491
118.102002,363,715.402293
118.102002,363,715.576816
118.102002,363,715.702552
18.760608,361,715.875737
118.102002,363,716.00231
118.102002,363,716.127654
118.102002,363,716.301319
18.420991,358,716.425945
18.420991,358,716.549706
118.102002,363,716.730782
118.102002,363,716.867996
118.102002,363,717.008166
118.102002,363,717.183805
118.102002,363,717.310422
118.102002,363,717.435981
18.420991,358,717.607887
118.102002,363,717.733676
118.102002,363,717.858859
118.102002,363,718.031388
118.102002,363,718.157294
118.102002,363,718.329617
118.102002,363,718.455007
118.102002,363,718.580608
118.102002,363,718.753392
118.102002,363,720.189568
118.102002,363,720.316445
118.102002,363,720.491297
118.102002,363,720.617424
118.102002,363,720.743096
18.420991,358,720.916497
118.102002,363,721.042171
18.420991,358,721.16624
118.102002,363,721.351228
118.102002,363,721.490197
118.102002,363,721.639633
118.102002,363,721.818614
118.102002,363,721.944795
118.102002,363,722.11892
118.102002,363,722.245276
18.420991,358,722.369143
118.102002,363,722.546853
118.102002,363,722.672507
118.102002,363,722.798068
118.102002,363,722.973239
118.102002,363,723.099014
118.102002,363,723.224905
118.102002,363,723.415993
118.102002,363,723.541779
118.102002,363,723.667495
18.420991,358,723.853422
118.102002,363,723.992832
118.102002,363,724.178718
118.102002,363,724.306037
118.102002,363,724.432413
118.102002,363,724.607129
118.102002,363,724.732894
118.102002,363,724.859648
118.102002,363,725.033945
118.102002,363,725.159424
118.102002,363,725.284555
118.102002,363,725.458301
118.102002,363,725.583696
118.102002,363,725.708853
118.102002,363,725.891646
118.102002,363,726.020285
118.102002,363,726.145825
118.102002,363,726.320183
118.102002,363,726.445461
118.102002,363,726.622815
118.102002,363,726.770845
118.102002,363,726.921191
118.102002,363,727.111335
118.102002,363,727.261499
118.102002,363,727.391569
118.102002,363,727.564994
118.102002,363,727.691345
118.102002,363,727.816936
18.420991,358,727.988973
118.102002,363,728.114201
118.102002,363,728.240232
118.102002,363,729.622017
118.102002,363,729.748731
118.102002,363,729.875601
118.102002,363,730.049576
118.102002,363,730.175907
118.102002,363,730.350046
118.102002,363,730.475857
118.102002,363,730.601143
118.102002,363,730.775603
118.102002,363,730.901272
118.102002,363,731.026786
118.102002,363,731.200746
118.102002,363,731.326454
118.102002,363,731.453673
18.760608,361,731.627593
18.760608,361,731.758613
118.102002,363,731.884579
118.102002,363,732.060157
118.102002,363,732.185614
118.102002,363,732.375817
118.102002,363,732.513387
118.102002,363,732.652806
118.102002,363,732.854619
118.102002,363,732.988388
118.102002,363,733.116658
118.102002,363,733.290345
118.102002,363,733.416207
118.102002,363,733.542307
118.102002,363,733.716147
118.102002,363,733.841782
118.102002,363,733.967276
118.102002,363,734.141405
118.102002,363,734.275095
118.102002,363,734.414291
118.102002,363,734.604165
118.102002,363,734.730394
118.102002,363,734.905963
118.102002,363,735.032131
118.102002,363,735.157724
118.102002,363,735.332386
118.102002,363,735.458098
118.102002,363,735.583565
118.102002,363,735.757803
118.102002,363,735.883392
118.102002,363,736.0231
18.760608,361,736.196561
118.102002,363,736.32175
118.102002,363,736.446905
118.102002,363,736.621499
118.102002,363,736.74729
118.102002,363,736.920763
118.102002,363,737.046726
118.102002,363,737.172308
18.420991,358,737.345166
118.102002,363,737.470554
118.102002,363,738.805379
118.102002,363,739.009364
118.102002,363,739.148358
118.102002,363,739.283369
18.420991,358,739.457526
118.102002,363,739.583939
118.102002,363,739.709635
118.102002,363,739.888191
118.102002,363,740.013909
118.102002,363,740.1395
118.102002,363,740.313378
118.102002,363,740.439189
118.102002,363,740.613564
118.102002,363,740.739689
118.102002,363,740.879995
118.102002,363,741.054206
118.102002,363,741.180215
18.420991,358,741.304057
118.102002,363,741.478162
118.102002,363,741.604371
118.102002,363,741.729726
118.102002,363,741.903698
118.102002,363,742.029261
118.102002,363,742.154615
118.102002,363,742.341821
118.102002,363,742.491795
118.102002,363,742.635808
118.102002,363,742.816399
118.102002,363,742.94267
118.102002,363,743.117269
118.102002,363,743.243517
118.102002,363,743.368756
118.102002,363,743.543239
118.102002,363,743.669077
118.102002,363,743.794595
118.102002,363,743.969232
18.760608,361,744.100672
118.102002,363,744.238575
118.102002,363,744.455981
18.420991,358,744.582646
118.102002,363,744.726103
118.102002,363,744.902412
118.102002,363,745.028949
118.102002,363,745.155537
18.760608,361,745.329134
118.102002,363,745.454734
118.102002,363,745.628458
118.102002,363,745.753957
118.102002,363,745.879141
118.102002,363,746.057461
118.102002,363,746.193081
118.102002,363,746.332841
118.102002,363,746.512497
118.102002,363,746.638749
18.760608,361,746.764657
118.102002,363,748.154004
118.102002,363,748.283201
118.102002,363,748.409991
18.760608,361,748.582365
18.760608,361,748.70787
118.102002,363,748.884498
118.102002,363,749.022356
118.102002,363,749.193583
118.102002,363,749.384202
118.102002,363,749.519878
118.102002,363,749.653639
118.102002,363,749.830424
118.102002,363,749.956126
118.102002,363,750.081365
118.102002,363,750.258835
118.102002,363,750.38557
18.420991,358,750.509878
118.102002,363,750.684078
118.102002,363,750.809834
118.102002,363,750.935124
118.102002,363,751.109689
118.102002,363,751.235487
118.102002,363,751.410337
118.102002,363,751.53708
118.102002,363,751.663422
118.102002,363,751.836551
118.102002,363,751.962988
118.102002,363,752.088283
118.102002,363,752.268558
118.102002,363,752.407313
118.102002,363,752.562497
118.102002,363,752.743928
118.102002,363,752.885541
118.102002,363,753.011422
118.102002,363,753.185624
118.102002,363,753.311195
118.102002,363,753.485084
118.102002,363,753.611129
118.102002,363,753.736809
118.102002,363,753.912941
18.760608,361,754.050847
18.420991,358,754.190134
118.102002,363,754.37477
118.102002,363,754.506221
118.102002,363,754.632669
118.102002,363,754.807736
118.102002,363,754.933674
118.102002,363,755.059168
118.102002,363,755.241568
118.102002,363,755.367467
118.102002,363,755.492761
18.760608,361,755.66909
118.102002,363,755.795296
118.102002,363,755.971077
18.760608,361,756.097012
118.102002,363,757.434202
118.102002,363,757.625664
118.102002,363,757.751871
118.102002,363,757.877102
118.102002,363,758.050828
118.102002,363,758.176206
118.102002,363,758.301453
118.102002,363,758.474617
118.102002,363,758.599784
118.102002,363,758.725249
118.102002,363,758.899935
118.102002,363,759.031301
118.102002,363,759.156468
118.102002,363,759.330342
118.102002,363,759.456549
118.102002,363,759.630069
118.102002,363,759.762785
118.102002,363,759.923859
118.102002,363,760.116127
118.102002,363,760.250848
118.102002,363,760.381989
118.102002,363,760.557238
118.102002,363,760.68288
118.102002,363,760.808566
118.102002,363,760.982657
118.102002,363,761.108544
118.102002,363,761.234244
118.102002,363,761.409173
118.102002,363,761.538508
118.102002,363,761.711058
118.102002,363,761.836668
118.102002,363,761.962132
118.102002,363,762.16258
118.102002,363,762.303355
118.102002,363,762.4517
118.102002,363,762.639045
118.102002,363,762.773848
118.102002,363,762.900925
118.102002,363,763.076261
118.102002,363,763.202253
118.102002,363,763.327428
118.102002,363,763.501617
118.102002,363,763.627043
118.102002,363,763.752407
118.102002,363,763.926535
118.102002,363,764.052261
118.102002,363,764.225542
118.102002,363,764.35295
18.760608,361,764.477505
18.760608,361,764.650144
118.102002,363,764.778781
118.102002,363,764.916854
118.102002,363,765.11025
118.102002,363,765.238237
118.102002,363,765.364281
118.102002,363,766.745965
118.102002,363,766.871916
118.102002,363,766.998597
118.102002,363,767.173899
118.102002,363,767.299899
18.760608,361,767.424485
118.102002,363,767.646881
118.102002,363,767.786975
118.102002,363,767.988336
118.102002,363,768.116013
118.102002,363,768.242484
118.102002,363,768.41653
118.102002,363,768.542134
18.760608,361,768.666747
118.102002,363,768.841157
118.102002,363,768.973989
118.102002,363,769.103568
118.102002,363,769.280876
118.102002,363,769.406788
18.420991,358,769.530986
18.420991,358,769.705877
118.102002,363,769.832736
118.102002,363,770.008658
118.102002,363,770.134853
118.102002,363,770.260574
118.102002,363,770.436559
18.760608,361,770.572767
118.102002,363,770.735319
118.102002,363,770.943435
18.420991,358,771.082284
18.420991,358,771.217916
118.102002,363,771.401637
118.102002,363,771.532396
18.420991,358,771.656465
118.102002,363,771.83029
18.420991,358,771.954264
118.102002,363,772.08017
118.102002,363,772.253639
118.102002,363,772.379562
118.102002,363,772.559823
118.102002,363,772.698865
118.102002,363,772.84572
118.102002,363,773.027905
118.102002,363,773.155363
118.102002,363,773.281503
118.102002,363,773.455457
18.420991,358,773.580035
118.102002,363,773.705508
118.102002,363,773.878858
118.102002,363,774.005532
18.420991,358,774.129253
18.420991,358,774.301497
118.102002,363,774.427874
118.102002,363,774.553495
18.760608,361,774.726508
118.102002,363,776.076916
118.102002,363,776.251088
118.102002,363,776.379385
118.102002,363,776.505401
118.102002,363,776.681148
118.102002,363,776.825777
18.420991,358,776.963421
118.102002,363,777.149571
118.102002,363,777.27645
118.102002,363,777.402511
118.102002,363,777.576212
18.760608,361,777.701342
118.102002,363,777.827045
118.102002,363,778.000431
118.102002,363,778.126736
118.102002,363,778.252142
118.102002,363,778.425593
118.102002,363,778.5515
118.102002,363,778.742341
118.102002,363,778.868068
118.102002,363,778.997458
118.102002,363,779.172216
18.420991,358,779.29654
118.102002,363,779.421751
118.102002,363,779.59587
118.102002,363,779.721797
118.102002,363,779.848663
18.420991,358,780.021721
18.420991,358,780.145499
118.102002,363,780.2711
18.420991,358,780.476007
118.102002,363,780.616747
118.102002,363,780.78552
18.420991,358,780.971061
118.102002,363,781.107832
118.102002,363,781.289446
118.102002,363,781.415729
118.102002,363,781.540822
118.102002,363,781.714594
118.102002,363,781.84055
118.102002,363,781.966308
118.102002,363,782.139067
118.102002,363,782.265364
18.420991,358,782.389075
118.102002,363,782.561955
118.102002,363,782.68742
118.102002,363,782.813489
118.102002,363,782.98715
118.102002,363,783.128823
118.102002,363,783.255055
18.420991,358,783.42731
18.760608,361,783.551672
118.102002,363,783.730205
118.102002,363,783.871232
118.102002,363,784.031011
118.102002,363,784.217632
118.102002,363,785.582369
118.102002,363,785.710281
118.102002,363,785.884535
118.102002,363,786.010664
18.420991,358,786.136438
118.102002,363,786.319979
118.102002,363,786.452056
118.102002,363,786.580048
118.102002,363,786.754867
118.102002,363,786.880536
118.102002,363,787.069459
118.102002,363,787.196395
118.102002,363,787.322145
118.102002,363,787.495306
118.102002,363,787.621786
118.102002,363,787.747593
118.102002,363,787.921398
118.102002,363,788.047375
18.420991,358,788.172414
118.102002,363,788.346123
118.102002,363,788.4714
118.102002,363,788.597282
118.102002,363,788.780855
118.102002,363,788.918927
118.102002,363,789.080401
118.102002,363,789.256779
118.102002,363,789.3836
118.102002,363,789.557903
118.102002,363,789.684276
118.102002,363,789.810942
18.420991,358,789.983638
18.760608,361,790.10907
18.760608,361,790.233762
118.102002,363,790.41328
118.102002,363,790.553401
118.102002,363,790.698669
118.102002,363,790.899609
118.102002,363,791.028344
118.102002,363,791.153503
118.102002,363,791.328429
118.102002,363,791.457523
118.102002,363,791.583228
118.102002,363,791.75732
118.102002,363,791.8831
18.760608,361,792.055038
118.102002,363,792.182003
118.102002,363,792.307874
118.102002,363,792.48079
118.102002,363,792.607475
118.102002,363,792.733181
118.102002,363,792.906779
18.420991,358,793.030937
118.102002,363,793.172462
118.102002,363,793.345517
118.102002,363,793.470866
118.102002,363,794.921421
118.102002,363,795.095838
18.420991,358,795.221274
118.102002,363,795.394916
118.102002,363,795.522102
118.102002,363,795.648096
118.102002,363,795.820999
118.102002,363,795.94718
118.102002,363,796.07362
118.102002,363,796.247927
118.102002,363,796.373929
118.102002,363,796.499374
118.102002,363,796.673946
118.102002,363,796.799741
118.102002,363,796.925227
118.102002,363,797.115966
118.102002,363,797.242287
118.102002,363,797.367681
18.760608,361,797.540676
118.102002,363,797.666487
118.102002,363,797.843175
118.102002,363,797.969753
118.102002,363,798.095803
118.102002,363,798.27018
118.102002,363,798.396355
118.102002,363,798.521953
118.102002,363,798.709326
118.102002,363,798.849842
18.420991,358,798.99197
118.102002,363,799.191718
118.102002,363,799.318366
118.102002,363,799.444681
118.102002,363,799.618704
118.102002,363,799.744302
118.102002,363,799.87075
118.102002,363,800.044977
118.102002,363,800.170566
118.102002,363,800.345393
118.102002,363,800.471489
118.102002,363,800.597143
118.102002,363,800.770863
118.102002,363,800.915543
118.102002,363,801.069189
118.102002,363,801.307413
118.102002,363,801.454262
118.102002,363,801.594905
118.102002,363,801.781062
118.102002,363,801.915286
118.102002,363,802.0464
118.102002,363,802.221123
118.102002,363,802.346849
118.102002,363,802.520744
118.102002,363,802.64678
118.102002,363,802.772519
118.102002,363,802.946092
118.102002,363,804.295147
118.102002,363,804.421736
118.102002,363,804.596581
118.102002,363,804.723026
118.102002,363,804.849718
118.102002,363,805.036363
18.420991,358,805.172867
118.102002,363,805.332487
118.102002,363,805.568465
118.102002,363,805.716177
118.102002,363,805.858342
118.102002,363,806.043311
118.102002,363,806.178365
18.760608,361,806.35378
118.102002,363,806.479993
118.102002,363,806.605462
118.102002,363,806.779704
118.102002,363,806.905612
18.420991,358,807.029664
118.102002,363,807.203977
18.420991,358,807.328281
118.102002,363,807.454006
118.102002,363,807.628016
18.420991,358,807.752302
118.102002,363,807.892054
118.102002,363,808.081837
18.420991,358,808.218432
118.102002,363,808.358631
118.102002,363,808.541718
118.102002,363,808.66924
118.102002,363,808.843032
118.102002,363,808.969002
118.102002,363,809.095709
118.102002,363,809.270493
118.102002,363,809.399029
118.102002,363,809.52475
118.102002,363,809.741795
118.102002,363,809.882467
118.102002,363,810.03245
118.102002,363,810.227136
118.102002,363,810.365121
118.102002,363,810.501213
118.102002,363,810.681294
118.102002,363,810.807264
118.102002,363,810.980673
18.760608,361,811.105805
118.102002,363,811.23182
18.760608,361,811.405241
118.102002,363,811.546584
118.102002,363,811.67221
118.102002,363,811.846361
118.102002,363,811.971889
118.102002,363,812.097508
118.102002,363,812.272092
118.102002,363,812.397745
118.102002,363,813.809454
118.102002,363,814.005335
118.102002,363,814.131298
118.102002,363,814.257698
118.102002,363,814.433988
118.102002,363,814.559984
118.102002,363,814.733883
118.102002,363,814.861306
118.102002,363,814.987403
118.102002,363,815.167745
118.102002,363,815.2969
118.102002,363,815.42269
118.102002,363,815.606813
118.102002,363,815.745532
118.102002,363,815.91184
118.102002,363,816.110802
118.102002,363,816.249281
118.102002,363,816.384787
118.102002,363,816.566361
118.102002,363,816.6924
118.102002,363,816.818042
18.760608,361,816.991733
118.102002,363,817.117815
118.102002,363,817.291179
118.102002,363,817.417259
118.102002,363,817.544174
118.102002,363,817.731498
118.102002,363,817.886669
118.102002,363,818.032911
118.102002,363,818.222216
118.102002,363,818.360781
118.102002,363,818.495441
18.420991,358,818.672268
18.420991,358,818.796508
118.102002,363,818.922457
118.102002,363,819.100628
18.760608,361,819.22527
118.102002,363,819.350518
118.102002,363,819.524964
118.102002,363,819.650495
118.102002,363,819.826215
118.102002,363,819.969054
118.102002,363,820.095069
118.102002,363,820.276106
118.102002,363,820.415601
118.102002,363,820.558305
118.102002,363,820.757394
118.102002,363,820.895267
118.102002,363,821.032309
118.102002,363,821.213449
18.420991,358,821.338206
118.102002,363,821.464682
118.102002,363,821.638819
118.102002,363,821.764745
118.102002,363,821.954695
118.102002,363,823.285408
118.102002,363,823.413077
118.102002,363,823.589628
118.102002,363,823.717105
118.102002,363,823.843633
118.102002,363,824.018379
118.102002,363,824.14397
118.102002,363,824.269788
118.102002,363,824.455193
118.102002,363,824.593579
118.102002,363,824.762542
118.102002,363,824.951644
118.102002,363,825.088209
118.102002,363,825.222527
118.102002,363,825.398492
118.102002,363,825.524312
118.102002,363,825.698432
118.102002,363,825.824863
118.102002,363,825.95056
118.102002,363,826.125151
118.102002,363,826.25128
118.102002,363,826.37714
118.102002,363,826.551626
118.102002,363,826.677964
118.102002,363,826.803738
118.102002,363,826.979303
118.102002,363,827.121505
118.102002,363,827.247398
118.102002,363,827.423643
118.102002,363,827.56137
118.102002,363,827.755839
118.102002,363,827.892603
118.102002,363,828.028892
118.102002,363,828.215777
118.102002,363,828.342169
118.102002,363,828.468705
118.102002,363,828.642535
118.102002,363,828.7686
118.102002,363,828.894242
18.420991,358,829.082364
18.420991,358,829.206474
118.102002,363,829.33242
118.102002,363,829.50582
118.102002,363,829.631369
118.102002,363,829.756375
118.102002,363,829.93344
118.102002,363,830.059397
118.102002,363,830.233798
118.102002,363,830.359906
118.102002,363,830.485476
118.102002,363,830.659994
118.102002,363,830.7861
118.102002,363,830.91163
118.102002,363,831.092712
118.102002,363,831.23238
118.102002,363,832.634427
118.102002,363,832.809196
118.102002,363,832.93607
118.102002,363,833.06181
118.102002,363,833.236851
118.102002,363,833.378793
118.102002,363,833.504385
118.102002,363,833.679059
118.102002,363,833.804333
118.102002,363,833.977738
118.102002,363,834.103455
118.102002,363,834.230098
118.102002,363,834.403607
118.102002,363,834.529009
118.102002,363,834.654837
118.102002,363,834.829454
18.420991,358,834.953854
118.102002,363,835.079051
118.102002,363,835.253315
118.102002,363,835.379043
118.102002,363,835.504387
118.102002,363,835.679151
118.102002,363,835.804544
118.102002,363,835.99539
118.102002,363,836.125657
118.102002,363,836.261343
118.102002,363,836.474481
118.102002,363,836.610578
118.102002,363,836.743818
118.102002,363,836.917659
18.420991,358,837.04241
118.102002,363,837.168078
118.102002,363,837.341334
118.102002,363,837.467634
118.102002,363,837.592543
118.102002,363,837.76693
118.102002,363,837.90914
118.102002,363,838.034736
118.102002,363,838.222634
118.102002,363,838.362268
118.102002,363,838.562306
118.102002,363,838.692683
118.102002,363,838.819599
118.102002,363,838.993529
118.102002,363,839.119162
118.102002,363,839.244496
118.102002,363,839.419034
118.102002,363,839.544754
118.102002,363,839.685743
118.102002,363,839.861578
118.102002,363,840.000702
118.102002,363,840.139566
118.102002,363,840.365952
118.102002,363,840.505064
118.102002,363,840.641302
118.102002,363,842.043392
18.760608,361,842.169086
118.102002,363,842.342421
118.102002,363,842.468468
118.102002,363,842.593996
118.102002,363,842.777044
118.102002,363,842.914528
18.420991,358,843.062835
118.102002,363,843.248969
118.102002,363,843.382994
118.102002,363,843.529924
118.102002,363,843.706225
118.102002,363,843.831336
118.102002,363,843.957469
118.102002,363,844.134233
118.102002,363,844.259467
118.102002,363,844.432457
118.102002,363,844.558208
118.102002,363,844.683552
118.102002,363,844.859714
118.102002,363,844.98578
118.102002,363,845.111011
18.420991,358,845.284148
118.102002,363,845.41023
118.102002,363,845.535609
118.102002,363,845.71024
18.420991,358,845.834802
118.102002,363,845.9605
118.102002,363,846.134684
118.102002,363,846.26033
118.102002,363,846.391095
118.102002,363,846.583008
118.102002,363,846.720648
118.102002,363,846.921828
118.102002,363,847.056195
118.102002,363,847.185027
118.102002,363,847.35965
118.102002,363,847.485277
118.102002,363,847.610645
118.102002,363,847.801167
118.102002,363,847.926621
118.102002,363,848.051584
118.102002,363,848.233999
118.102002,363,848.374347
118.102002,363,848.530669
118.102002,363,848.725103
118.102002,363,848.864079
118.102002,363,848.999372
118.102002,363,849.180162
118.102002,363,849.305848
118.102002,363,849.478887
118.102002,363,849.605353
118.102002,363,849.730692
118.102002,363,849.905703
118.102002,363,850.032239
118.102002,363,850.157952
118.102002,363,851.535182
118.102002,363,851.66199
118.102002,363,851.787949
118.102002,363,851.961665
118.102002,363,852.103149
18.420991,358,852.226802
118.102002,363,852.415835
118.102002,363,852.555557
118.102002,363,852.737035
118.102002,363,852.864102
118.102002,363,852.989803
118.102002,363,853.163828
118.102002,363,853.28978
118.102002,363,853.415378
118.102002,363,853.587831
18.420991,358,853.712786
18.420991,358,853.837083
118.102002,363,854.010235
118.102002,363,854.135978
118.102002,363,854.262449
118.102002,363,854.435954
118.102002,363,854.561516
118.102002,363,854.687688
18.420991,358,854.861111
118.102002,363,854.987062
118.102002,363,855.161918
118.102002,363,855.289234
118.102002,363,855.416524
118.102002,363,855.617954
118.102002,363,855.763451
118.102002,363,855.912064
118.102002,363,856.125463
118.102002,363,856.260338
118.102002,363,856.392807
118.102002,363,856.567875
118.102002,363,856.693655
118.102002,363,856.819306
118.102002,363,856.99301
118.102002,363,857.118504
118.102002,363,857.25019
118.102002,363,857.462591
118.102002,363,857.607654
118.102002,363,857.795212
18.760608,361,857.929553
118.102002,363,858.063461
18.760608,361,858.236247
118.102002,363,858.361842
118.102002,363,858.487754
118.102002,363,858.661049
118.102002,363,858.786634
118.102002,363,858.911964
118.102002,363,859.089591
118.102002,363,859.215006
118.102002,363,859.34022
118.102002,363,859.514653
118.102002,363,860.945643
118.102002,363,861.119523
118.102002,363,861.246
118.102002,363,861.371359
118.102002,363,861.545234
118.102002,363,861.671209
118.102002,363,861.796896
118.102002,363,861.971464
118.102002,363,862.097375
118.102002,363,862.223199
118.102002,363,862.398374
118.102002,363,862.524355
18.760608,361,862.648944
118.102002,363,862.822003
118.102002,363,862.948425
118.102002,363,863.073532
118.102002,363,863.262858
118.102002,363,863.404151
118.102002,363,863.596997
118.102002,363,863.734462
118.102002,363,863.868749
118.102002,363,864.064363
118.102002,363,864.190708
118.102002,363,864.316203
118.102002,363,864.490622
118.102002,363,864.616436
18.760608,361,864.74076
18.760608,361,864.925852
18.760608,361,865.068074
118.102002,363,865.210234
118.102002,363,865.393096
118.102002,363,865.519845
118.102002,363,865.647006
118.102002,363,865.821485
118.102002,363,865.946761
118.102002,363,866.120472
118.102002,363,866.246398
118.102002,363,866.371825
118.102002,363,866.545799
118.102002,363,866.67135
118.102002,363,866.796287
118.102002,363,866.970072
118.102002,363,867.095766
118.102002,363,867.221152
118.102002,363,867.395228
118.102002,363,867.520731
118.102002,363,867.646387
118.102002,363,867.821104
118.102002,363,867.952973
118.102002,363,868.179176
118.102002,363,868.349278
118.102002,363,868.490889
118.102002,363,868.676556
118.102002,363,868.811144
118.102002,363,868.942999
118.102002,363,870.322802
118.102002,363,870.453013
118.102002,363,870.582542
118.102002,363,870.758092
118.102002,363,870.883467
118.102002,363,871.008738
118.102002,363,871.182754
118.102002,363,871.308069
118.102002,363,871.43317
118.102002,363,871.607357
118.102002,363,871.73288
118.102002,363,871.906155
118.102002,363,872.032286
118.102002,363,872.157497
118.102002,363,872.330343
118.102002,363,872.456673
118.102002,363,872.581965
118.102002,363,872.755959
118.102002,363,872.88195
118.102002,363,873.00744
18.760608,361,873.201746
118.102002,363,873.340237
118.102002,363,873.487783
118.102002,363,873.673937
118.102002,363,873.808062
118.102002,363,873.985676
118.102002,363,874.111663
118.102002,363,874.237042
118.102002,363,874.410964
118.102002,363,874.537331
18.760608,361,874.661765
118.102002,363,874.835707
118.102002,363,874.962562
118.102002,363,875.091514
118.102002,363,875.280519
118.102002,363,875.427886
118.102002,363,875.571527
118.102002,363,875.756346
118.102002,363,875.888851
18.760608,361,876.014054
118.102002,363,876.188158
118.102002,363,876.313666
118.102002,363,876.487485
118.102002,363,876.613329
118.102002,363,876.75365
118.102002,363,876.928327
118.102002,363,877.053751
118.102002,363,877.179087
118.102002,363,877.353315
118.102002,363,877.478721
118.102002,363,877.60355
118.102002,363,877.777155
118.102002,363,877.902348
118.102002,363,878.027624
118.102002,363,878.201528
118.102002,363,879.556181
118.102002,363,879.699867
118.102002,363,879.898162
118.102002,363,880.032012
118.102002,363,880.209848
118.102002,363,880.336321
118.102002,363,880.461764
118.102002,363,880.637218
118.102002,363,880.763123
118.102002,363,880.889084
118.102002,363,881.063851
118.102002,363,881.18993
118.102002,363,881.315443
118.102002,363,881.489131
118.102002,363,881.629807
18.420991,358,881.753764
118.102002,363,881.927552
118.102002,363,882.052845
118.102002,363,882.226192
118.102002,363,882.352418
118.102002,363,882.477859
118.102002,363,882.651539
118.102002,363,882.77728
118.102002,363,882.90263
118.102002,363,883.080342
118.102002,363,883.22055
118.102002,363,883.368921
118.102002,363,883.559621
18.420991,358,883.694356
118.102002,363,883.828321
118.102002,363,884.002656
118.102002,363,884.128738
118.102002,363,884.254561
18.420991,358,884.428218
118.102002,363,884.553911
118.102002,363,884.727919
118.102002,363,884.858788
118.102002,363,884.99355
118.102002,363,885.210493
118.102002,363,885.357182
118.102002,363,885.48718
118.102002,363,885.661952
118.102002,363,885.78801
118.102002,363,885.914186
118.102002,363,886.087954
18.420991,358,886.212194
118.102002,363,886.337848
118.102002,363,886.512615
118.102002,363,886.638331
118.102002,363,886.763965
118.102002,363,886.938971
18.420991,358,887.063
118.102002,363,887.236753
118.102002,363,887.362876
118.102002,363,887.489446
118.102002,363,888.868332
118.102002,363,888.994448
118.102002,363,889.120141
118.102002,363,889.294633
118.102002,363,889.420544
118.102002,363,889.546084
118.102002,363,889.720472
118.102002,363,889.847387
118.102002,363,889.973127
118.102002,363,890.148386
118.102002,363,890.274309
118.102002,363,890.451406
118.102002,363,890.602526
118.102002,363,890.740661
118.102002,363,890.921138
118.102002,363,891.047242
118.102002,363,891.173285
118.102002,363,891.347001
118.102002,363,891.472578
118.102002,363,891.597834
118.102002,363,891.771294
118.102002,363,891.896902
118.102002,363,892.022267
118.102002,363,892.196426
118.102002,363,892.322368
118.102002,363,892.447969
118.102002,363,892.621338
118.102002,363,892.74779
118.102002,363,892.923472
118.102002,363,893.059936
118.102002,363,893.212237
118.102002,363,893.405425
118.102002,363,893.540053
118.102002,363,893.672105
118.102002,363,893.847772
118.102002,363,893.973749
118.102002,363,894.099463
118.102002,363,894.291113
118.102002,363,894.416958
118.102002,363,894.5424
118.102002,363,894.716941
118.102002,363,894.843646
118.102002,363,894.969513
118.102002,363,895.144095
118.102002,363,895.269709
118.102002,363,895.443073
118.102002,363,895.569617
118.102002,363,895.695715
118.102002,363,895.869306
118.102002,363,895.994751
118.102002,363,896.121111
118.102002,363,896.302247
118.102002,363,896.439411
118.102002,363,896.584756
118.102002,363,896.76923
118.102002,363,898.106932
118.102002,363,898.233186
18.760608,361,898.406389
118.102002,363,898.532345
118.102002,363,898.722952
118.102002,363,898.850312
118.102002,363,898.977937
118.102002,363,899.151469
18.760608,361,899.27743
18.760608,361,899.401552
118.102002,363,899.574559
118.102002,363,899.700383
118.102002,363,899.827466
118.102002,363,900.002113
18.760608,361,900.127013
118.102002,363,900.25336
118.102002,363,900.427049
118.102002,363,900.552631
118.102002,363,900.678692
118.102002,363,900.852738
118.102002,363,900.978513
118.102002,363,901.152928
118.102002,363,901.278761
118.102002,363,901.405022
118.102002,363,901.579381
118.102002,363,901.705205
118.102002,363,901.830938
118.102002,363,902.011731
18.420991,358,902.148226
118.102002,363,902.288
118.102002,363,902.483644
118.102002,363,902.610326
118.102002,363,902.736288
118.102002,363,902.910899
118.102002,363,903.036699
118.102002,363,903.227409
18.760608,361,903.353247
18.760608,361,903.477817
118.102002,363,903.651793
118.102002,363,903.782524
118.102002,363,903.924081
118.102002,363,904.130678
118.102002,363,904.269814
118.102002,363,904.406842
118.102002,363,904.589976
118.102002,363,904.716192
118.102002,363,904.842605
118.102002,363,905.016815
118.102002,363,905.143492
118.102002,363,905.268645
118.102002,363,905.443169
118.102002,363,905.56958
118.102002,363,905.743256
118.102002,363,905.869221
118.102002,363,905.994858
118.102002,363,907.429604
118.102002,363,907.565766
118.102002,363,907.691761
118.102002,363,907.865647
118.102002,363,907.991582
118.102002,363,908.117248
118.102002,363,908.290762
118.102002,363,908.417149
118.102002,363,908.542359
118.102002,363,908.729318
118.102002,363,908.869731
118.102002,363,909.026598
118.102002,363,909.213609
118.102002,363,909.350591
118.102002,363,909.532858
118.102002,363,909.659787
118.102002,363,909.785659
118.102002,363,909.961495
118.102002,363,910.087269
118.102002,363,910.212405
118.102002,363,910.386815
118.102002,363,910.512716
118.102002,363,910.638176
118.102002,363,910.812089
118.102002,363,910.937497
18.420991,358,911.061165
118.102002,363,911.244826
118.102002,363,911.374072
118.102002,363,911.565938
118.102002,363,911.692423
118.102002,363,911.817944
118.102002,363,911.995219
118.102002,363,912.131659
118.102002,363,912.273669
118.102002,363,912.46109
118.102002,363,912.587922
118.102002,363,912.714342
118.102002,363,912.888942
118.102002,363,913.014997
118.102002,363,913.140468
118.102002,363,913.3152
118.102002,363,913.44101
118.102002,363,913.566454
118.102002,363,913.742485
118.102002,363,913.868282
118.102002,363,914.045694
118.102002,363,914.184101
18.760608,361,914.332142
118.102002,363,914.521906
118.102002,363,914.655518
118.102002,363,914.782433
118.102002,363,914.958375
118.102002,363,915.084001
118.102002,363,915.209308
118.102002,363,915.39988
118.102002,363,915.525458
118.102002,363,916.855225
118.102002,363,917.029511
118.102002,363,917.155418
118.102002,363,917.28093
118.102002,363,917.455642
118.102002,363,917.581382
118.102002,363,917.754785
118.102002,363,917.881915
118.102002,363,918.007009
118.102002,363,918.180831
118.102002,363,918.307444
118.102002,363,918.433252
118.102002,363,918.607057
118.102002,363,918.733254
118.102002,363,918.859145
118.102002,363,919.047451
118.102002,363,919.186948
118.102002,363,919.336089
118.102002,363,919.5208
118.102002,363,919.65021
118.102002,363,919.843518
118.102002,363,919.970001
118.102002,363,920.09556
118.102002,363,920.269736
118.102002,363,920.396323
118.102002,363,920.52188
118.102002,363,920.695447
118.102002,363,920.824446
118.102002,363,920.96366
118.102002,363,921.161704
118.102002,363,921.298283
118.102002,363,921.432465
18.420991,358,921.604016
118.102002,363,921.730187
118.102002,363,921.855593
118.102002,363,922.031044
18.420991,358,922.155391
18.420991,358,922.327542
118.102002,363,922.453825
118.102002,363,922.579938
118.102002,363,922.753182
118.102002,363,922.879985
118.102002,363,923.00553
118.102002,363,923.178941
118.102002,363,923.305498
118.102002,363,923.431153
118.102002,363,923.604583
118.102002,363,923.730038
118.102002,363,923.856382
18.420991,358,924.028433
118.102002,363,924.154135
118.102002,363,924.28033
118.102002,363,924.471404
118.102002,363,924.597094
118.102002,363,924.775343
118.102002,363,926.205695
118.102002,363,926.332072
118.102002,363,926.506067
118.102002,363,926.632336
118.102002,363,926.75818
118.102002,363,926.932844
118.102002,363,927.058553
118.102002,363,927.184119
118.102002,363,927.35899
118.102002,363,927.484462
118.102002,363,927.610274
118.102002,363,927.785
118.102002,363,927.910945
118.102002,363,928.084455
118.102002,363,928.211339
118.102002,363,928.33696
118.102002,363,928.510877
118.102002,363,928.638212
118.102002,363,928.764092
118.102002,363,928.957128
118.102002,363,929.083148
118.102002,363,929.209163
118.102002,363,929.384243
118.102002,363,929.510227
118.102002,363,929.636098
118.102002,363,929.811913
118.102002,363,929.944166
118.102002,363,930.08214
118.102002,363,930.294452
118.102002,363,930.42133
118.102002,363,930.596731
118.102002,363,930.72344
118.102002,363,930.850516
118.102002,363,931.024234
118.102002,363,931.1514
118.102002,363,931.277657
118.102002,363,931.451891
118.102002,363,931.578811
118.102002,363,931.704663
118.102002,363,931.878923
118.102002,363,932.005498
118.102002,363,932.131107
118.102002,363,932.320462
118.102002,363,932.458634
118.102002,363,932.661271
118.102002,363,932.788785
118.102002,363,932.921928
118.102002,363,933.097392
118.102002,363,933.224031
118.102002,363,933.349972
118.102002,363,933.525326
118.102002,363,933.65141
118.102002,363,933.777431
118.102002,363,933.953028
118.102002,363,934.07905
118.102002,363,935.453475
118.102002,363,935.6482
118.102002,363,935.780394
118.102002,363,935.908091
118.102002,363,936.082983
118.102002,363,936.209404
118.102002,363,936.383172
118.102002,363,936.509181
118.102002,363,936.63573
118.102002,363,936.809745
18.420991,358,936.93467
118.102002,363,937.060251
118.102002,363,937.234471
118.102002,363,937.377871
118.102002,363,937.507813
118.102002,363,937.682373
118.102002,363,937.808173
118.102002,363,937.93376
118.102002,363,938.108694
118.102002,363,938.235085
118.102002,363,938.36092
118.102002,363,938.536233
118.102002,363,938.661646
118.102002,363,938.836778
118.102002,363,938.963175
118.102002,363,939.088887
118.102002,363,939.26324
118.102002,363,939.395928
118.102002,363,939.54455
118.102002,363,939.747374
118.102002,363,939.883309
118.102002,363,940.015057
118.102002,363,940.190458
118.102002,363,940.316527
118.102002,363,940.442313
118.102002,363,940.61703
118.102002,363,940.743251
118.102002,363,940.916647
118.102002,363,941.046228
118.102002,363,941.180074
118.102002,363,941.418971
118.102002,363,941.549712
118.102002,363,941.677757
118.102002,363,941.851066
118.102002,363,941.97754
118.102002,363,942.103395
118.102002,363,942.277585
118.102002,363,942.403707
18.420991,358,942.527725
118.102002,363,942.702425
118.102002,363,942.828164
18.420991,358,942.952202
118.102002,363,943.126169
118.102002,363,943.251578
18.420991,358,943.422826
118.102002,363,944.755561
118.102002,363,944.882935
118.102002,363,945.05718
118.102002,363,945.183477
118.102002,363,945.309185
118.102002,363,945.483855
118.102002,363,945.609995
118.102002,363,945.735486
118.102002,363,945.910721
118.102002,363,946.036823
118.102002,363,946.162568
118.102002,363,946.337422
118.102002,363,946.478822
118.102002,363,946.606543
118.102002,363,946.793843
118.102002,363,946.935689
118.102002,363,947.113103
18.760608,361,947.238886
118.102002,363,947.364851
118.102002,363,947.538891
118.102002,363,947.664337
118.102002,363,947.789992
118.102002,363,947.963728
118.102002,363,948.089678
118.102002,363,948.215179
118.102002,363,948.389692
118.102002,363,948.5151
118.102002,363,948.642656
118.102002,363,948.865959
118.102002,363,949.010205
118.102002,363,949.197811
118.102002,363,949.333105
118.102002,363,949.459507
118.102002,363,949.632746
118.102002,363,949.759436
118.102002,363,949.88611
118.102002,363,950.077057
118.102002,363,950.202601
118.102002,363,950.328148
118.102002,363,950.502399
18.760608,361,950.627354
118.102002,363,950.753011
118.102002,363,950.927274
118.102002,363,951.053079
118.102002,363,951.178738
118.102002,363,951.35333
118.102002,363,951.47898
118.102002,363,951.6552
118.102002,363,951.788414
118.102002,363,951.946791
118.102002,363,952.139038
118.102002,363,952.275735
18.760608,361,952.40878
118.102002,363,952.582953
118.102002,363,952.70958
118.102002,363,954.082683
118.102002,363,954.275089
118.102002,363,954.401489
118.102002,363,954.526736
118.102002,363,954.701747
118.102002,363,954.827449
118.102002,363,955.001647
118.102002,363,955.128706
118.102002,363,955.254514
118.102002,363,955.428504
118.102002,363,955.55441
118.102002,363,955.679803
118.102002,363,955.85445
118.102002,363,955.980494
118.102002,363,956.106072
118.102002,363,956.280051
118.102002,363,956.405977
118.102002,363,956.531574
118.102002,363,956.705799
118.102002,363,956.831569
118.102002,363,956.956846
118.102002,363,957.149539
118.102002,363,957.290987
118.102002,363,957.483354
118.102002,363,957.614183
118.102002,363,957.741651
118.102002,363,957.916968
118.102002,363,958.042495
118.102002,363,958.168797
118.102002,363,958.34456
118.102002,363,958.470683
118.102002,363,958.59713
118.102002,363,958.803218
118.102002,363,958.946489
118.102002,363,959.094737
118.102002,363,959.282346
118.102002,363,959.410568
118.102002,363,959.536896
118.102002,363,959.711252
118.102002,363,959.836709
118.102002,363,960.010841
118.102002,363,960.137027
118.102002,363,960.262702
118.102002,363,960.436917
118.102002,363,960.562827
118.102002,363,960.688985
118.102002,363,960.862798
118.102002,363,960.988832
118.102002,363,961.115386
118.102002,363,961.289206
118.102002,363,961.414922
118.102002,363,961.541161
118.102002,363,961.714366
118.102002,363,961.839931
118.102002,363,962.014133
118.102002,363,963.347811
118.102002,363,963.479069
118.102002,363,963.695512
118.102002,363,963.837036
118.102002,363,963.965485
118.102002,363,964.13974
118.102002,363,964.26635
118.102002,363,964.391954
118.102002,363,964.565596
118.102002,363,964.692229
118.102002,363,964.81769
118.102002,363,964.995335
118.102002,363,965.121235
118.102002,363,965.246797
118.102002,363,965.423661
118.102002,363,965.549969
118.102002,363,965.724042
118.102002,363,965.850951
118.102002,363,965.976473
118.102002,363,966.150927
118.102002,363,966.27713
118.102002,363,966.402868
118.102002,363,966.578445
118.102002,363,966.704513
118.102002,363,966.830296
118.102002,363,967.005617
118.102002,363,967.131655
118.102002,363,967.257192
118.102002,363,967.444208
118.102002,363,967.581821
118.102002,363,967.777381
18.760608,361,967.903077
118.102002,363,968.030172
118.102002,363,968.205156
118.102002,363,968.330983
118.102002,363,968.456499
18.760608,361,968.630792
118.102002,363,968.756954
118.102002,363,968.882834
118.102002,363,969.057853
118.102002,363,969.190675
118.102002,363,969.331966
118.102002,363,969.525896
118.102002,363,969.669191
118.102002,363,969.795551
118.102002,363,969.973373
18.760608,361,970.098245
118.102002,363,970.272558
118.102002,363,970.398673
118.102002,363,970.524395
118.102002,363,970.698653
118.102002,363,970.824368
118.102002,363,970.949943
118.102002,363,971.125001
118.102002,363,971.250818
118.102002,363,972.588844
118.102002,363,972.762492
118.102002,363,972.890611
118.102002,363,973.016268
118.102002,363,973.190868
118.102002,363,973.317603
118.102002,363,973.443617
118.102002,363,973.617528
118.102002,363,973.744486
118.102002,363,973.917939
118.102002,363,974.044947
118.102002,363,974.171028
118.102002,363,974.344699
118.102002,363,974.471779
118.102002,363,974.597799
118.102002,363,974.772362
118.102002,363,974.8998
118.102002,363,975.025619
118.102002,363,975.211783
118.102002,363,975.36382
118.102002,363,975.506851
118.102002,363,975.691108
118.102002,363,975.824504
18.420991,358,975.996668
18.760608,361,976.121429
118.102002,363,976.247842
118.102002,363,976.420936
118.102002,363,976.546781
118.102002,363,976.673183
118.102002,363,976.847712
118.102002,363,976.973649
118.102002,363,977.099976
118.102002,363,977.279745
118.102002,363,977.418576
118.102002,363,977.562065
118.102002,363,977.765759
118.102002,363,977.901644
118.102002,363,978.034455
118.102002,363,978.208224
118.102002,363,978.350225
118.102002,363,978.524232
118.102002,363,978.650164
118.102002,363,978.776622
118.102002,363,978.955669
18.420991,358,979.08784
118.102002,363,979.22746
118.102002,363,979.434795
118.102002,363,979.572593
118.102002,363,979.708085
118.102002,363,979.888015
118.102002,363,980.014372
118.102002,363,980.15511
118.102002,363,980.329527
118.102002,363,980.456422
118.102002,363,980.582022
118.102002,363,981.963808
118.102002,363,982.100571
118.102002,363,982.341543
118.102002,363,982.480321
118.102002,363,982.615137
118.102002,363,982.791746
118.102002,363,982.917592
118.102002,363,983.043461
118.102002,363,983.218875
118.102002,363,983.344864
118.102002,363,983.4707
118.102002,363,983.645147
118.102002,363,983.771073
118.102002,363,983.89673
118.102002,363,984.071033
118.102002,363,984.196743
118.102002,363,984.385116
118.102002,363,984.511686
118.102002,363,984.636947
118.102002,363,984.811165
118.102002,363,984.937514
118.102002,363,985.063107
118.102002,363,985.237676
118.102002,363,985.363405
118.102002,363,985.48927
118.102002,363,985.663749
118.102002,363,985.789659
118.102002,363,985.914919
118.102002,363,986.10142
118.102002,363,986.239656
118.102002,363,986.393067
18.760608,361,986.567105
118.102002,363,986.693656
118.102002,363,986.86873
118.102002,363,986.994897
118.102002,363,987.1205
118.102002,363,987.295018
118.102002,363,987.421239
118.102002,363,987.547102
118.102002,363,987.760203
118.102002,363,987.898271
118.102002,363,988.052641
118.102002,363,988.235025
118.102002,363,988.362416
118.102002,363,988.488031
118.102002,363,988.663106
118.102002,363,988.788718
118.102002,363,988.962792
118.102002,363,989.08997
118.102002,363,989.215591
118.102002,363,989.390295
118.102002,363,989.517365
118.102002,363,989.645206
118.102002,363,989.820618
118.102002,363,989.964296
118.102002,363,991.303435
118.102002,363,991.479055
118.102002,363,991.607075
118.102002,363,991.733468
118.102002,363,991.923653
118.102002,363,992.051202
118.102002,363,992.177593
118.102002,363,992.352586
18.420991,358,992.477123
118.102002,363,992.652423
118.102002,363,992.778702
118.102002,363,992.904729
118.102002,363,993.09452
118.102002,363,993.275772
118.102002,363,993.464394
118.102002,363,993.650857
118.102002,363,993.781687
118.102002,363,993.908817
118.102002,363,994.084675
118.102002,363,994.210832
118.102002,363,994.33675
118.102002,363,994.510254
118.102002,363,994.635556
118.102002,363,994.76354
118.102002,363,994.957591
118.102002,363,995.104741
118.102002,363,995.304279
118.102002,363,995.441522
118.102002,363,995.577832
118.102002,363,995.754812
118.102002,363,995.893232
118.102002,363,996.024207
118.102002,363,996.227835
118.102002,363,996.360519
118.102002,363,996.488808
118.102002,363,996.662865
118.102002,363,996.788146
118.102002,363,996.913286
118.102002,363,997.08824
118.102002,363,997.215818
118.102002,363,997.389547
118.102002,363,997.515179
118.102002,363,997.639977
118.102002,363,997.812074
118.102002,363,997.93691
118.102002,363,998.061212
118.102002,363,998.235384
118.102002,363,998.360864
118.102002,363,998.48561
118.102002,363,998.661726
118.102002,363,998.798293
118.102002,363,998.936131
118.102002,363,999.119091
118.102002,363,999.245244
118.102002,363,999.370006
118.102002,363,999.543934
118.102002,363,1000.994995
118.102002,363,1001.171723
118.102002,363,1001.298034
118.102002,363,1001.42499
118.102002,363,1001.603061
118.102002,363,1001.73303
118.102002,363,1001.862073
118.102002,363,1002.037767
118.102002,363,1002.16349
118.102002,363,1002.288654
118.102002,363,1002.476911
118.102002,363,1002.623161
118.102002,363,1002.77173
118.102002,363,1002.980622
118.102002,363,1003.130348
118.102002,363,1003.320061
18.760608,361,1003.455597
118.102002,363,1003.590371
118.102002,363,1003.768155
118.102002,363,1003.893751
118.102002,363,1004.019565
118.102002,363,1004.191463
118.102002,363,1004.316173
118.102002,363,1004.441686
118.102002,363,1004.614845
118.102002,363,1004.74003
118.102002,363,1004.866209
118.102002,363,1005.058004
118.102002,363,1005.203798
118.102002,363,1005.344567
118.102002,363,1005.53314
118.102002,363,1005.666155
118.102002,363,1005.841786
18.760608,361,1005.966626
118.102002,363,1006.092205
118.102002,363,1006.264396
118.102002,363,1006.389839
118.102002,363,1006.514947
18.760608,361,1006.687953
118.102002,363,1006.817408
118.102002,363,1006.943463
118.102002,363,1007.121445
118.102002,363,1007.266299
118.102002,363,1007.418991
18.760608,361,1007.610344
118.102002,363,1007.746627
118.102002,363,1007.878989
118.102002,363,1008.068075
118.102002,363,1008.201474
118.102002,363,1008.38269
118.102002,363,1008.509757
118.102002,363,1008.634933
118.102002,363,1008.807721
118.102002,363,1008.933355
118.102002,363,1009.058391
118.102002,363,1010.478333
118.102002,363,1010.625068
118.102002,363,1010.762025
118.102002,363,1010.943628
118.102002,363,1011.076381
118.102002,363,1011.202222
118.102002,363,1011.375266
118.102002,363,1011.500688
118.102002,363,1011.672993
118.102002,363,1011.798798
118.102002,363,1011.926813
118.102002,363,1012.098789
118.102002,363,1012.224997
118.102002,363,1012.350782
118.102002,363,1012.523041
118.102002,363,1012.648356
118.102002,363,1012.774073
118.102002,363,1012.94632
118.102002,363,1013.076568
118.102002,363,1013.201508
118.102002,363,1013.375565
118.102002,363,1013.50241
118.102002,363,1013.62725
118.102002,363,1013.801241
118.102002,363,1013.926956
118.102002,363,1014.109709
118.102002,363,1014.250643
118.102002,363,1014.391607
118.102002,363,1014.587041
118.102002,363,1014.72365
118.102002,363,1014.859735
118.102002,363,1015.042257
118.102002,363,1015.168813
118.102002,363,1015.29443
118.102002,363,1015.469431
118.102002,363,1015.595067
118.102002,363,1015.720467
118.102002,363,1015.905329
118.102002,363,1016.069165
118.102002,363,1016.261689
118.102002,363,1016.399123
118.102002,363,1016.533356
118.102002,363,1016.712293
118.102002,363,1016.838094
118.102002,363,1016.962965
118.102002,363,1017.136073
118.102002,363,1017.2721
118.102002,363,1017.402578
118.102002,363,1017.581519
118.102002,363,1017.707681
118.102002,363,1017.833693
18.760608,361,1018.006843
118.102002,363,1018.132143
118.102002,363,1018.258201
118.102002,363,1018.431837
118.102002,363,1019.76878
118.102002,363,1019.943017
118.102002,363,1020.069079
118.102002,363,1020.194237
118.102002,363,1020.367702
118.102002,363,1020.492828
118.102002,363,1020.617349
118.102002,363,1020.827353
118.102002,363,1020.977067
118.102002,363,1021.132704
118.102002,363,1021.322039
118.102002,363,1021.456053
118.102002,363,1021.583202
118.102002,363,1021.757126
118.102002,363,1021.882321
118.102002,363,1022.007756
118.102002,363,1022.180867
118.102002,363,1022.306395
118.102002,363,1022.479726
118.102002,363,1022.605495
118.102002,363,1022.730916
118.102002,363,1022.903624
118.102002,363,1023.029304
118.102002,363,1023.154757
118.102002,363,1023.344074
118.102002,363,1023.483646
118.102002,363,1023.622341
118.102002,363,1023.802249
118.102002,363,1023.928296
118.102002,363,1024.054735
118.102002,363,1024.227694
18.760608,361,1024.35161
118.102002,363,1024.524701
118.102002,363,1024.650021
118.102002,363,1024.775719
118.102002,363,1024.986423
118.102002,363,1025.150278
118.102002,363,1025.306302
118.102002,363,1025.499102
118.102002,363,1025.637008
118.102002,363,1025.771866
118.102002,363,1025.951946
118.102002,363,1026.078093
118.102002,363,1026.202836
118.102002,363,1026.376648
118.102002,363,1026.502752
118.102002,363,1026.627872
118.102002,363,1026.823373
118.102002,363,1026.987774
118.102002,363,1027.194367
118.102002,363,1027.334995
118.102002,363,1027.47251
118.102002,363,1027.654344
118.102002,363,1027.780286
118.102002,363,1027.905089
118.102002,363,1029.297566
118.102002,363,1029.424971
18.760608,361,1029.549354
118.102002,363,1029.726252
118.102002,363,1029.852015
118.102002,363,1029.977922
118.102002,363,1030.153273
118.102002,363,1030.27775
118.102002,363,1030.450753
118.102002,363,1030.576227
118.102002,363,1030.700813
118.102002,363,1030.872004
118.102002,363,1030.997722
118.102002,363,1031.12406
118.102002,363,1031.295988
118.102002,363,1031.421592
118.102002,363,1031.545977
118.102002,363,1031.718652
118.102002,363,1031.844855
118.102002,363,1031.970082
118.102002,363,1032.144146
118.102002,363,1032.277202
118.102002,363,1032.418377
118.102002,363,1032.630745
118.102002,363,1032.76371
118.102002,363,1032.938786
118.102002,363,1033.06443
118.102002,363,1033.189837
118.102002,363,1033.362105
118.102002,363,1033.487998
118.102002,363,1033.613934
118.102002,363,1033.787264
118.102002,363,1033.912574
118.102002,363,1034.038703
118.102002,363,1034.241208
118.102002,363,1034.385152
118.102002,363,1034.537298
118.102002,363,1034.721897
118.102002,363,1034.855251
118.102002,363,1034.983413
118.102002,363,1035.157663
118.102002,363,1035.283003
18.420991,358,1035.454078
118.102002,363,1035.579722
118.102002,363,1035.705526
118.102002,363,1035.87995
118.102002,363,1036.005478
118.102002,363,1036.130927
118.102002,363,1036.304713
118.102002,363,1036.430335
118.102002,363,1036.557141
118.102002,363,1036.732452
118.102002,363,1036.857899
118.102002,363,1036.983158
118.102002,363,1037.156197
118.102002,363,1038.477026
118.102002,363,1038.649545
118.102002,363,1038.775709
118.102002,363,1038.903717
118.102002,363,1039.080457
118.102002,363,1039.224556
118.102002,363,1039.366558
118.102002,363,1039.567696
118.102002,363,1039.704514
118.102002,363,1039.838528
118.102002,363,1040.017233
118.102002,363,1040.143385
118.102002,363,1040.268024
118.102002,363,1040.441464
118.102002,363,1040.567171
118.102002,363,1040.691904
118.102002,363,1040.863523
118.102002,363,1040.989414
118.102002,363,1041.164125
118.102002,363,1041.289454
118.102002,363,1041.415305
118.102002,363,1041.588481
118.102002,363,1041.714218
118.102002,363,1041.840205
118.102002,363,1042.022053
118.102002,363,1042.15923
118.102002,363,1042.296768
118.102002,363,1042.476033
118.102002,363,1042.604361
118.102002,363,1042.729911
118.102002,363,1042.904099
118.102002,363,1043.030289
118.102002,363,1043.213452
118.102002,363,1043.342157
118.102002,363,1043.467811
118.102002,363,1043.645419
118.102002,363,1043.773534
118.102002,363,1043.8992
118.102002,363,1044.10158
118.102002,363,1044.241626
118.102002,363,1044.381476
118.102002,363,1044.563506
118.102002,363,1044.692619
118.102002,363,1044.823939
118.102002,363,1045.002438
118.102002,363,1045.130155
118.102002,363,1045.256074
118.102002,363,1045.42939
118.102002,363,1045.554813
118.102002,363,1045.728127
118.102002,363,1045.853653
118.102002,363,1045.978944
118.102002,363,1046.151966
118.102002,363,1046.277733
118.102002,363,1046.402563
118.102002,363,1047.908246
118.102002,363,1048.03569
118.102002,363,1048.165079
18.760608,361,1048.342062
118.102002,363,1048.470338
118.102002,363,1048.595728
118.102002,363,1048.779259
118.102002,363,1048.922949
118.102002,363,1049.073099
118.102002,363,1049.280975
118.102002,363,1049.418078
118.102002,363,1049.600994
118.102002,363,1049.732718
118.102002,363,1049.869978
118.102002,363,1050.045045
118.102002,363,1050.170613
118.102002,363,1050.296166
118.102002,363,1050.469734
118.102002,363,1050.595735
118.102002,363,1050.720895
118.102002,363,1050.893994
118.102002,363,1051.01992
118.102002,363,1051.145424
118.102002,363,1051.325669
118.102002,363,1051.45207
118.102002,363,1051.626693
118.102002,363,1051.759682
118.102002,363,1051.901343
118.102002,363,1052.09003
118.102002,363,1052.224058
118.102002,363,1052.355615
118.102002,363,1052.529929
118.102002,363,1052.655955
118.102002,363,1052.782561
118.102002,363,1052.956155
118.102002,363,1053.08312
118.102002,363,1053.209445
118.102002,363,1053.387415
118.102002,363,1053.516443
118.102002,363,1053.64157
118.102002,363,1053.815187
18.420991,358,1053.946272
118.102002,363,1054.126156
118.102002,363,1054.265056
118.102002,363,1054.418945
118.102002,363,1054.614188
18.420991,358,1054.75004
118.102002,363,1054.883531
18.420991,358,1055.056618
118.102002,363,1055.189921
118.102002,363,1055.318352
118.102002,363,1055.490542
18.420991,358,1055.615299
118.102002,363,1055.74036
118.102002,363,1055.916828
18.420991,358,1057.241502
18.420991,358,1057.365696
118.102002,363,1057.538185
118.102002,363,1057.663152
118.102002,363,1057.835303
118.102002,363,1057.960488
118.102002,363,1058.093885
118.102002,363,1058.269106
18.420991,358,1058.393342
118.102002,363,1058.51864
118.102002,363,1058.691801
118.102002,363,1058.819455
118.102002,363,1058.950814
118.102002,363,1059.123462
118.102002,363,1059.248745
118.102002,363,1059.373508
118.102002,363,1059.546569
118.102002,363,1059.671878
118.102002,363,1059.848263
118.102002,363,1059.98467
118.102002,363,1060.135959
118.102002,363,1060.33981
118.102002,363,1060.478965
118.102002,363,1060.615344
118.102002,363,1060.798428
118.102002,363,1060.928461
118.102002,363,1061.054283
118.102002,363,1061.227829
118.102002,363,1061.35637
118.102002,363,1061.481589
118.102002,363,1061.669778
118.102002,363,1061.809206
118.102002,363,1061.96051
118.102002,363,1062.141551
118.102002,363,1062.2687
118.102002,363,1062.44046
118.102002,363,1062.565914
118.102002,363,1062.693834
118.102002,363,1062.871284
118.102002,363,1063.002737
118.102002,363,1063.130135
118.102002,363,1063.302793
118.102002,363,1063.431933
118.102002,363,1063.557035
118.102002,363,1063.730104
118.102002,363,1063.856325
118.102002,363,1063.981345
118.102002,363,1064.176572
118.102002,363,1064.313689
118.102002,363,1064.44836
118.102002,363,1064.631198
118.102002,363,1064.757822
118.102002,363,1064.950801
118.102002,363,1065.094783
118.102002,363,1065.236097
118.102002,363,1066.636511
118.102002,363,1066.762209
118.102002,363,1066.887214
118.102002,363,1067.060244
118.102002,363,1067.185815
118.102002,363,1067.313056
118.102002,363,1067.486419
118.102002,363,1067.611411
118.102002,363,1067.7369
118.102002,363,1067.925918
118.102002,363,1068.052598
118.102002,363,1068.224852
118.102002,363,1068.350558
118.102002,363,1068.47724
118.102002,363,1068.652208
118.102002,363,1068.779721
118.102002,363,1068.905299
118.102002,363,1069.077444
118.102002,363,1069.202856
118.102002,363,1069.331875
118.102002,363,1069.50831
118.102002,363,1069.634513
118.102002,363,1069.759369
118.102002,363,1069.95392
118.102002,363,1070.095711
118.102002,363,1070.246244
118.102002,363,1070.466712
118.102002,363,1070.603639
118.102002,363,1070.787321
118.102002,363,1070.918691
118.102002,363,1071.044282
118.102002,363,1071.217145
118.102002,363,1071.344621
118.102002,363,1071.469825
118.102002,363,1071.643036
118.102002,363,1071.767974
118.102002,363,1071.892594
118.102002,363,1072.082172
118.102002,363,1072.218501
118.102002,363,1072.35476
118.102002,363,1072.531979
118.102002,363,1072.656908
18.420991,358,1072.830966
118.102002,363,1072.957565
118.102002,363,1073.084173
118.102002,363,1073.258155
118.102002,363,1073.383922
118.102002,363,1073.508756
118.102002,363,1073.682312
118.102002,363,1073.808878
118.102002,363,1073.934487
118.102002,363,1074.145598
118.102002,363,1074.311435
118.102002,363,1074.458886
118.102002,363,1074.648746
118.102002,363,1074.784686
118.102002,363,1076.142646
118.102002,363,1076.349368
118.102002,363,1076.499491
118.102002,363,1076.684632
118.102002,363,1076.818968
118.102002,363,1076.951687
118.102002,363,1077.125509
118.102002,363,1077.25334
118.102002,363,1077.379699
118.102002,363,1077.559204
118.102002,363,1077.687287
118.102002,363,1077.815028
118.102002,363,1077.99054
118.102002,363,1078.118262
118.102002,363,1078.244171
118.102002,363,1078.419026
18.420991,358,1078.543131
118.102002,363,1078.668051
118.102002,363,1078.844837
118.102002,363,1078.972662
118.102002,363,1079.146305
118.102002,363,1079.272047
118.102002,363,1079.399611
118.102002,363,1079.578435
118.102002,363,1079.717077
118.102002,363,1079.861357
118.102002,363,1080.045151
118.102002,363,1080.173366
118.102002,363,1080.298708
118.102002,363,1080.470702
118.102002,363,1080.596626
118.102002,363,1080.721488
118.102002,363,1080.893867
118.102002,363,1081.019857
118.102002,363,1081.192153
118.102002,363,1081.317752
118.102002,363,1081.443169
118.102002,363,1081.662073
118.102002,363,1081.817072
118.102002,363,1081.964831
118.102002,363,1082.150783
118.102002,363,1082.287565
118.102002,363,1082.421198
118.102002,363,1082.594138
118.102002,363,1082.719306
118.102002,363,1082.844058
118.102002,363,1083.019744
118.102002,363,1083.145321
118.102002,363,1083.27029
118.102002,363,1083.443235
118.102002,363,1083.568094
118.102002,363,1083.73926
118.102002,363,1083.868425
118.102002,363,1083.995499
18.420991,358,1084.166963
118.102002,363,1085.493709
118.102002,363,1085.61874
118.102002,363,1085.790951
118.102002,363,1085.916255
118.102002,363,1086.04097
118.102002,363,1086.217869
118.102002,363,1086.342937
118.102002,363,1086.468131
118.102002,363,1086.641151
118.102002,363,1086.766445
118.102002,363,1086.891335
118.102002,363,1087.065664
118.102002,363,1087.195727
118.102002,363,1087.370364
118.102002,363,1087.495624
118.102002,363,1087.621131
118.102002,363,1087.799915
118.102002,363,1087.943695
118.102002,363,1088.089546
118.102002,363,1088.276145
118.102002,363,1088.412978
118.102002,363,1088.545803
118.102002,363,1088.719815
18.760608,361,1088.843731
118.102002,363,1088.968612
118.102002,363,1089.145955
18.760608,361,1089.270253
18.760608,361,1089.448752
118.102002,363,1089.588216
118.102002,363,1089.727865
118.102002,363,1089.91665
118.102002,363,1090.047843
118.102002,363,1090.175458
118.102002,363,1090.354809
118.102002,363,1090.483999
118.102002,363,1090.610636
118.102002,363,1090.784263
118.102002,363,1090.910098
118.102002,363,1091.037296
18.760608,361,1091.21339
118.102002,363,1091.339313
118.102002,363,1091.46634
118.102002,363,1091.641557
118.102002,363,1091.767663
118.102002,363,1091.940936
18.760608,361,1092.065718
118.102002,363,1092.191768
18.760608,361,1092.364069
118.102002,363,1092.490129
118.102002,363,1092.615888
118.102002,363,1092.788523
118.102002,363,1092.928713
118.102002,363,1093.068555
18.760608,361,1093.277855
118.102002,363,1093.42427
118.102002,363,1094.810453
118.102002,363,1095.024246
118.102002,363,1095.174121
118.102002,363,1095.319778
118.102002,363,1095.505718
118.102002,363,1095.641513
18.760608,361,1095.820409
118.102002,363,1095.947228
118.102002,363,1096.07355
118.102002,363,1096.249189
118.102002,363,1096.375137
118.102002,363,1096.501561
118.102002,363,1096.677921
118.102002,363,1096.806617
118.102002,363,1096.932853
118.102002,363,1097.107662
118.102002,363,1097.23448
118.102002,363,1097.360142
118.102002,363,1097.533343
118.102002,363,1097.660171
118.102002,363,1097.83511
118.102002,363,1097.964267
118.102002,363,1098.092105
118.102002,363,1098.265077
118.102002,363,1098.393194
118.102002,363,1098.527027
118.102002,363,1098.741258
118.102002,363,1098.892045
118.102002,363,1099.033766
118.102002,363,1099.220192
118.102002,363,1099.354789
118.102002,363,1099.483402
118.102002,363,1099.658425
118.102002,363,1099.786448
118.102002,363,1099.913753
118.102002,363,1100.092561
118.102002,363,1100.227704
118.102002,363,1100.442706
118.102002,363,1100.596535
118.102002,363,1100.734195
118.102002,363,1100.915221
118.102002,363,1101.045369
118.102002,363,1101.171068
118.102002,363,1101.344862
118.102002,363,1101.469758
118.102002,363,1101.594983
118.102002,363,1101.787264
118.102002,363,1101.913755
118.102002,363,1102.039592
118.102002,363,1102.213347
118.102002,363,1102.338472
118.102002,363,1102.511117
118.102002,363,1102.636226
118.102002,363,1102.760899
118.102002,363,1102.933976
118.102002,363,1104.255216
118.102002,363,1104.379957
118.102002,363,1104.552851
118.102002,363,1104.677918
118.102002,363,1104.803265
118.102002,363,1104.978082
118.102002,363,1105.102767
118.102002,363,1105.227331
118.102002,363,1105.417318
118.102002,363,1105.557303
118.102002,363,1105.69324
118.102002,363,1105.871051
118.102002,363,1106.002717
118.102002,363,1106.178119
118.102002,363,1106.304277
118.102002,363,1106.429014
18.420991,358,1106.599668
118.102002,363,1106.725341
118.102002,363,1106.850001
118.102002,363,1107.02267
118.102002,363,1107.148411
118.102002,363,1107.285313
118.102002,363,1107.463738
118.102002,363,1107.591577
118.102002,363,1107.717036
118.102002,363,1107.890938
118.102002,363,1108.016945
118.102002,363,1108.142994
118.102002,363,1108.33122
118.102002,363,1108.484727
118.102002,363,1108.682332
118.102002,363,1108.819175
118.102002,363,1108.956245
118.102002,363,1109.137667
118.102002,363,1109.264874
118.102002,363,1109.390221
118.102002,363,1109.56641
118.102002,363,1109.691701
118.102002,363,1109.817196
118.102002,363,1109.993655
118.102002,363,1110.119334
118.102002,363,1110.24461
18.760608,361,1110.433165
118.102002,363,1110.570667
118.102002,363,1110.753207
118.102002,363,1110.883352
118.102002,363,1111.01047
118.102002,363,1111.184876
118.102002,363,1111.310339
118.102002,363,1111.434946
118.102002,363,1111.607167
118.102002,363,1111.732369
118.102002,363,1111.857587
118.102002,363,1112.043469
118.102002,363,1112.186704
118.102002,363,1113.552989
118.102002,363,1113.725208
118.102002,363,1113.85036
118.102002,363,1113.978476
118.102002,363,1114.153182
118.102002,363,1114.27879
118.102002,363,1114.454473
118.102002,363,1114.583156
118.102002,363,1114.70884
118.102002,363,1114.884749
118.102002,363,1115.01848
118.102002,363,1115.1559
118.102002,363,1115.344594
118.102002,363,1115.476496
118.102002,363,1115.602595
118.102002,363,1115.776985
118.102002,363,1115.90481
118.102002,363,1116.046696
118.102002,363,1116.225246
118.102002,363,1116.351606
118.102002,363,1116.525085
118.102002,363,1116.657055
118.102002,363,1116.812466
118.102002,363,1117.039499
118.102002,363,1117.177802
118.102002,363,1117.314663
18.420991,358,1117.495311
18.420991,358,1117.621398
118.102002,363,1117.74624
118.102002,363,1117.919004
118.102002,363,1118.044717
118.102002,363,1118.169781
118.102002,363,1118.347616
118.102002,363,1118.473516
118.102002,363,1118.598165
118.102002,363,1118.786273
118.102002,363,1118.928412
118.102002,363,1119.125972
118.102002,363,1119.259788
118.102002,363,1119.388092
118.102002,363,1119.558337
118.102002,363,1119.685277
118.102002,363,1119.811637
18.420991,358,1119.989387
118.102002,363,1120.123881
118.102002,363,1120.252578
118.102002,363,1120.429478
118.102002,363,1120.561633
118.102002,363,1120.696628
118.102002,363,1120.878827
118.102002,363,1121.013713
118.102002,363,1121.149245
118.102002,363,1121.328042
118.102002,363,1121.455863
118.102002,363,1121.62565
118.102002,363,1123.118516
18.420991,358,1123.252137
118.102002,363,1123.428608
118.102002,363,1123.556287
118.102002,363,1123.682314
118.102002,363,1123.855076
118.102002,363,1123.982901
18.420991,358,1124.109889
118.102002,363,1124.284964
118.102002,363,1124.410669
118.102002,363,1124.536857
118.102002,363,1124.709628
118.102002,363,1124.83499
118.102002,363,1125.009416
118.102002,363,1125.134952
118.102002,363,1125.260615
118.102002,363,1125.432865
118.102002,363,1125.558186
118.102002,363,1125.684156
118.102002,363,1125.85752
18.420991,358,1125.982179
18.420991,358,1126.111193
118.102002,363,1126.287328
118.102002,363,1126.412417
118.102002,363,1126.538499
118.102002,363,1126.730867
118.102002,363,1126.870534
118.102002,363,1127.027197
118.102002,363,1127.219043
118.102002,363,1127.355761
118.102002,363,1127.533628
118.102002,363,1127.661733
118.102002,363,1127.788572
118.102002,363,1127.958638
118.102002,363,1128.084581
118.102002,363,1128.210799
118.102002,363,1128.391533
118.102002,363,1128.531014
118.102002,363,1128.679625
118.102002,363,1128.879004
118.102002,363,1129.016575
118.102002,363,1129.15243
118.102002,363,1129.330106
118.102002,363,1129.45798
118.102002,363,1129.5999
118.102002,363,1129.776105
118.102002,363,1129.904358
118.102002,363,1130.073292
118.102002,363,1130.198819
118.102002,363,1130.325449
118.102002,363,1130.498561
118.102002,363,1130.623827
118.102002,363,1130.748941
118.102002,363,1130.920616
118.102002,363,1131.045562
118.102002,363,1132.364438
118.102002,363,1132.535621
118.102002,363,1132.660774
118.102002,363,1132.785668
118.102002,363,1132.962501
118.102002,363,1133.092472
118.102002,363,1133.267888
118.102002,363,1133.395787
118.102002,363,1133.531632
118.102002,363,1133.725709
118.102002,363,1133.861848
118.102002,363,1133.990995
118.102002,363,1134.161711
118.102002,363,1134.289157
118.102002,363,1134.414664
118.102002,363,1134.588824
118.102002,363,1134.714547
118.102002,363,1134.840814
118.102002,363,1135.01641
118.102002,363,1135.14207
118.102002,363,1135.267964
118.102002,363,1135.440607
118.102002,363,1135.565688
118.102002,363,1135.737831
118.102002,363,1135.863065
118.102002,363,1135.988413
18.760608,361,1136.161442
118.102002,363,1136.286828
118.102002,363,1136.413938
118.102002,363,1136.587499
118.102002,363,1136.712539
118.102002,363,1136.838273
18.760608,361,1137.032867
118.102002,363,1137.174126
118.102002,363,1137.316908
118.102002,363,1137.504501
118.102002,363,1137.637403
118.102002,363,1137.76562
118.102002,363,1137.935391
118.102002,363,1138.06133
118.102002,363,1138.23402
118.102002,363,1138.360283
18.760608,361,1138.484967
118.102002,363,1138.660429
118.102002,363,1138.796511
118.102002,363,1138.954171
118.102002,363,1139.160222
118.102002,363,1139.296976
118.102002,363,1139.433215
118.102002,363,1139.612935
118.102002,363,1139.741723
118.102002,363,1139.870133
18.760608,361,1140.05067
118.102002,363,1140.179615
118.102002,363,1140.350014
118.102002,363,1141.80837
118.102002,363,1141.940266
118.102002,363,1142.115991
118.102002,363,1142.24396
118.102002,363,1142.369354
118.102002,363,1142.5382
118.102002,363,1142.664775
18.760608,361,1142.78868
118.102002,363,1142.961563
118.102002,363,1143.086533
118.102002,363,1143.211461
118.102002,363,1143.384786
118.102002,363,1143.50952
118.102002,363,1143.634194
118.102002,363,1143.816362
118.102002,363,1143.968773
118.102002,363,1144.168281
118.102002,363,1144.301162
118.102002,363,1144.4307
118.102002,363,1144.60669
118.102002,363,1144.737905
118.102002,363,1144.869136
118.102002,363,1145.050611
118.102002,363,1145.180271
118.102002,363,1145.310629
118.102002,363,1145.495531
18.760608,361,1145.626271
118.102002,363,1145.755599
118.102002,363,1145.996544
118.102002,363,1146.160579
118.102002,363,1146.310713
118.102002,363,1146.503014
118.102002,363,1146.639986
118.102002,363,1146.82359
118.102002,363,1146.95559
118.102002,363,1147.084849
118.102002,363,1147.259802
118.102002,363,1147.389188
118.102002,363,1147.519105
118.102002,363,1147.690909
18.760608,361,1147.816536
118.102002,363,1147.941065
118.102002,363,1148.114269
118.102002,363,1148.239481
118.102002,363,1148.36423
118.102002,363,1148.537734
118.102002,363,1148.663109
118.102002,363,1148.834546
118.102002,363,1148.962987
118.102002,363,1149.098938
118.102002,363,1149.307735
118.102002,363,1149.447572
118.102002,363,1149.584411
118.102002,363,1149.766245
118.102002,363,1149.907663
118.102002,363,1150.033148
118.102002,363,1151.406852
118.102002,363,1151.531929
118.102002,363,1151.656175
118.102002,363,1151.828719
118.102002,363,1151.953811
118.102002,363,1152.078751
118.102002,363,1152.252471
118.102002,363,1152.376911
118.102002,363,1152.550832
118.102002,363,1152.675783
118.102002,363,1152.800266
118.102002,363,1152.972474
118.102002,363,1153.097221
118.102002,363,1153.221655
118.102002,363,1153.393844
118.102002,363,1153.518705
118.102002,363,1153.643014
118.102002,363,1153.815279
118.102002,363,1153.940266
118.102002,363,1154.064918
118.102002,363,1154.23689
118.102002,363,1154.361449
118.102002,363,1154.536371
118.102002,363,1154.676222
118.102002,363,1154.817043
118.102002,363,1155.010594
118.102002,363,1155.143581
118.102002,363,1155.270097
118.102002,363,1155.442551
118.102002,363,1155.567288
118.102002,363,1155.692348
118.102002,363,1155.864643
118.102002,363,1155.990127
118.102002,363,1156.114911
118.102002,363,1156.301241
118.102002,363,1156.441643
118.102002,363,1156.580627
118.102002,363,1156.75656
118.102002,363,1156.882719
118.102002,363,1157.055736
118.102002,363,1157.18098
118.102002,363,1157.306019
118.102002,363,1157.477715
118.102002,363,1157.602939
118.102002,363,1157.728209
118.102002,363,1157.900376
118.102002,363,1158.02509
118.102002,363,1158.150385
118.102002,363,1158.322515
118.102002,363,1158.447007
118.102002,363,1158.572128
118.102002,363,1158.744081
118.102002,363,1158.874154
118.102002,363,1159.04659
118.102002,363,1159.171572
118.102002,363,1160.507658
118.102002,363,1160.700282
118.102002,363,1160.84027
118.102002,363,1160.96913
118.102002,363,1161.145154
118.102002,363,1161.270403
118.102002,363,1161.394724
118.102002,363,1161.567082
118.102002,363,1161.691617
118.102002,363,1161.81591
118.102002,363,1161.988804
118.102002,363,1162.113591
118.102002,363,1162.238421
118.102002,363,1162.410737
118.102002,363,1162.534922
118.102002,363,1162.707726
118.102002,363,1162.832928
118.102002,363,1162.957908
118.102002,363,1163.130282
118.102002,363,1163.255262
118.102002,363,1163.379709
118.102002,363,1163.559405
118.102002,363,1163.701086
118.102002,363,1163.857359
118.102002,363,1164.048738
118.102002,363,1164.185051
118.102002,363,1164.319087
118.102002,363,1164.496267
118.102002,363,1164.620612
118.102002,363,1164.745469
118.102002,363,1164.919003
118.102002,363,1165.043874
118.102002,363,1165.220257
118.102002,363,1165.357893
118.102002,363,1165.50279
118.102002,363,1165.69643
118.102002,363,1165.831917
118.102002,363,1165.96225
118.102002,363,1166.137767
118.102002,363,1166.2631
118.102002,363,1166.388333
118.102002,363,1166.561426
118.102002,363,1166.686407
118.102002,363,1166.811023
118.102002,363,1166.984606
118.102002,363,1167.115264
118.102002,363,1167.306582
118.102002,363,1167.445
118.102002,363,1167.578857
118.102002,363,1167.754731
118.102002,363,1167.883417
118.102002,363,1168.010309
118.102002,363,1168.181942
118.102002,363,1168.307188
118.102002,363,1168.432164
118.102002,363,1169.800423
118.102002,363,1169.925896
118.102002,363,1170.051162
118.102002,363,1170.223036
118.102002,363,1170.347881
118.102002,363,1170.472825
118.102002,363,1170.644769
118.102002,363,1170.769236
118.102002,363,1170.942924
118.102002,363,1171.067658
118.102002,363,1171.192437
118.102002,363,1171.393763
118.102002,363,1171.533903
118.102002,363,1171.680347
118.102002,363,1171.868651
118.102002,363,1172.003499
118.102002,363,1172.132382
118.102002,363,1172.304896
118.102002,363,1172.430113
118.102002,363,1172.556431
118.102002,363,1172.733479
118.102002,363,1172.858829
118.102002,363,1173.035804
118.102002,363,1173.169014
118.102002,363,1173.311596
18.420991,358,1173.5208
118.102002,363,1173.661629
118.102002,363,1173.797213
118.102002,363,1173.979057
118.102002,363,1174.111144
118.102002,363,1174.239364
118.102002,363,1174.414191
118.102002,363,1174.539503
118.102002,363,1174.663956
118.102002,363,1174.832427
118.102002,363,1174.958516
118.102002,363,1175.085061
118.102002,363,1175.271558
118.102002,363,1175.399893
118.102002,363,1175.574612
118.102002,363,1175.701185
118.102002,363,1175.825639
118.102002,363,1176.007379
118.102002,363,1176.145238
118.102002,363,1176.290674
118.102002,363,1176.499329
118.102002,363,1176.637584
118.102002,363,1176.773748
118.102002,363,1176.956164
118.102002,363,1177.086763
118.102002,363,1177.215867
118.102002,363,1177.388306
118.102002,363,1177.513177
118.102002,363,1177.638729
118.102002,363,1177.810874
118.102002,363,1179.130467
118.102002,363,1179.30129
118.102002,363,1179.427163
118.102002,363,1179.551634
118.102002,363,1179.72341
118.102002,363,1179.848514
118.102002,363,1179.974026
118.102002,363,1180.146145
118.102002,363,1180.271571
118.102002,363,1180.396322
118.102002,363,1180.567937
118.102002,363,1180.693471
118.102002,363,1180.818009
118.102002,363,1180.990591
118.102002,363,1181.116318
118.102002,363,1181.287539
118.102002,363,1181.412813
118.102002,363,1181.545067
118.102002,363,1181.73517
118.102002,363,1181.873028
118.102002,363,1182.005769
118.102002,363,1182.180696
118.102002,363,1182.305522
118.102002,363,1182.430055
118.102002,363,1182.602831
118.102002,363,1182.73773
118.102002,363,1182.872505
118.102002,363,1183.049824
118.102002,363,1183.174733
118.102002,363,1183.299454
118.102002,363,1183.477971
118.102002,363,1183.616945
118.102002,363,1183.812968
118.102002,363,1183.955917
118.102002,363,1184.092644
118.102002,363,1184.276953
118.102002,363,1184.409913
118.102002,363,1184.539904
118.102002,363,1184.717509
118.102002,363,1184.846833
118.102002,363,1184.977818
118.102002,363,1185.153682
118.102002,363,1185.282296
118.102002,363,1185.409856
118.102002,363,1185.579719
118.102002,363,1185.704843
118.102002,363,1185.873477
118.102002,363,1185.998824
118.102002,363,1186.124246
118.102002,363,1186.297436
118.102002,363,1186.422638
118.102002,363,1186.547458
118.102002,363,1186.721022
118.102002,363,1186.845993
118.102002,363,1186.970441
118.102002,363,1188.445809
118.102002,363,1188.574818
118.102002,363,1188.704438
118.102002,363,1188.875477
118.102002,363,1189.000734
118.102002,363,1189.126506
118.102002,363,1189.311593
118.102002,363,1189.452589
118.102002,363,1189.664622
118.102002,363,1189.805997
118.102002,363,1189.943202
118.102002,363,1190.127761
118.102002,363,1190.260695
118.102002,363,1190.38939
118.102002,363,1190.563765
118.102002,363,1190.6885
118.102002,363,1190.813661
118.102002,363,1190.98551
118.102002,363,1191.110055
118.102002,363,1191.235046
118.102002,363,1191.406914
18.420991,358,1191.53033
118.102002,363,1191.655081
118.102002,363,1191.826519
118.102002,363,1191.951004
118.102002,363,1192.128674
118.102002,363,1192.266564
118.102002,363,1192.405551
118.102002,363,1192.599076
118.102002,363,1192.757698
118.102002,363,1192.897954
118.102002,363,1193.082585
118.102002,363,1193.219063
118.102002,363,1193.352591
118.102002,363,1193.530109
18.420991,358,1193.657724
118.102002,363,1193.786305
118.102002,363,1193.962312
118.102002,363,1194.086984
118.102002,363,1194.254822
118.102002,363,1194.380494
118.102002,363,1194.506398
118.102002,363,1194.674439
118.102002,363,1194.799353
118.102002,363,1194.925892
118.102002,363,1195.104962
118.102002,363,1195.244005
118.102002,363,1195.388714
118.102002,363,1195.594763
18.420991,358,1195.729637
118.102002,363,1195.866117
118.102002,363,1196.050335
118.102002,363,1196.18255
118.102002,363,1196.310702
118.102002,363,1196.48492
118.102002,363,1197.807948
118.102002,363,1197.979262
118.102002,363,1198.104716
118.102002,363,1198.229431
118.102002,363,1198.401866
118.102002,363,1198.526684
118.102002,363,1198.651344
118.102002,363,1198.826557
118.102002,363,1198.954163
118.102002,363,1199.078891
118.102002,363,1199.252258
118.102002,363,1199.377247
118.102002,363,1199.501908
118.102002,363,1199.676324
118.102002,363,1199.818531
118.102002,363,1199.973694
118.102002,363,1200.175253
118.102002,363,1200.311216
118.102002,363,1200.483806
18.420991,358,1200.608192
118.102002,363,1200.734295
118.102002,363,1200.906358
118.102002,363,1201.035966
118.102002,363,1201.160723
118.102002,363,1201.33268
118.102002,363,1201.458459
118.102002,363,1201.58312
118.102002,363,1201.755145
118.102002,363,1201.88051
118.102002,363,1202.004977
118.102002,363,1202.185393
118.102002,363,1202.319983
118.102002,363,1202.518269
118.102002,363,1202.656615
118.102002,363,1202.792367
118.102002,363,1202.97233
118.102002,363,1203.100761
18.420991,358,1203.227463
118.102002,363,1203.398091
118.102002,363,1203.522966
118.102002,363,1203.647927
118.102002,363,1203.817176
118.102002,363,1203.942436
118.102002,363,1204.067484
118.102002,363,1204.236458
118.102002,363,1204.362294
118.102002,363,1204.487157
118.102002,363,1204.66899
118.102002,363,1204.809219
118.102002,363,1205.00082
118.102002,363,1205.138322
118.102002,363,1205.27365
118.102002,363,1205.452415
118.102002,363,1205.581207
118.102002,363,1205.708882
118.102002,363,1207.079428
118.102002,363,1207.204339
118.102002,363,1207.329217
118.102002,363,1207.501413
118.102002,363,1207.630138
118.102002,363,1207.758996
118.102002,363,1207.932053
118.102002,363,1208.058589
118.102002,363,1208.233491
118.102002,363,1208.364139
118.102002,363,1208.495559
118.102002,363,1208.67671
118.102002,363,1208.802903
118.102002,363,1208.929003
118.102002,363,1209.101894
118.102002,363,1209.226765
118.102002,363,1209.352387
118.102002,363,1209.52459
118.102002,363,1209.649127
118.102002,363,1209.774605
118.102002,363,1209.948972
118.102002,363,1210.073957
118.102002,363,1210.198995
118.102002,363,1210.381615
118.102002,363,1210.528969
118.102002,363,1210.741182
118.102002,363,1210.881507
118.102002,363,1211.018219
118.102002,363,1211.204446
118.102002,363,1211.339471
118.102002,363,1211.472219
118.102002,363,1211.647982
118.102002,363,1211.777684
118.102002,363,1211.907314
118.102002,363,1212.082833
118.102002,363,1212.212161
118.102002,363,1212.337876
18.420991,358,1212.524119
118.102002,363,1212.666015
118.102002,363,1212.827386
118.102002,363,1213.024122
118.102002,363,1213.16215
118.102002,363,1213.345638
118.102002,363,1213.479484
118.102002,363,1213.608021
118.102002,363,1213.781766
118.102002,363,1213.907124
18.420991,358,1214.031382
118.102002,363,1214.201188
118.102002,363,1214.327546
118.102002,363,1214.452292
118.102002,363,1214.624787
118.102002,363,1214.749723
118.102002,363,1214.874726
118.102002,363,1215.048707
18.420991,358,1216.373881
118.102002,363,1216.561739
118.102002,363,1216.70163
118.102002,363,1216.837165
118.102002,363,1217.013508
118.102002,363,1217.139402
118.102002,363,1217.265961
118.102002,363,1217.439592
118.102002,363,1217.564721
118.102002,363,1217.690285
118.102002,363,1217.863131
118.102002,363,1217.988767
118.102002,363,1218.115344
118.102002,363,1218.288381
118.102002,363,1218.413957
118.102002,363,1218.538866
118.102002,363,1218.711245
118.102002,363,1218.836714
118.102002,363,1219.011501
118.102002,363,1219.136851
118.102002,363,1219.262508
118.102002,363,1219.434483
118.102002,363,1219.559704
118.102002,363,1219.685383
118.102002,363,1219.857902
118.102002,363,1219.984241
118.102002,363,1220.109404
118.102002,363,1220.284406
118.102002,363,1220.409484
118.102002,363,1220.535043
118.102002,363,1220.72301
118.102002,363,1220.864153
118.102002,363,1221.005049
118.102002,363,1221.186763
118.102002,363,1221.316032
118.102002,363,1221.489062
118.102002,363,1221.614222
118.102002,363,1221.739087
118.102002,363,1221.91248
118.102002,363,1222.038064
118.102002,363,1222.162661
118.102002,363,1222.337224
118.102002,363,1222.478699
118.102002,363,1222.625658
118.102002,363,1222.834374
18.420991,358,1222.973271
118.102002,363,1223.110206
18.420991,358,1223.293001
118.102002,363,1223.429515
18.420991,358,1223.608978
118.102002,363,1223.742311
118.102002,363,1223.871219
18.420991,358,1224.046239
118.102002,363,1224.175284
118.102002,363,1224.303392
118.102002,363,1225.703694
118.102002,363,1225.830757
118.102002,363,1225.955586
118.102002,363,1226.128043
118.102002,363,1226.253038
118.102002,363,1226.37773
118.102002,363,1226.550653
18.420991,358,1226.673875
118.102002,363,1226.798939
118.102002,363,1226.971855
118.102002,363,1227.09676
118.102002,363,1227.273035
118.102002,363,1227.406567
118.102002,363,1227.542717
118.102002,363,1227.73298
118.102002,363,1227.869247
18.420991,358,1228.000506
118.102002,363,1228.179937
118.102002,363,1228.31204
118.102002,363,1228.441929
118.102002,363,1228.618774
118.102002,363,1228.752385
118.102002,363,1228.881663
118.102002,363,1229.063545
118.102002,363,1229.201193
118.102002,363,1229.344392
118.102002,363,1229.553244
118.102002,363,1229.69084
118.102002,363,1229.876919
118.102002,363,1230.015438
118.102002,363,1230.148391
118.102002,363,1230.32387
118.102002,363,1230.452985
118.102002,363,1230.580997
118.102002,363,1230.749953
118.102002,363,1230.875637
118.102002,363,1231.000974
118.102002,363,1231.175006
118.102002,363,1231.300629
118.102002,363,1231.425126
118.102002,363,1231.59801
118.102002,363,1231.722912
118.102002,363,1231.894499
118.102002,363,1232.020453
118.102002,363,1232.145228
118.102002,363,1232.35262
118.102002,363,1232.492138
118.102002,363,1232.632081
118.102002,363,1232.817059
118.102002,363,1232.952641
118.102002,363,1233.083587
118.102002,363,1233.25915
118.102002,363,1233.388697
118.102002,363,1233.517117
118.102002,363,1233.692674
118.102002,363,1233.822084
118.102002,363,1235.317893
118.102002,363,1235.500548
118.102002,363,1235.635388
118.102002,363,1235.813631
118.102002,363,1235.945129
118.102002,363,1236.074627
118.102002,363,1236.245287
118.102002,363,1236.370571
118.102002,363,1236.495599
118.102002,363,1236.66869
118.102002,363,1236.793703
118.102002,363,1236.91836
118.102002,363,1237.090761
118.102002,363,1237.215797
118.102002,363,1237.340287
118.102002,363,1237.513428
118.102002,363,1237.638065
118.102002,363,1237.762978
118.102002,363,1237.935634
118.102002,363,1238.060248
118.102002,363,1238.237665
118.102002,363,1238.377702
118.102002,363,1238.517958
118.102002,363,1238.70197
118.102002,363,1238.831853
118.102002,363,1238.963124
118.102002,363,1239.136552
118.102002,363,1239.263252
118.102002,363,1239.389355
118.102002,363,1239.561308
118.102002,363,1239.704927
118.102002,363,1239.845818
118.102002,363,1240.051594
118.102002,363,1240.187988
118.102002,363,1240.375597
118.102002,363,1240.50965
118.102002,363,1240.639208
118.102002,363,1240.815641
118.102002,363,1240.944474
118.102002,363,1241.074024
118.102002,363,1241.2447
118.102002,363,1241.369823
118.102002,363,1241.495406
118.102002,363,1241.665532
118.102002,363,1241.792138
118.102002,363,1241.918187
118.102002,363,1242.090217
118.102002,363,1242.215176
118.102002,363,1242.340743
118.102002,363,1242.512645
118.102002,363,1242.637596
118.102002,363,1242.809748
118.102002,363,1242.934934
118.102002,363,1243.059718
118.102002,363,1243.232292
118.102002,363,1244.557789
118.102002,363,1244.689807
118.102002,363,1244.906936
118.102002,363,1245.051845
118.102002,363,1245.189036
118.102002,363,1245.368925
118.102002,363,1245.497424
118.102002,363,1245.622821
118.102002,363,1245.792422
118.102002,363,1245.919039
118.102002,363,1246.091459
118.102002,363,1246.216959
118.102002,363,1246.343014
118.102002,363,1246.515765
118.102002,363,1246.641526
118.102002,363,1246.767405
118.102002,363,1246.94027
118.102002,363,1247.065705
118.102002,363,1247.191506
118.102002,363,1247.364096
118.102002,363,1247.489445
118.102002,363,1247.614924
118.102002,363,1247.787248
118.102002,363,1247.912442
118.102002,363,1248.038195
118.102002,363,1248.211084
118.102002,363,1248.336282
118.102002,363,1248.509169
118.102002,363,1248.634649
118.102002,363,1248.760064
118.102002,363,1248.932907
118.102002,363,1249.058169
118.102002,363,1249.183178
118.102002,363,1249.358073
118.102002,363,1249.49053
118.102002,363,1249.629131
118.102002,363,1249.807692
118.102002,363,1249.935296
118.102002,363,1250.071759
118.102002,363,1250.245441
118.102002,363,1250.370407
118.102002,363,1250.543032
118.102002,363,1250.670072
118.102002,363,1250.795205
118.102002,363,1250.96759
118.102002,363,1251.093262
118.102002,363,1251.218702
118.102002,363,1251.414014
118.102002,363,1251.554076
118.102002,363,1251.700473
118.102002,363,1251.918002
118.102002,363,1252.064856
118.102002,363,1252.201299
118.102002,363,1252.384956
118.102002,363,1252.513731
118.102002,363,1253.843849
118.102002,363,1254.01554
118.102002,363,1254.140748
118.102002,363,1254.31322
118.102002,363,1254.439168
118.102002,363,1254.564435
118.102002,363,1254.737558
118.102002,363,1254.86283
118.102002,363,1254.988755
118.102002,363,1255.192656
118.102002,363,1255.334718
118.102002,363,1255.481935
118.102002,363,1255.672658
118.102002,363,1255.807403
118.102002,363,1255.935312
118.102002,363,1256.104872
118.102002,363,1256.2307
118.102002,363,1256.35552
118.102002,363,1256.527841
118.102002,363,1256.652858
118.102002,363,1256.825936
118.102002,363,1256.950905
118.102002,363,1257.075702
118.102002,363,1257.249381
118.102002,363,1257.374753
118.102002,363,1257.499653
118.102002,363,1257.677066
118.102002,363,1257.818589
118.102002,363,1257.975581
118.102002,363,1258.173665
118.102002,363,1258.309968
118.102002,363,1258.441862
118.102002,363,1258.616827
118.102002,363,1258.742119
118.102002,363,1258.917373
118.102002,363,1259.044221
118.102002,363,1259.169219
118.102002,363,1259.343689
118.102002,363,1259.478052
118.102002,363,1259.61421
118.102002,363,1259.820128
118.102002,363,1259.958622
118.102002,363,1260.093349
118.102002,363,1260.270453
118.102002,363,1260.399143
118.102002,363,1260.524453
118.102002,363,1260.696126
118.102002,363,1260.82177
118.102002,363,1260.947417
118.102002,363,1261.133442
118.102002,363,1261.274784
118.102002,363,1261.487975
118.102002,363,1261.670797
118.102002,363,1261.830286
118.102002,363,1262.028243
118.102002,363,1263.46445
118.102002,363,1263.616595
118.102002,363,1263.806852
118.102002,363,1263.947366
118.102002,363,1264.083895
118.102002,363,1264.263996
118.102002,363,1264.393131
118.102002,363,1264.519681
118.102002,363,1264.690906
118.102002,363,1264.816471
118.102002,363,1264.993517
118.102002,363,1265.123551
118.102002,363,1265.249426
118.102002,363,1265.419643
118.102002,363,1265.546343
118.102002,363,1265.67207
118.102002,363,1265.842276
118.102002,363,1265.968086
118.102002,363,1266.094746
118.102002,363,1266.299864
118.102002,363,1266.442279
118.102002,363,1266.598575
118.102002,363,1266.805432
118.102002,363,1266.943242
118.102002,363,1267.081236
118.102002,363,1267.263636
118.102002,363,1267.397741
118.102002,363,1267.575346
118.102002,363,1267.70832
118.102002,363,1267.870838
118.102002,363,1268.120307
118.102002,363,1268.288763
118.102002,363,1268.435946
118.102002,363,1268.626005
118.102002,363,1268.764297
118.102002,363,1268.899846
118.102002,363,1269.078891
118.102002,363,1269.227147
118.102002,363,1269.35609
118.102002,363,1269.52593
118.102002,363,1269.651315
118.102002,363,1269.777628
118.102002,363,1269.952908
118.102002,363,1270.078024
118.102002,363,1270.253326
118.102002,363,1270.378665
118.102002,363,1270.503644
118.102002,363,1270.677317
118.102002,363,1270.802769
118.102002,363,1270.927919
118.102002,363,1271.1021
118.102002,363,1271.227861
118.102002,363,1271.353159
118.102002,363,1271.527421
118.102002,363,1271.657358
118.102002,363,1273.029101
118.102002,363,1273.249577
118.102002,363,1273.385944
118.102002,363,1273.56188
118.102002,363,1273.710538
118.102002,363,1273.838306
118.102002,363,1274.007803
118.102002,363,1274.135735
118.102002,363,1274.261525
118.102002,363,1274.436486
118.102002,363,1274.562596
118.102002,363,1274.687865
118.102002,363,1274.861429
118.102002,363,1274.988207
118.102002,363,1275.113618
118.102002,363,1275.288452
118.102002,363,1275.414088
118.102002,363,1275.539523
118.102002,363,1275.7138
118.102002,363,1275.839127
118.102002,363,1276.013383
118.102002,363,1276.154593
118.102002,363,1276.279625
118.102002,363,1276.454577
118.102002,363,1276.580104
118.102002,363,1276.705512
118.102002,363,1276.880963
118.102002,363,1277.017245
118.102002,363,1277.159371
118.102002,363,1277.345842
118.102002,363,1277.473148
18.760608,361,1277.600255
118.102002,363,1277.774789
118.102002,363,1277.915806
118.102002,363,1278.089817
118.102002,363,1278.217021
118.102002,363,1278.343834
118.102002,363,1278.517671
118.102002,363,1278.644706
118.102002,363,1278.770292
118.102002,363,1278.986892
118.102002,363,1279.131222
118.102002,363,1279.280511
118.102002,363,1279.468163
118.102002,363,1279.618901
118.102002,363,1279.749933
118.102002,363,1279.926899
118.102002,363,1280.054389
118.102002,363,1280.180189
118.102002,363,1280.355476
118.102002,363,1280.481263
118.102002,363,1280.655632
118.102002,363,1280.781764
118.102002,363,1280.907568
118.102002,363,1281.082351
118.102002,363,1282.548275
118.102002,363,1282.678927
118.102002,363,1282.851435
118.102002,363,1282.97774
118.102002,363,1283.104744
118.102002,363,1283.280914
18.760608,361,1283.406086
118.102002,363,1283.531724
18.760608,361,1283.706634
118.102002,363,1283.832422
118.102002,363,1283.958147
118.102002,363,1284.14707
118.102002,363,1284.287797
118.102002,363,1284.488321
118.102002,363,1284.618215
118.102002,363,1284.746255
118.102002,363,1284.924133
118.102002,363,1285.054868
118.102002,363,1285.183623
118.102002,363,1285.355605
118.102002,363,1285.482622
118.102002,363,1285.609054
118.102002,363,1285.779391
118.102002,363,1285.906333
118.102002,363,1286.032718
118.102002,363,1286.257638
118.102002,363,1286.432804
118.102002,363,1286.642241
118.102002,363,1286.782395
118.102002,363,1286.919643
118.102002,363,1287.103637
118.102002,363,1287.233003
118.102002,363,1287.360529
118.102002,363,1287.531732
118.102002,363,1287.658121
118.102002,363,1287.784796
118.102002,363,1287.959524
118.102002,363,1288.08543
118.102002,363,1288.211811
118.102002,363,1288.386393
118.102002,363,1288.512715
118.102002,363,1288.653632
118.102002,363,1288.827597
118.102002,363,1288.953876
118.102002,363,1289.132689
118.102002,363,1289.277143
118.102002,363,1289.432519
118.102002,363,1289.634179
118.102002,363,1289.771797
118.102002,363,1289.9107
118.102002,363,1290.093867
118.102002,363,1290.221046
118.102002,363,1290.361208
118.102002,363,1290.536405
118.102002,363,1290.662267
118.102002,363,1291.997291
118.102002,363,1292.1719
118.102002,363,1292.297416
118.102002,363,1292.471739
118.102002,363,1292.597633
118.102002,363,1292.723029
118.102002,363,1292.914823
118.102002,363,1293.040881
118.102002,363,1293.167011
118.102002,363,1293.340494
118.102002,363,1293.467032
118.102002,363,1293.592362
118.102002,363,1293.767288
118.102002,363,1293.893557
118.102002,363,1294.01947
118.102002,363,1294.193946
118.102002,363,1294.326534
118.102002,363,1294.465157
118.102002,363,1294.682767
118.102002,363,1294.812696
118.102002,363,1295.00857
118.102002,363,1295.142484
118.102002,363,1295.276961
118.102002,363,1295.449225
118.102002,363,1295.575471
118.102002,363,1295.702625
118.102002,363,1295.880393
118.102002,363,1296.015418
118.102002,363,1296.154668
118.102002,363,1296.355531
118.102002,363,1296.493394
118.102002,363,1296.629299
118.102002,363,1296.827525
118.102002,363,1296.958385
118.102002,363,1297.087834
118.102002,363,1297.263452
118.102002,363,1297.390384
118.102002,363,1297.560063
118.102002,363,1297.686726
118.102002,363,1297.814429
118.102002,363,1297.987547
118.102002,363,1298.113893
118.102002,363,1298.239927
118.102002,363,1298.413481
118.102002,363,1298.540005
118.102002,363,1298.665475
118.102002,363,1298.841434
118.102002,363,1298.96994
118.102002,363,1299.097215
118.102002,363,1299.28874
118.102002,363,1299.414584
118.102002,363,1299.627121
118.102002,363,1299.768055
118.102002,363,1299.912121
118.102002,363,1300.09506
118.102002,363,1301.453254
118.102002,363,1301.586757
118.102002,363,1301.758485
118.102002,363,1301.884487
118.102002,363,1302.011144
118.102002,363,1302.181813
118.102002,363,1302.307927
118.102002,363,1302.435387
118.102002,363,1302.610135
118.102002,363,1302.736303
118.102002,363,1302.861862
118.102002,363,1303.035725
118.102002,363,1303.161761
118.102002,363,1303.33593
118.102002,363,1303.462166
118.102002,363,1303.588358
118.102002,363,1303.779327
118.102002,363,1303.906357
118.102002,363,1304.03231
118.102002,363,1304.2062
118.102002,363,1304.337815
118.102002,363,1304.480204
118.102002,363,1304.698316
118.102002,363,1304.838805
118.102002,363,1304.977369
118.102002,363,1305.161221
118.102002,363,1305.291827
118.102002,363,1305.48776
118.102002,363,1305.620182
18.760608,361,1305.749389
118.102002,363,1305.920598
118.102002,363,1306.047143
118.102002,363,1306.173287
118.102002,363,1306.344892
118.102002,363,1306.471434
118.102002,363,1306.598932
18.760608,361,1306.780731
118.102002,363,1306.923659
118.102002,363,1307.088758
18.760608,361,1307.291679
118.102002,363,1307.44879
118.102002,363,1307.586484
118.102002,363,1307.771431
118.102002,363,1307.90411
118.102002,363,1308.080974
118.102002,363,1308.21157
118.102002,363,1308.337801
118.102002,363,1308.507594
118.102002,363,1308.63486
118.102002,363,1308.761636
118.102002,363,1308.93639
118.102002,363,1309.062583
118.102002,363,1309.188234
118.102002,363,1309.36275
118.102002,363,1309.488958
118.102002,363,1310.837764
118.102002,363,1311.010928
118.102002,363,1311.13645
118.102002,363,1311.263113
118.102002,363,1311.437711
118.102002,363,1311.563151
118.102002,363,1311.743397
118.102002,363,1311.883524
118.102002,363,1312.028873
118.102002,363,1312.214041
118.102002,363,1312.359979
118.102002,363,1312.490511
118.102002,363,1312.662359
118.102002,363,1312.789252
18.760608,361,1312.914831
118.102002,363,1313.090136
118.102002,363,1313.215732
118.102002,363,1313.340913
118.102002,363,1313.515025
118.102002,363,1313.640543
118.102002,363,1313.815102
118.102002,363,1313.94113
118.102002,363,1314.066644
118.102002,363,1314.24116
118.102002,363,1314.366877
118.102002,363,1314.492834
118.102002,363,1314.667823
118.102002,363,1314.79351
118.102002,363,1314.91916
118.102002,363,1315.122553
118.102002,363,1315.270489
118.102002,363,1315.428347
118.102002,363,1315.623355
118.102002,363,1315.761361
118.102002,363,1315.894598
118.102002,363,1316.071812
118.102002,363,1316.200811
118.102002,363,1316.370814
118.102002,363,1316.496874
118.102002,363,1316.623695
118.102002,363,1316.798144
118.102002,363,1316.925393
118.102002,363,1317.065921
118.102002,363,1317.24059
118.102002,363,1317.366667
118.102002,363,1317.491787
118.102002,363,1317.666001
118.102002,363,1317.791706
118.102002,363,1317.917016
118.102002,363,1318.102496
118.102002,363,1318.24512
118.102002,363,1318.446711
118.102002,363,1318.58564
118.102002,363,1318.72486
118.102002,363,1318.933537
118.102002,363,1319.070075
118.102002,363,1320.431144
118.102002,363,1320.600382
118.102002,363,1320.727425
118.102002,363,1320.85383
118.102002,363,1321.028756
118.102002,363,1321.155591
118.102002,363,1321.281297
118.102002,363,1321.456644
118.102002,363,1321.582807
118.102002,363,1321.708215
118.102002,363,1321.924634
118.102002,363,1322.067564
118.102002,363,1322.279253
118.102002,363,1322.422551
118.102002,363,1322.560081
118.102002,363,1322.74619
118.102002,363,1322.87946
118.102002,363,1323.00886
118.102002,363,1323.187105
118.102002,363,1323.316718
118.102002,363,1323.446391
118.102002,363,1323.624152
118.102002,363,1323.751244
118.102002,363,1323.877758
118.102002,363,1324.069297
118.102002,363,1324.218275
118.102002,363,1324.416713
118.102002,363,1324.558148
118.102002,363,1324.696395
118.102002,363,1324.879968
118.102002,363,1325.012573
118.102002,363,1325.142829
118.102002,363,1325.338434
118.102002,363,1325.469485
118.102002,363,1325.597699
118.102002,363,1325.767877
118.102002,363,1325.894086
118.102002,363,1326.020147
118.102002,363,1326.1959
118.102002,363,1326.322117
118.102002,363,1326.447401
118.102002,363,1326.623198
118.102002,363,1326.74868
118.102002,363,1326.92147
118.102002,363,1327.054453
118.102002,363,1327.199709
118.102002,363,1327.405163
118.102002,363,1327.545672
118.102002,363,1327.683847
118.102002,363,1327.868741
118.102002,363,1328.000563
118.102002,363,1328.129055
118.102002,363,1328.305968
118.102002,363,1328.434825
118.102002,363,1328.563704
118.102002,363,1330.105704
118.102002,363,1330.242948
118.102002,363,1330.380596
118.102002,363,1330.56466
118.102002,363,1330.695698
118.102002,363,1330.872619
118.102002,363,1331.000982
118.102002,363,1331.128825
118.102002,363,1331.29919
118.102002,363,1331.42583
118.102002,363,1331.55269
118.102002,363,1331.726489
118.102002,363,1331.851846
118.102002,363,1331.977799
118.102002,363,1332.151824
118.102002,363,1332.277527
118.102002,363,1332.404089
118.102002,363,1332.578008
118.102002,363,1332.70337
118.102002,363,1332.881263
118.102002,363,1333.01673
118.102002,363,1333.164437
118.102002,363,1333.359205
118.102002,363,1333.497925
118.102002,363,1333.632347
118.102002,363,1333.828391
118.102002,363,1333.962753
118.102002,363,1334.09419
118.102002,363,1334.271005
118.102002,363,1334.411237
118.102002,363,1334.554694
118.102002,363,1334.789239
118.102002,363,1334.937526
118.102002,363,1335.077149
118.102002,363,1335.264369
118.102002,363,1335.399936
118.102002,363,1335.579377
118.102002,363,1335.708999
118.102002,363,1335.838478
118.102002,363,1336.015127
118.102002,363,1336.140878
118.102002,363,1336.266358
118.102002,363,1336.441254
118.102002,363,1336.567451
118.102002,363,1336.692936
118.102002,363,1336.868092
118.102002,363,1336.993705
118.102002,363,1337.119243
118.102002,363,1337.293995
118.102002,363,1337.420778
118.102002,363,1337.59477
118.102002,363,1337.720861
118.102002,363,1337.846647
118.102002,363,1338.021173
118.102002,363,1338.147011
118.102002,363,1339.501843
118.102002,363,1339.675844
118.102002,363,1339.80202
118.102002,363,1339.928085
118.102002,363,1340.115174
118.102002,363,1340.257524
118.102002,363,1340.42646
118.102002,363,1340.624843
118.102002,363,1340.762913
118.102002,363,1340.898779
118.102002,363,1341.079776
118.102002,363,1341.208216
118.102002,363,1341.377971
118.102002,363,1341.50421
118.102002,363,1341.630573
118.102002,363,1341.805051
118.102002,363,1341.931792
118.102002,363,1342.05735
118.102002,363,1342.232117
118.102002,363,1342.358179
118.102002,363,1342.48436
118.102002,363,1342.673916
118.102002,363,1342.800034
118.102002,363,1342.925259
118.102002,363,1343.099115
118.102002,363,1343.224851
118.102002,363,1343.350192
118.102002,363,1343.54219
118.102002,363,1343.683291
118.102002,363,1343.870015
118.102002,363,1344.000596
118.102002,363,1344.130156
118.102002,363,1344.308115
118.102002,363,1344.437743
118.102002,363,1344.566594
118.102002,363,1344.744569
118.102002,363,1344.874958
118.102002,363,1345.009794
118.102002,363,1345.188553
118.102002,363,1345.317725
118.102002,363,1345.447739
118.102002,363,1345.645423
118.102002,363,1345.808516
118.102002,363,1346.029208
118.102002,363,1346.172999
118.102002,363,1346.328997
118.102002,363,1346.51519
118.102002,363,1346.652014
118.102002,363,1346.786501
118.102002,363,1346.965872
18.760608,361,1347.093925
118.102002,363,1347.220935
118.102002,363,1347.390608
118.102002,363,1347.51606
118.102002,363,1347.643593
118.102002,363,1349.022836
118.102002,363,1349.148584
118.102002,363,1349.27487
118.102002,363,1349.449363
118.102002,363,1349.574947
118.102002,363,1349.749863
118.102002,363,1349.875789
118.102002,363,1350.002359
118.102002,363,1350.178415
118.102002,363,1350.304415
118.102002,363,1350.430109
118.102002,363,1350.609237
118.102002,363,1350.74728
118.102002,363,1350.905894
118.102002,363,1351.132362
118.102002,363,1351.272114
118.102002,363,1351.408756
118.102002,363,1351.592532
118.102002,363,1351.724863
18.760608,361,1351.900705
118.102002,363,1352.029948
118.102002,363,1352.160195
118.102002,363,1352.336602
118.102002,363,1352.466074
118.102002,363,1352.593737
118.102002,363,1352.777205
118.102002,363,1352.921111
118.102002,363,1353.071515
118.102002,363,1353.260487
118.102002,363,1353.398376
118.102002,363,1353.53489
118.102002,363,1353.715405
118.102002,363,1353.845754
118.102002,363,1353.975113
118.102002,363,1354.153128
118.102002,363,1354.282533
118.102002,363,1354.463437
118.102002,363,1354.618431
118.102002,363,1354.788995
118.102002,363,1355.026551
118.102002,363,1355.182392
118.102002,363,1355.330821
118.102002,363,1355.518486
18.760608,361,1355.654734
118.102002,363,1355.791161
118.102002,363,1355.97797
118.102002,363,1356.110401
118.102002,363,1356.239318
118.102002,363,1356.433844
118.102002,363,1356.582542
118.102002,363,1356.740343
118.102002,363,1356.934739
118.102002,363,1357.071904
18.760608,361,1357.255445
118.102002,363,1357.385719
118.102002,363,1358.726089
118.102002,363,1358.904422
118.102002,363,1359.045341
118.102002,363,1359.170544
118.102002,363,1359.345073
118.102002,363,1359.470639
118.102002,363,1359.595955
118.102002,363,1359.770784
118.102002,363,1359.896018
118.102002,363,1360.023162
118.102002,363,1360.196724
118.102002,363,1360.32224
118.102002,363,1360.496091
118.102002,363,1360.621879
118.102002,363,1360.746915
118.102002,363,1360.925208
118.102002,363,1361.060962
118.102002,363,1361.202972
118.102002,363,1361.402116
118.102002,363,1361.539648
118.102002,363,1361.676449
118.102002,363,1361.862297
118.102002,363,1361.995688
118.102002,363,1362.129448
118.102002,363,1362.312604
118.102002,363,1362.444272
118.102002,363,1362.573737
118.102002,363,1362.769342
118.102002,363,1362.922826
118.102002,363,1363.186044
118.102002,363,1363.339498
118.102002,363,1363.481082
118.102002,363,1363.667393
118.102002,363,1363.805794
118.102002,363,1363.940283
118.102002,363,1364.119144
118.102002,363,1364.24866
118.102002,363,1364.375396
118.102002,363,1364.548039
118.102002,363,1364.673696
118.102002,363,1364.799793
118.102002,363,1364.975644
118.102002,363,1365.102064
118.102002,363,1365.275272
118.102002,363,1365.401784
118.102002,363,1365.52694
118.102002,363,1365.701051
118.102002,363,1365.827057
118.102002,363,1365.952134
118.102002,363,1366.126132
118.102002,363,1366.252328
118.102002,363,1366.377894
118.102002,363,1366.551903
118.102002,363,1366.677616
118.102002,363,1366.802917
118.102002,363,1368.282318
118.102002,363,1368.412606
118.102002,363,1368.542085
118.102002,363,1368.718074
118.102002,363,1368.843899
118.102002,363,1369.014041
118.102002,363,1369.141265
118.102002,363,1369.267191
118.102002,363,1369.438851
118.102002,363,1369.564788
118.102002,363,1369.690575
118.102002,363,1369.861515
118.102002,363,1369.990815
118.102002,363,1370.121113
118.102002,363,1370.295687
118.102002,363,1370.42147
118.102002,363,1370.54811
118.102002,363,1370.719157
118.102002,363,1370.844844
118.102002,363,1370.971215
118.102002,363,1371.142619
118.102002,363,1371.268558
118.102002,363,1371.44067
118.102002,363,1371.567307
118.102002,363,1371.693258
118.102002,363,1371.86619
118.102002,363,1371.995792
118.102002,363,1372.124392
118.102002,363,1372.299881
118.102002,363,1372.428326
118.102002,363,1372.583422
118.102002,363,1372.812118
118.102002,363,1372.983272
118.102002,363,1373.133035
118.102002,363,1373.328454
118.102002,363,1373.465752
118.102002,363,1373.652099
118.102002,363,1373.790239
118.102002,363,1373.924718
118.102002,363,1374.112651
118.102002,363,1374.272588
118.102002,363,1374.44529
118.102002,363,1374.652813
118.102002,363,1374.792317
118.102002,363,1374.929948
118.102002,363,1375.115811
118.102002,363,1375.247672
118.102002,363,1375.376824
118.102002,363,1375.553342
118.102002,363,1375.678867
118.102002,363,1375.805218
118.102002,363,1375.980958
118.102002,363,1376.107999
118.102002,363,1376.297591
118.102002,363,1376.424515
118.102002,363,1377.894565
118.102002,363,1378.072364
118.102002,363,1378.201928
118.102002,363,1378.329996
118.102002,363,1378.517588
118.102002,363,1378.66197
118.102002,363,1378.811586
118.102002,363,1379.003748
118.102002,363,1379.142049
118.102002,363,1379.279884
118.102002,363,1379.461852
118.102002,363,1379.59106
118.102002,363,1379.78564
118.102002,363,1379.919718
118.102002,363,1380.05096
118.102002,363,1380.228293
118.102002,363,1380.355995
118.102002,363,1380.48151
118.102002,363,1380.65185
118.102002,363,1380.777957
118.102002,363,1380.90396
118.102002,363,1381.07579
118.102002,363,1381.201681
118.102002,363,1381.327382
118.102002,363,1381.537298
118.102002,363,1381.691901
118.102002,363,1381.85023
118.102002,363,1382.046891
118.102002,363,1382.184742
118.102002,363,1382.371277
118.102002,363,1382.506495
118.102002,363,1382.63937
118.102002,363,1382.81964
118.102002,363,1382.949214
118.102002,363,1383.079122
118.102002,363,1383.26703
118.102002,363,1383.424925
118.102002,363,1383.595651
118.102002,363,1383.825415
118.102002,363,1383.966892
118.102002,363,1384.104168
118.102002,363,1384.291257
118.102002,363,1384.425187
118.102002,363,1384.602729
118.102002,363,1384.73253
118.102002,363,1384.861036
118.102002,363,1385.037175
118.102002,363,1385.164117
118.102002,363,1385.290674
118.102002,363,1385.461595
118.102002,363,1385.589615
118.102002,363,1385.716583
118.102002,363,1385.89083
118.102002,363,1386.017398
118.102002,363,1386.142862
118.102002,363,1387.525574
118.102002,363,1387.652068
118.102002,363,1387.778587
118.102002,363,1387.963291
118.102002,363,1388.103595
118.102002,363,1388.335312
118.102002,363,1388.476264
118.102002,363,1388.613406
118.102002,363,1388.799763
118.102002,363,1388.933705
118.102002,363,1389.067882
118.102002,363,1389.247646
118.102002,363,1389.37778
118.102002,363,1389.507049
118.102002,363,1389.686704
118.102002,363,1389.816675
118.102002,363,1389.94684
118.102002,363,1390.126431
118.102002,363,1390.255874
118.102002,363,1390.385102
118.102002,363,1390.561571
118.102002,363,1390.687247
118.102002,363,1390.858201
118.102002,363,1390.984228
118.102002,363,1391.112014
118.102002,363,1391.282126
118.102002,363,1391.408415
118.102002,363,1391.536454
118.102002,363,1391.710202
118.102002,363,1391.836888
118.102002,363,1391.962313
118.102002,363,1392.153709
118.102002,363,1392.297992
118.102002,363,1392.446401
118.102002,363,1392.634274
118.102002,363,1392.78815
118.102002,363,1392.974295
118.102002,363,1393.110126
118.102002,363,1393.242341
118.102002,363,1393.420327
118.102002,363,1393.550267
118.102002,363,1393.679324
118.102002,363,1393.857199
118.102002,363,1393.98323
118.102002,363,1394.109279
118.102002,363,1394.318782
118.102002,363,1394.478755
118.102002,363,1394.648092
118.102002,363,1394.911111
118.102002,363,1395.070336
118.102002,363,1395.215215
118.102002,363,1395.406177
118.102002,363,1395.543701
118.102002,363,1395.730878
118.102002,363,1395.863708
118.102002,363,1397.209453
118.102002,363,1397.401197
118.102002,363,1397.528859
118.102002,363,1397.655268
18.760608,361,1397.829663
118.102002,363,1397.955279
118.102002,363,1398.081807
118.102002,363,1398.288241
118.102002,363,1398.441594
118.102002,363,1398.608378
118.102002,363,1398.837938
118.102002,363,1398.990102
118.102002,363,1399.180312
118.102002,363,1399.317577
118.102002,363,1399.454783
118.102002,363,1399.641639
118.102002,363,1399.777828
118.102002,363,1399.911471
118.102002,363,1400.136388
118.102002,363,1400.296329
118.102002,363,1400.474182
118.102002,363,1400.683743
118.102002,363,1400.824738
118.102002,363,1400.962829
118.102002,363,1401.167779
118.102002,363,1401.304202
118.102002,363,1401.435437
118.102002,363,1401.612552
118.102002,363,1401.741071
18.760608,361,1401.910156
118.102002,363,1402.036287
118.102002,363,1402.162499
118.102002,363,1402.333278
118.102002,363,1402.45977
118.102002,363,1402.586772
118.102002,363,1402.765838
118.102002,363,1402.911712
118.102002,363,1403.079035
118.102002,363,1403.294157
118.102002,363,1403.433972
118.102002,363,1403.571332
18.760608,361,1403.756392
118.102002,363,1403.889896
118.102002,363,1404.020791
118.102002,363,1404.197954
118.102002,363,1404.327842
118.102002,363,1404.501921
118.102002,363,1404.628723
118.102002,363,1404.7553
118.102002,363,1404.927012
118.102002,363,1405.056818
118.102002,363,1405.184649
118.102002,363,1405.379815
118.102002,363,1405.522287
118.102002,363,1405.684794
118.102002,363,1407.199952
118.102002,363,1407.330017
118.102002,363,1407.455748
118.102002,363,1407.627523
118.102002,363,1407.753268
118.102002,363,1407.923761
118.102002,363,1408.050081
118.102002,363,1408.176251
18.760608,361,1408.350204
118.102002,363,1408.47777
118.102002,363,1408.603487
118.102002,363,1408.777871
118.102002,363,1408.903388
118.102002,363,1409.02867
118.102002,363,1409.203722
118.102002,363,1409.329336
118.102002,363,1409.454873
118.102002,363,1409.629357
118.102002,363,1409.754876
118.102002,363,1409.88042
118.102002,363,1410.07481
118.102002,363,1410.200818
118.102002,363,1410.375426
118.102002,363,1410.50097
118.102002,363,1410.626708
118.102002,363,1410.803793
118.102002,363,1410.938948
118.102002,363,1411.080248
118.102002,363,1411.27029
118.102002,363,1411.408468
118.102002,363,1411.545264
118.102002,363,1411.728619
118.102002,363,1411.861726
118.102002,363,1411.992681
118.102002,363,1412.174437
118.102002,363,1412.306717
118.102002,363,1412.489907
118.102002,363,1412.631383
118.102002,363,1412.805585
118.102002,363,1413.041727
118.102002,363,1413.191156
118.102002,363,1413.332795
118.102002,363,1413.518656
118.102002,363,1413.67232
118.102002,363,1413.809328
118.102002,363,1413.99467
118.102002,363,1414.124783
118.102002,363,1414.254766
118.102002,363,1414.429546
118.102002,363,1414.556094
118.102002,363,1414.681539
118.102002,363,1414.851518
118.102002,363,1414.979776
118.102002,363,1415.160977
118.102002,363,1415.295873
118.102002,363,1415.425258
118.102002,363,1416.948645
118.102002,363,1417.086444
118.102002,363,1417.223964
118.102002,363,1417.40834
118.102002,363,1417.540391
118.102002,363,1417.669419
118.102002,363,1417.84739
118.102002,363,1417.976974
118.102002,363,1418.103351
118.102002,363,1418.276878
118.102002,363,1418.404297
118.102002,363,1418.529873
118.102002,363,1418.700774
118.102002,363,1418.827493
118.102002,363,1419.001462
118.102002,363,1419.127472
118.102002,363,1419.253485
118.102002,363,1419.428257
118.102002,363,1419.555279
118.102002,363,1419.680667
118.102002,363,1419.855425
118.102002,363,1419.982548
118.102002,363,1420.107865
118.102002,363,1420.283198
118.102002,363,1420.409193
118.102002,363,1420.534709
118.102002,363,1420.710272
118.102002,363,1420.853393
118.102002,363,1421.027993
118.102002,363,1421.154191
118.102002,363,1421.279721
118.102002,363,1421.458829
118.102002,363,1421.596771
118.102002,363,1421.744235
118.102002,363,1421.946054
118.102002,363,1422.084316
118.102002,363,1422.221308
118.102002,363,1422.407489
118.102002,363,1422.544674
118.102002,363,1422.680279
118.102002,363,1422.880277
118.102002,363,1423.063326
118.102002,363,1423.236065
118.102002,363,1423.442779
118.102002,363,1423.582731
118.102002,363,1423.768499
118.102002,363,1423.905265
118.102002,363,1424.039037
118.102002,363,1424.216209
118.102002,363,1424.346788
118.102002,363,1424.473355
118.102002,363,1424.643956
118.102002,363,1424.770906
118.102002,363,1424.897689
118.102002,363,1425.074183
118.102002,363,1426.522423
118.102002,363,1426.65881
118.102002,363,1426.84276
118.102002,363,1426.974744
118.102002,363,1427.161495
118.102002,363,1427.30498
118.102002,363,1427.459278
118.102002,363,1427.654379
118.102002,363,1427.793034
118.102002,363,1427.931794
18.760608,361,1428.13351
118.102002,363,1428.269337
118.102002,363,1428.400166
118.102002,363,1428.578128
118.102002,363,1428.707507
118.102002,363,1428.835845
118.102002,363,1429.012908
118.102002,363,1429.138923
118.102002,363,1429.264795
118.102002,363,1429.435628
118.102002,363,1429.561463
118.102002,363,1429.735323
118.102002,363,1429.861916
118.102002,363,1429.989907
118.102002,363,1430.164357
118.102002,363,1430.290782
118.102002,363,1430.416508
118.102002,363,1430.630717
118.102002,363,1430.787521
118.102002,363,1430.950015
118.102002,363,1431.148136
118.102002,363,1431.286655
118.102002,363,1431.42379
118.102002,363,1431.608602
118.102002,363,1431.742356
118.102002,363,1431.871624
118.102002,363,1432.049582
118.102002,363,1432.179668
118.102002,363,1432.357886
118.102002,363,1432.486027
118.102002,363,1432.611769
118.102002,363,1432.794735
118.102002,363,1432.948383
118.102002,363,1433.122117
118.102002,363,1433.326939
118.102002,363,1433.465287
118.102002,363,1433.602385
118.102002,363,1433.787247
118.102002,363,1433.921942
118.102002,363,1434.051863
118.102002,363,1434.229233
118.102002,363,1434.359396
118.102002,363,1434.529058
118.102002,363,1434.656085
118.102002,363,1434.782226
118.102002,363,1436.183136
118.102002,363,1436.31047
118.102002,363,1436.437357
118.102002,363,1436.613142
118.102002,363,1436.740337
118.102002,363,1436.883237
118.102002,363,1437.059711
118.102002,363,1437.190129
118.102002,363,1437.319277
118.102002,363,1437.512863
118.102002,363,1437.659692
118.102002,363,1437.829725
118.102002,363,1438.041863
118.102002,363,1438.184663
118.102002,363,1438.37193
118.102002,363,1438.524331
118.102002,363,1438.662061
118.102002,363,1438.849412
118.102002,363,1438.987127
118.102002,363,1439.116372
118.102002,363,1439.293487
118.102002,363,1439.421873
118.102002,363,1439.549188
118.102002,363,1439.722393
118.102002,363,1439.848866
118.102002,363,1439.976489
118.102002,363,1440.15381
118.102002,363,1440.279515
118.102002,363,1440.460332
118.102002,363,1440.603298
118.102002,363,1440.772644
118.102002,363,1440.973245
118.102002,363,1441.111566
118.102002,363,1441.24981
118.102002,363,1441.434878
118.102002,363,1441.5679
118.102002,363,1441.698084
118.102002,363,1441.875491
118.102002,363,1442.005216
118.102002,363,1442.133081
118.102002,363,1442.306128
118.102002,363,1442.432378
118.102002,363,1442.558747
118.102002,363,1442.729393
118.102002,363,1442.874598
118.102002,363,1443.052252
118.102002,363,1443.182376
118.102002,363,1443.311005
118.102002,363,1443.505218
118.102002,363,1443.655312
118.102002,363,1443.823072
118.102002,363,1444.03544
118.102002,363,1444.195043
118.102002,363,1444.34306
118.102002,363,1444.532763
118.102002,363,1445.931826
118.102002,363,1446.07435
118.102002,363,1446.354407
118.102002,363,1446.512598
118.102002,363,1446.704439
118.102002,363,1446.842351
118.102002,363,1446.980497
118.102002,363,1447.165112
118.102002,363,1447.297679
118.102002,363,1447.427147
118.102002,363,1447.605223
118.102002,363,1447.73541
118.102002,363,1447.865257
118.102002,363,1448.043815
118.102002,363,1448.19042
118.102002,363,1448.319948
118.102002,363,1448.517084
118.102002,363,1448.669824
118.102002,363,1448.8375
118.102002,363,1449.039151
118.102002,363,1449.177482
118.102002,363,1449.363318
118.102002,363,1449.500022
118.102002,363,1449.631922
118.102002,363,1449.810161
118.102002,363,1449.940623
118.102002,363,1450.091704
118.102002,363,1450.277207
118.102002,363,1450.406684
118.102002,363,1450.53622
118.102002,363,1450.723727
118.102002,363,1450.867749
118.102002,363,1451.01716
118.102002,363,1451.206885
118.102002,363,1451.344906
118.102002,363,1451.481347
118.102002,363,1451.662377
118.102002,363,1451.793335
118.102002,363,1451.994545
118.102002,363,1452.126604
118.102002,363,1452.256148
118.102002,363,1452.475297
118.102002,363,1452.631317
118.102002,363,1452.794406
118.102002,363,1452.992334
118.102002,363,1453.130073
118.102002,363,1453.267077
118.102002,363,1453.451436
118.102002,363,1453.5825
118.102002,363,1453.732558
118.102002,363,1453.913927
118.102002,363,1454.043135
118.102002,363,1454.224357
118.102002,363,1454.371978
118.102002,363,1454.54243
118.102002,363,1456.057449
118.102002,363,1456.184992
118.102002,363,1456.311101
18.760608,361,1456.48105
118.102002,363,1456.607238
118.102002,363,1456.733243
118.102002,363,1456.908944
118.102002,363,1457.035972
118.102002,363,1457.161784
118.102002,363,1457.33665
118.102002,363,1457.462346
118.102002,363,1457.603418
118.102002,363,1457.77823
118.102002,363,1457.905544
118.102002,363,1458.079835
118.102002,363,1458.206029
118.102002,363,1458.332474
118.102002,363,1458.506228
118.102002,363,1458.631713
18.760608,361,1458.756851
118.102002,363,1458.939414
118.102002,363,1459.080656
118.102002,363,1459.236591
118.102002,363,1459.442701
118.102002,363,1459.604165
118.102002,363,1459.744636
118.102002,363,1459.934154
118.102002,363,1460.07573
118.102002,363,1460.264136
118.102002,363,1460.407179
118.102002,363,1460.563159
118.102002,363,1460.786064
118.102002,363,1460.932623
118.102002,363,1461.090871
118.102002,363,1461.279533
118.102002,363,1461.41837
118.102002,363,1461.554301
118.102002,363,1461.736565
118.102002,363,1461.866609
118.102002,363,1461.9959
118.102002,363,1462.169221
118.102002,363,1462.295804
118.102002,363,1462.422073
118.102002,363,1462.597557
118.102002,363,1462.723621
118.102002,363,1462.900093
118.102002,363,1463.026818
118.102002,363,1463.15252
118.102002,363,1463.343173
118.102002,363,1463.469183
118.102002,363,1463.597287
118.102002,363,1463.772643
18.760608,361,1463.897602
118.102002,363,1464.024319
118.102002,363,1464.198974
118.102002,363,1465.585873
118.102002,363,1465.742875
118.102002,363,1465.969955
118.102002,363,1466.114998
118.102002,363,1466.255124
118.102002,363,1466.443902
118.102002,363,1466.581174
118.102002,363,1466.767643
118.102002,363,1466.905455
118.102002,363,1467.042651
118.102002,363,1467.226111
118.102002,363,1467.357015
118.102002,363,1467.487203
118.102002,363,1467.664385
118.102002,363,1467.793879
118.102002,363,1467.923879
118.102002,363,1468.100632
118.102002,363,1468.229811
118.102002,363,1468.356095
118.102002,363,1468.552523
118.102002,363,1468.682876
118.102002,363,1468.860282
118.102002,363,1468.989951
118.102002,363,1469.118839
118.102002,363,1469.301539
118.102002,363,1469.457302
118.102002,363,1469.629172
118.102002,363,1469.837136
118.102002,363,1469.985476
118.102002,363,1470.150855
118.102002,363,1470.352993
118.102002,363,1470.495352
118.102002,363,1470.633388
118.102002,363,1470.855518
118.102002,363,1471.038777
118.102002,363,1471.242074
118.102002,363,1471.46342
118.102002,363,1471.609689
118.102002,363,1471.807261
118.102002,363,1471.955493
118.102002,363,1472.092612
118.102002,363,1472.277622
118.102002,363,1472.409267
118.102002,363,1472.53962
118.102002,363,1472.712266
118.102002,363,1472.838828
118.102002,363,1472.965264
118.102002,363,1473.14023
118.102002,363,1473.267896
118.102002,363,1473.393337
118.102002,363,1473.567553
118.102002,363,1473.694102
118.102002,363,1473.869403
118.102002,363,1474.004488
118.102002,363,1474.145712
118.102002,363,1475.651041
118.102002,363,1475.786279
118.102002,363,1475.91952
118.102002,363,1476.107325
118.102002,363,1476.246344
118.102002,363,1476.384737
118.102002,363,1476.601906
118.102002,363,1476.772407
118.102002,363,1476.959606
118.102002,363,1477.178323
118.102002,363,1477.322752
118.102002,363,1477.460089
118.102002,363,1477.646674
118.102002,363,1477.782661
118.102002,363,1477.964165
118.102002,363,1478.094283
118.102002,363,1478.224932
118.102002,363,1478.39617
118.102002,363,1478.541488
118.102002,363,1478.673442
118.102002,363,1478.854045
118.102002,363,1478.983875
118.102002,363,1479.10989
118.102002,363,1479.297514
118.102002,363,1479.441025
118.102002,363,1479.606961
118.102002,363,1479.808356
118.102002,363,1479.946531
118.102002,363,1480.083778
118.102002,363,1480.270068
118.102002,363,1480.41871
118.102002,363,1480.602588
118.102002,363,1480.73201
118.102002,363,1480.862148
118.102002,363,1481.037805
118.102002,363,1481.165202
118.102002,363,1481.29148
118.102002,363,1481.465358
118.102002,363,1481.593294
118.102002,363,1481.71903
118.102002,363,1481.907126
118.102002,363,1482.052341
118.102002,363,1482.210682
118.102002,363,1482.470269
118.102002,363,1482.658004
118.102002,363,1482.864983
118.102002,363,1483.006107
118.102002,363,1483.143196
118.102002,363,1483.32967
118.102002,363,1483.464216
118.102002,363,1483.595172
118.102002,363,1483.771964
118.102002,363,1483.900432
118.102002,363,1484.026447
118.102002,363,1484.199972
118.102002,363,1485.55308
118.102002,363,1485.681786
118.102002,363,1485.856581
118.102002,363,1485.982351
118.102002,363,1486.108617
118.102002,363,1486.282913
118.102002,363,1486.408557
118.102002,363,1486.582786
118.102002,363,1486.708899
118.102002,363,1486.83709
118.102002,363,1487.012989
118.102002,363,1487.140836
118.102002,363,1487.26901
118.102002,363,1487.440014
118.102002,363,1487.56591
118.102002,363,1487.695674
118.102002,363,1487.910646
118.102002,363,1488.070922
118.102002,363,1488.248025
118.102002,363,1488.461801
118.102002,363,1488.606042
118.102002,363,1488.792803
118.102002,363,1488.930972
118.102002,363,1489.069323
118.102002,363,1489.25522
118.102002,363,1489.389978
118.102002,363,1489.520429
118.102002,363,1489.715182
118.102002,363,1489.848831
118.102002,363,1489.979741
118.102002,363,1490.177206
118.102002,363,1490.35439
118.102002,363,1490.522928
118.102002,363,1490.724167
118.102002,363,1490.863692
118.102002,363,1491.00068
118.102002,363,1491.185859
118.102002,363,1491.317269
118.102002,363,1491.494566
118.102002,363,1491.64105
118.102002,363,1491.772472
118.102002,363,1491.949833
118.102002,363,1492.076946
118.102002,363,1492.202745
118.102002,363,1492.373404
118.102002,363,1492.498616
118.102002,363,1492.624998
118.102002,363,1492.800337
118.102002,363,1492.925982
118.102002,363,1493.053601
118.102002,363,1493.234663
118.102002,363,1493.376259
118.102002,363,1493.534044
118.102002,363,1493.76054
118.102002,363,1493.909854
118.102002,363,1495.381477
118.102002,363,1495.511694
118.102002,363,1495.641813
118.102002,363,1495.819916
118.102002,363,1495.947591
118.102002,363,1496.073054
118.102002,363,1496.268212
118.102002,363,1496.397542
118.102002,363,1496.527187
118.102002,363,1496.702847
118.102002,363,1496.82867
118.102002,363,1496.955103
118.102002,363,1497.130198
118.102002,363,1497.257542
118.102002,363,1497.43372
118.102002,363,1497.563752
118.102002,363,1497.69039
118.102002,363,1497.882539
118.102002,363,1498.031419
118.102002,363,1498.201044
118.102002,363,1498.407108
118.102002,363,1498.548867
118.102002,363,1498.685502
118.102002,363,1498.873868
118.102002,363,1499.010994
118.102002,363,1499.14205
118.102002,363,1499.319578
118.102002,363,1499.448969
118.102002,363,1499.578666
118.102002,363,1499.755816
18.760608,361,1499.8842
118.102002,363,1500.069322
118.102002,363,1500.21255
118.102002,363,1500.363695
118.102002,363,1500.616607
118.102002,363,1500.765622
118.102002,363,1500.907702
118.102002,363,1501.097059
118.102002,363,1501.234591
118.102002,363,1501.372785
118.102002,363,1501.555177
118.102002,363,1501.68539
18.760608,361,1501.813442
118.102002,363,1501.990255
118.102002,363,1502.116442
118.102002,363,1502.287145
118.102002,363,1502.421349
118.102002,363,1502.550635
118.102002,363,1502.721736
118.102002,363,1502.847603
118.102002,363,1502.97327
118.102002,363,1503.143986
118.102002,363,1503.270152
118.102002,363,1503.395686
118.102002,363,1503.56632
118.102002,363,1505.02089
118.102002,363,1505.200742
118.102002,363,1505.413904
118.102002,363,1505.556879
118.102002,363,1505.694788
118.102002,363,1505.88093
118.102002,363,1506.018577
118.102002,363,1506.202207
118.102002,363,1506.333199
118.102002,363,1506.462662
118.102002,363,1506.640484
18.760608,361,1506.769225
18.760608,361,1506.893561
118.102002,363,1507.063307
118.102002,363,1507.189241
118.102002,363,1507.315023
118.102002,363,1507.489658
118.102002,363,1507.617039
118.102002,363,1507.742631
118.102002,363,1507.918175
118.102002,363,1508.043742
118.102002,363,1508.169305
118.102002,363,1508.345069
118.102002,363,1508.470677
118.102002,363,1508.652
118.102002,363,1508.790173
118.102002,363,1508.934013
118.102002,363,1509.143983
118.102002,363,1509.283777
118.102002,363,1509.438679
118.102002,363,1509.624464
118.102002,363,1509.761291
118.102002,363,1509.899134
118.102002,363,1510.086142
118.102002,363,1510.221314
118.102002,363,1510.35305
118.102002,363,1510.547712
118.102002,363,1510.71743
118.102002,363,1510.946977
118.102002,363,1511.097173
118.102002,363,1511.236958
118.102002,363,1511.421716
118.102002,363,1511.558314
118.102002,363,1511.689833
118.102002,363,1511.866924
118.102002,363,1511.995997
118.102002,363,1512.122477
118.102002,363,1512.292182
118.102002,363,1512.422005
118.102002,363,1512.551288
118.102002,363,1512.72547
118.102002,363,1512.852567
118.102002,363,1512.978282
118.102002,363,1513.149878
118.102002,363,1513.275437
118.102002,363,1513.450747
118.102002,363,1514.800206
118.102002,363,1514.928084
118.102002,363,1515.102647
118.102002,363,1515.230668
118.102002,363,1515.35799
118.102002,363,1515.53455
118.102002,363,1515.662104
118.102002,363,1515.787476
118.102002,363,1515.962441
118.102002,363,1516.089752
118.102002,363,1516.216177
118.102002,363,1516.398817
118.102002,363,1516.539398
118.102002,363,1516.766675
118.102002,363,1516.923801
118.102002,363,1517.068642
118.102002,363,1517.256702
118.102002,363,1517.393384
118.102002,363,1517.53029
118.102002,363,1517.715223
118.102002,363,1517.84797
118.102002,363,1517.978231
118.102002,363,1518.156033
118.102002,363,1518.302605
118.102002,363,1518.437058
118.102002,363,1518.618349
118.102002,363,1518.759166
118.102002,363,1518.912296
118.102002,363,1519.113929
118.102002,363,1519.252012
118.102002,363,1519.438491
118.102002,363,1519.572708
118.102002,363,1519.704564
118.102002,363,1519.882096
118.102002,363,1520.012391
118.102002,363,1520.141583
118.102002,363,1520.318368
118.102002,363,1520.444603
118.102002,363,1520.570045
118.102002,363,1520.740838
118.102002,363,1520.866781
118.102002,363,1520.992278
118.102002,363,1521.162982
118.102002,363,1521.288813
118.102002,363,1521.459568
118.102002,363,1521.585606
118.102002,363,1521.711189
118.102002,363,1521.912946
118.102002,363,1522.061931
118.102002,363,1522.229823
118.102002,363,1522.451294
118.102002,363,1522.595704
118.102002,363,1522.732613
118.102002,363,1522.91863
118.102002,363,1523.055323
118.102002,363,1524.553049
118.102002,363,1524.737421
118.102002,363,1524.875364
118.102002,363,1525.012295
118.102002,363,1525.19594
118.102002,363,1525.32518
118.102002,363,1525.502503
118.102002,363,1525.63073
118.102002,363,1525.756994
118.102002,363,1525.927191
118.102002,363,1526.052866
118.102002,363,1526.17899
118.102002,363,1526.372015
118.102002,363,1526.50166
118.102002,363,1526.627946
118.102002,363,1526.805763
118.102002,363,1526.934443
118.102002,363,1527.059996
118.102002,363,1527.251825
118.102002,363,1527.397529
118.102002,363,1527.567288
118.102002,363,1527.770051
118.102002,363,1527.907585
118.102002,363,1528.094276
118.102002,363,1528.23094
118.102002,363,1528.363968
118.102002,363,1528.54523
118.102002,363,1528.674999
118.102002,363,1528.804422
118.102002,363,1528.991275
118.102002,363,1529.132395
118.102002,363,1529.295695
118.102002,363,1529.506635
118.102002,363,1529.648548
118.102002,363,1529.785748
118.102002,363,1529.972947
118.102002,363,1530.12415
118.102002,363,1530.308673
118.102002,363,1530.43949
118.102002,363,1530.568573
118.102002,363,1530.743927
118.102002,363,1530.86961
118.102002,363,1530.994989
118.102002,363,1531.165122
118.102002,363,1531.290873
118.102002,363,1531.416603
118.102002,363,1531.592003
118.102002,363,1531.718921
118.102002,363,1531.844196
118.102002,363,1532.01877
118.102002,363,1532.144309
118.102002,363,1532.269597
118.102002,363,1532.443521
118.102002,363,1532.568765
118.102002,363,1532.742569
118.102002,363,1534.074282
118.102002,363,1534.205197
118.102002,363,1534.408921
118.102002,363,1534.564794
118.102002,363,1534.714775
118.102002,363,1534.928336
118.102002,363,1535.072697
118.102002,363,1535.225659
118.102002,363,1535.428238
118.102002,363,1535.568698
118.102002,363,1535.705773
118.102002,363,1535.891013
118.102002,363,1536.027969
118.102002,363,1536.213821
118.102002,363,1536.346993
118.102002,363,1536.47666
118.102002,363,1536.653042
118.102002,363,1536.781978
118.102002,363,1536.908761
118.102002,363,1537.078941
118.102002,363,1537.204661
118.102002,363,1537.331489
118.102002,363,1537.50198
118.102002,363,1537.628654
118.102002,363,1537.754739
118.102002,363,1537.942321
118.102002,363,1538.086283
118.102002,363,1538.253248
118.102002,363,1538.457681
118.102002,363,1538.596659
118.102002,363,1538.781716
118.102002,363,1538.925118
118.102002,363,1539.058034
118.102002,363,1539.256602
118.102002,363,1539.39221
118.102002,363,1539.52337
118.102002,363,1539.713458
118.102002,363,1539.857364
118.102002,363,1540.022018
118.102002,363,1540.239606
118.102002,363,1540.38227
118.102002,363,1540.519313
118.102002,363,1540.706591
118.102002,363,1540.840302
118.102002,363,1540.971005
118.102002,363,1541.149272
118.102002,363,1541.278358
118.102002,363,1541.451091
118.102002,363,1541.577014
118.102002,363,1541.70274
118.102002,363,1541.873551
118.102002,363,1541.999484
118.102002,363,1542.125767
118.102002,363,1542.30105
118.102002,363,1542.426871
118.102002,363,1543.76851
118.102002,363,1543.959943
118.102002,363,1544.086144
118.102002,363,1544.212819
118.102002,363,1544.388904
118.102002,363,1544.515943
118.102002,363,1544.694237
118.102002,363,1544.834121
118.102002,363,1544.988978
118.102002,363,1545.241469
118.102002,363,1545.4021
118.102002,363,1545.550091
118.102002,363,1545.74532
118.102002,363,1545.882407
118.102002,363,1546.019238
118.102002,363,1546.20481
118.102002,363,1546.338458
118.102002,363,1546.47067
118.102002,363,1546.64786
118.102002,363,1546.778079
118.102002,363,1546.90726
118.102002,363,1547.084296
118.102002,363,1547.210596
118.102002,363,1547.390482
118.102002,363,1547.539657
118.102002,363,1547.694861
118.102002,363,1547.93758
118.102002,363,1548.085243
118.102002,363,1548.223378
118.102002,363,1548.409933
118.102002,363,1548.546073
118.102002,363,1548.680835
118.102002,363,1548.861089
118.102002,363,1548.991436
118.102002,363,1549.119934
118.102002,363,1549.314477
118.102002,363,1549.471148
118.102002,363,1549.697216
118.102002,363,1549.844356
118.102002,363,1549.982149
118.102002,363,1550.168595
118.102002,363,1550.305116
118.102002,363,1550.437954
118.102002,363,1550.615919
118.102002,363,1550.745704
118.102002,363,1550.875742
118.102002,363,1551.053053
118.102002,363,1551.179734
118.102002,363,1551.305254
118.102002,363,1551.498779
118.102002,363,1551.643053
118.102002,363,1551.836593
118.102002,363,1552.043589
118.102002,363,1552.18329
118.102002,363,1552.369864
118.102002,363,1553.738885
118.102002,363,1553.865733
118.102002,363,1554.036704
118.102002,363,1554.163807
118.102002,363,1554.290017
118.102002,363,1554.462344
118.102002,363,1554.588557
118.102002,363,1554.714732
118.102002,363,1554.887997
118.102002,363,1555.018139
118.102002,363,1555.148017
118.102002,363,1555.328491
118.102002,363,1555.469066
118.102002,363,1555.618081
118.102002,363,1555.82359
118.102002,363,1555.97693
118.102002,363,1556.165214
118.102002,363,1556.302553
118.102002,363,1556.44012
118.102002,363,1556.622451
118.102002,363,1556.752728
118.102002,363,1556.883441
118.102002,363,1557.061994
118.102002,363,1557.192293
118.102002,363,1557.326749
118.102002,363,1557.541314
118.102002,363,1557.707722
118.102002,363,1557.855305
118.102002,363,1558.043513
118.102002,363,1558.180744
118.102002,363,1558.366833
118.102002,363,1558.500351
118.102002,363,1558.629729
118.102002,363,1558.807702
118.102002,363,1558.94072
118.102002,363,1559.066898
118.102002,363,1559.238277
118.102002,363,1559.364414
118.102002,363,1559.491933
118.102002,363,1559.66669
118.102002,363,1559.792459
118.102002,363,1559.918797
118.102002,363,1560.09427
118.102002,363,1560.219994
118.102002,363,1560.346406
118.102002,363,1560.542419
118.102002,363,1560.668492
118.102002,363,1560.844578
118.102002,363,1560.987219
118.102002,363,1561.149425
118.102002,363,1561.368401
118.102002,363,1561.51209
118.102002,363,1561.649691
118.102002,363,1561.835886
118.102002,363,1561.97307
118.102002,363,1563.351777
18.420991,358,1563.520206
118.102002,363,1563.647621
118.102002,363,1563.773583
18.420991,358,1563.944776
118.102002,363,1564.070916
118.102002,363,1564.241971
118.102002,363,1564.368587
118.102002,363,1564.494389
118.102002,363,1564.665178
118.102002,363,1564.791418
118.102002,363,1564.917315
118.102002,363,1565.112643
118.102002,363,1565.243493
118.102002,363,1565.372896
118.102002,363,1565.551537
118.102002,363,1565.681204
118.102002,363,1565.811113
118.102002,363,1565.993253
118.102002,363,1566.123102
118.102002,363,1566.252972
118.102002,363,1566.448688
118.102002,363,1566.603597
118.102002,363,1566.827308
118.102002,363,1566.973704
118.102002,363,1567.117271
118.102002,363,1567.304721
118.102002,363,1567.442304
118.102002,363,1567.581175
118.102002,363,1567.765874
118.102002,363,1567.897779
118.102002,363,1568.02803
118.102002,363,1568.219356
118.102002,363,1568.365652
118.102002,363,1568.516903
118.102002,363,1568.707757
118.102002,363,1568.862227
118.102002,363,1568.998659
18.420991,358,1569.182625
118.102002,363,1569.315124
118.102002,363,1569.49212
118.102002,363,1569.62165
118.102002,363,1569.750557
118.102002,363,1569.922716
118.102002,363,1570.052362
118.102002,363,1570.178068
118.102002,363,1570.349144
118.102002,363,1570.474816
118.102002,363,1570.600659
118.102002,363,1570.77118
118.102002,363,1570.897033
118.102002,363,1571.023253
118.102002,363,1571.20041
118.102002,363,1571.327533
118.102002,363,1571.50232
118.102002,363,1572.974878
118.102002,363,1573.108989
118.102002,363,1573.308978
118.102002,363,1573.445614
118.102002,363,1573.57868
118.102002,363,1573.75735
118.102002,363,1573.894986
118.102002,363,1574.063037
118.102002,363,1574.303742
118.102002,363,1574.452135
118.102002,363,1574.592663
118.102002,363,1574.78021
118.102002,363,1574.91737
118.102002,363,1575.053269
118.102002,363,1575.23631
118.102002,363,1575.36583
118.102002,363,1575.541876
118.102002,363,1575.668909
118.102002,363,1575.794865
118.102002,363,1575.966422
118.102002,363,1576.092418
118.102002,363,1576.218467
118.102002,363,1576.395809
118.102002,363,1576.522836
118.102002,363,1576.649292
118.102002,363,1576.824785
118.102002,363,1576.95086
118.102002,363,1577.07695
118.102002,363,1577.251349
118.102002,363,1577.377119
118.102002,363,1577.573521
118.102002,363,1577.714415
118.102002,363,1577.860935
118.102002,363,1578.084506
118.102002,363,1578.229718
118.102002,363,1578.366651
18.420991,358,1578.551415
118.102002,363,1578.689123
118.102002,363,1578.826633
118.102002,363,1579.013971
118.102002,363,1579.144504
118.102002,363,1579.273953
118.102002,363,1579.46751
18.420991,358,1579.613761
118.102002,363,1579.762802
118.102002,363,1579.951986
118.102002,363,1580.089946
118.102002,363,1580.276311
118.102002,363,1580.410121
118.102002,363,1580.542939
118.102002,363,1580.720094
118.102002,363,1580.850186
118.102002,363,1580.979291
118.102002,363,1581.151351
118.102002,363,1581.278263
118.102002,363,1582.647134
118.102002,363,1582.824454
118.102002,363,1582.953125
118.102002,363,1583.07871
118.102002,363,1583.252193
118.102002,363,1583.3785
118.102002,363,1583.504366
118.102002,363,1583.680455
118.102002,363,1583.807307
118.102002,363,1583.980821
118.102002,363,1584.111147
118.102002,363,1584.240821
118.102002,363,1584.419105
118.102002,363,1584.565504
118.102002,363,1584.720189
18.420991,358,1584.961788
118.102002,363,1585.171232
118.102002,363,1585.361222
118.102002,363,1585.575767
118.102002,363,1585.719424
118.102002,363,1585.8565
118.102002,363,1586.063864
118.102002,363,1586.201069
118.102002,363,1586.386789
118.102002,363,1586.521097
118.102002,363,1586.650692
118.102002,363,1586.839417
118.102002,363,1586.983645
118.102002,363,1587.139714
118.102002,363,1587.351869
118.102002,363,1587.491228
18.420991,358,1587.626991
118.102002,363,1587.812112
118.102002,363,1587.942869
118.102002,363,1588.071938
118.102002,363,1588.249757
118.102002,363,1588.376553
118.102002,363,1588.502251
118.102002,363,1588.672818
118.102002,363,1588.79862
118.102002,363,1588.974171
118.102002,363,1589.101571
118.102002,363,1589.227266
118.102002,363,1589.401566
118.102002,363,1589.527264
118.102002,363,1589.65248
118.102002,363,1589.82703
118.102002,363,1589.953196
118.102002,363,1590.078968
118.102002,363,1590.282537
118.102002,363,1590.447326
118.102002,363,1590.617517
118.102002,363,1590.829063
118.102002,363,1590.97293
118.102002,363,1591.110029
118.102002,363,1592.560098
118.102002,363,1592.690461
118.102002,363,1592.86938
118.102002,363,1592.9997
118.102002,363,1593.128268
118.102002,363,1593.301252
118.102002,363,1593.428446
118.102002,363,1593.555436
118.102002,363,1593.731345
118.102002,363,1593.858798
118.102002,363,1593.985095
118.102002,363,1594.157336
118.102002,363,1594.284446
118.102002,363,1594.41043
118.102002,363,1594.586379
118.102002,363,1594.714027
118.102002,363,1594.909534
118.102002,363,1595.04803
118.102002,363,1595.188896
118.102002,363,1595.374889
118.102002,363,1595.520005
118.102002,363,1595.688825
118.102002,363,1595.963266
118.102002,363,1596.126625
118.102002,363,1596.273984
118.102002,363,1596.466586
118.102002,363,1596.604565
118.102002,363,1596.742137
118.102002,363,1596.927527
118.102002,363,1597.059456
118.102002,363,1597.189523
118.102002,363,1597.387715
118.102002,363,1597.541084
118.102002,363,1597.734743
118.102002,363,1597.873484
118.102002,363,1598.010309
118.102002,363,1598.19207
118.102002,363,1598.322023
118.102002,363,1598.451166
118.102002,363,1598.625977
118.102002,363,1598.752423
118.102002,363,1598.878963
118.102002,363,1599.054136
118.102002,363,1599.179833
118.102002,363,1599.305499
118.102002,363,1599.476666
118.102002,363,1599.602764
118.102002,363,1599.777684
118.102002,363,1599.905149
118.102002,363,1600.033062
118.102002,363,1600.208561
118.102002,363,1600.335646
118.102002,363,1600.461259
118.102002,363,1600.636634
118.102002,363,1600.763033
118.102002,363,1600.888681
118.102002,363,1602.469841
118.102002,363,1602.607099
118.102002,363,1602.743605
18.420991,358,1602.924929
118.102002,363,1603.054918
118.102002,363,1603.184262
118.102002,363,1603.362259
118.102002,363,1603.489585
118.102002,363,1603.660102
118.102002,363,1603.787202
118.102002,363,1603.913003
118.102002,363,1604.083814
118.102002,363,1604.210928
118.102002,363,1604.336693
118.102002,363,1604.508518
118.102002,363,1604.634792
118.102002,363,1604.760814
118.102002,363,1604.93557
118.102002,363,1605.06235
118.102002,363,1605.18838
118.102002,363,1605.360507
118.102002,363,1605.486779
118.102002,363,1605.612825
118.102002,363,1605.789073
118.102002,363,1605.917627
118.102002,363,1606.09359
118.102002,363,1606.232178
118.102002,363,1606.377783
118.102002,363,1606.607189
118.102002,363,1606.757265
118.102002,363,1606.89876
118.102002,363,1607.086886
118.102002,363,1607.224281
118.102002,363,1607.362353
118.102002,363,1607.545758
118.102002,363,1607.68088
118.102002,363,1607.813037
18.420991,358,1607.989764
118.102002,363,1608.119593
118.102002,363,1608.30498
118.102002,363,1608.448932
118.102002,363,1608.600943
118.102002,363,1608.82836
118.102002,363,1608.974589
118.102002,363,1609.111816
118.102002,363,1609.298261
118.102002,363,1609.434258
118.102002,363,1609.567796
118.102002,363,1609.767138
118.102002,363,1609.899471
118.102002,363,1610.029822
118.102002,363,1610.208058
118.102002,363,1610.3371
118.102002,363,1610.462674
118.102002,363,1610.633866
118.102002,363,1612.045921
118.102002,363,1612.252489
118.102002,363,1612.394037
118.102002,363,1612.531614
118.102002,363,1612.716657
118.102002,363,1612.85411
118.102002,363,1612.987625
118.102002,363,1613.166777
118.102002,363,1613.296477
118.102002,363,1613.425519
118.102002,363,1613.60334
118.102002,363,1613.732669
118.102002,363,1613.86079
118.102002,363,1614.035819
118.102002,363,1614.161542
118.102002,363,1614.332369
118.102002,363,1614.458397
118.102002,363,1614.583913
118.102002,363,1614.755069
118.102002,363,1614.881187
118.102002,363,1615.009127
118.102002,363,1615.185562
118.102002,363,1615.313608
118.102002,363,1615.442282
118.102002,363,1615.621003
118.102002,363,1615.750447
118.102002,363,1615.877548
118.102002,363,1616.076016
118.102002,363,1616.227321
118.102002,363,1616.398355
118.102002,363,1616.610212
118.102002,363,1616.753932
118.102002,363,1616.939748
118.102002,363,1617.077639
118.102002,363,1617.215264
118.102002,363,1617.401117
118.102002,363,1617.540347
118.102002,363,1617.689539
118.102002,363,1617.931052
118.102002,363,1618.078011
118.102002,363,1618.216551
118.102002,363,1618.402999
118.102002,363,1618.540875
118.102002,363,1618.673756
118.102002,363,1618.854284
118.102002,363,1618.986878
118.102002,363,1619.112691
118.102002,363,1619.284869
118.102002,363,1619.410451
118.102002,363,1619.581509
118.102002,363,1619.707454
118.102002,363,1619.833101
118.102002,363,1620.032182
118.102002,363,1620.162695
118.102002,363,1620.292819
118.102002,363,1621.872235
118.102002,363,1622.006038
118.102002,363,1622.135951
118.102002,363,1622.328811
118.102002,363,1622.504325
118.102002,363,1622.67567
118.102002,363,1622.882417
118.102002,363,1623.023224
118.102002,363,1623.20801
118.102002,363,1623.362272
118.102002,363,1623.499081
118.102002,363,1623.683207
118.102002,363,1623.812792
118.102002,363,1623.941769
118.102002,363,1624.120217
118.102002,363,1624.249342
118.102002,363,1624.376459
118.102002,363,1624.54729
118.102002,363,1624.675815
118.102002,363,1624.806674
118.102002,363,1625.003144
118.102002,363,1625.143068
118.102002,363,1625.275298
118.102002,363,1625.457153
118.102002,363,1625.596058
118.102002,363,1625.826924
118.102002,363,1625.987115
118.102002,363,1626.132339
118.102002,363,1626.345983
118.102002,363,1626.485628
118.102002,363,1626.623078
118.102002,363,1626.810537
118.102002,363,1626.945286
118.102002,363,1627.07656
118.102002,363,1627.255185
118.102002,363,1627.385225
118.102002,363,1627.514516
118.102002,363,1627.693116
118.102002,363,1627.821233
118.102002,363,1628.002352
118.102002,363,1628.164363
118.102002,363,1628.318104
118.102002,363,1628.54434
118.102002,363,1628.690954
118.102002,363,1628.830004
118.102002,363,1629.016723
118.102002,363,1629.159737
118.102002,363,1629.297814
118.102002,363,1629.480837
118.102002,363,1629.610634
118.102002,363,1629.740969
118.102002,363,1629.918
118.102002,363,1630.048298
118.102002,363,1630.176304
118.102002,363,1630.374852
118.102002,363,1631.725824
118.102002,363,1631.901691
118.102002,363,1632.031736
118.102002,363,1632.158842
118.102002,363,1632.331998
118.102002,363,1632.481032
118.102002,363,1632.611735
118.102002,363,1632.790336
118.102002,363,1632.921199
118.102002,363,1633.050773
118.102002,363,1633.23048
118.102002,363,1633.371311
118.102002,363,1633.525007
118.102002,363,1633.76189
118.102002,363,1633.95881
118.102002,363,1634.122395
118.102002,363,1634.355856
118.102002,363,1634.499347
118.102002,363,1634.685981
118.102002,363,1634.824408
118.102002,363,1634.963589
118.102002,363,1635.149467
118.102002,363,1635.279841
118.102002,363,1635.409932
118.102002,363,1635.599195
118.102002,363,1635.745692
118.102002,363,1635.909095
118.102002,363,1636.108885
118.102002,363,1636.263721
118.102002,363,1636.400901
118.102002,363,1636.587361
118.102002,363,1636.720986
118.102002,363,1636.899439
118.102002,363,1637.028996
118.102002,363,1637.157978
118.102002,363,1637.330611
118.102002,363,1637.456489
118.102002,363,1637.582379
118.102002,363,1637.753836
118.102002,363,1637.879848
118.102002,363,1638.00633
118.102002,363,1638.182047
118.102002,363,1638.308485
118.102002,363,1638.434091
118.102002,363,1638.608725
118.102002,363,1638.73425
118.102002,363,1638.862846
118.102002,363,1639.114811
118.102002,363,1639.280758
118.102002,363,1639.532052
118.102002,363,1639.695181
118.102002,363,1639.844838
118.102002,363,1640.044368
118.102002,363,1640.181909
118.102002,363,1640.318935
118.102002,363,1641.764121
118.102002,363,1641.89392
118.102002,363,1642.022953
118.102002,363,1642.199595
118.102002,363,1642.326532
118.102002,363,1642.452734
118.102002,363,1642.62742
118.102002,363,1642.753499
118.102002,363,1642.924771
118.102002,363,1643.052211
118.102002,363,1643.177995
118.102002,363,1643.352037
118.102002,363,1643.479891
118.102002,363,1643.606582
118.102002,363,1643.803303
118.102002,363,1643.933765
118.102002,363,1644.063025
118.102002,363,1644.244341
118.102002,363,1644.374025
118.102002,363,1644.50917
118.102002,363,1644.75506
118.102002,363,1644.943519
118.102002,363,1645.14461
118.102002,363,1645.380739
118.102002,363,1645.54769
118.102002,363,1645.749599
118.102002,363,1645.888367
118.102002,363,1646.026049
118.102002,363,1646.211212
118.102002,363,1646.34542
118.102002,363,1646.47545
118.102002,363,1646.655979
118.102002,363,1646.797076
118.102002,363,1646.945981
118.102002,363,1647.219214
118.102002,363,1647.378791
118.102002,363,1647.540034
118.102002,363,1647.739291
118.102002,363,1647.876855
118.102002,363,1648.06192
118.102002,363,1648.196924
118.102002,363,1648.327619
118.102002,363,1648.505077
118.102002,363,1648.633142
118.102002,363,1648.759952
118.102002,363,1648.931025
118.102002,363,1649.056922
118.102002,363,1649.183852
118.102002,363,1649.358732
118.102002,363,1649.486038
118.102002,363,1649.611961
118.102002,363,1649.785947
118.102002,363,1649.912524
118.102002,363,1650.039366
118.102002,363,1650.231374
118.102002,363,1651.589414
118.102002,363,1651.791683
118.102002,363,1651.932239
118.102002,363,1652.070059
118.102002,363,1652.255989
118.102002,363,1652.393785
118.102002,363,1652.529895
118.102002,363,1652.732061
118.102002,363,1652.872014
118.102002,363,1653.006047
118.102002,363,1653.189368
118.102002,363,1653.319293
118.102002,363,1653.448737
118.102002,363,1653.627292
118.102002,363,1653.756534
118.102002,363,1653.885655
118.102002,363,1654.064356
118.102002,363,1654.190659
118.102002,363,1654.364824
118.102002,363,1654.4927
118.102002,363,1654.619063
118.102002,363,1654.794286
118.102002,363,1654.924365
118.102002,363,1655.054949
118.102002,363,1655.259637
118.102002,363,1655.462521
118.102002,363,1655.652446
118.102002,363,1655.870376
118.102002,363,1656.021909
118.102002,363,1656.163692
118.102002,363,1656.350614
118.102002,363,1656.48785
118.102002,363,1656.675186
118.102002,363,1656.808816
118.102002,363,1656.938207
118.102002,363,1657.131063
118.102002,363,1657.301871
118.102002,363,1657.477458
118.102002,363,1657.680255
118.102002,363,1657.819537
118.102002,363,1657.956907
118.102002,363,1658.141933
118.102002,363,1658.275036
118.102002,363,1658.404506
118.102002,363,1658.582616
118.102002,363,1658.710601
118.102002,363,1658.839182
118.102002,363,1659.012555
118.102002,363,1659.138665
118.102002,363,1659.311943
118.102002,363,1659.455173
118.102002,363,1659.585827
118.102002,363,1659.75967
118.102002,363,1659.886426
118.102002,363,1660.014408
118.102002,363,1661.402355
118.102002,363,1661.532069
118.102002,363,1661.664625
118.102002,363,1661.846314
118.102002,363,1661.987313
118.102002,363,1662.140667
118.102002,363,1662.375769
118.102002,363,1662.521684
118.102002,363,1662.70875
118.102002,363,1662.847138
118.102002,363,1662.984654
118.102002,363,1663.170285
118.102002,363,1663.304278
118.102002,363,1663.434263
118.102002,363,1663.613262
118.102002,363,1663.742596
118.102002,363,1663.871691
118.102002,363,1664.051877
118.102002,363,1664.180269
118.102002,363,1664.306153
118.102002,363,1664.478309
118.102002,363,1664.624407
118.102002,363,1664.754584
118.102002,363,1664.935205
118.102002,363,1665.068217
118.102002,363,1665.280177
118.102002,363,1665.433679
118.102002,363,1665.602037
118.102002,363,1665.81253
118.102002,363,1665.955214
118.102002,363,1666.093289
118.102002,363,1666.278682
118.102002,363,1666.431466
118.102002,363,1666.568555
118.102002,363,1666.753186
118.102002,363,1666.885262
118.102002,363,1667.014066
118.102002,363,1667.205678
118.102002,363,1667.37446
118.102002,363,1667.54412
118.102002,363,1667.750891
118.102002,363,1667.891863
118.102002,363,1668.077932
118.102002,363,1668.229093
118.102002,363,1668.366194
118.102002,363,1668.549321
118.102002,363,1668.678651
118.102002,363,1668.808434
118.102002,363,1668.985639
118.102002,363,1669.11396
118.102002,363,1669.243784
118.102002,363,1669.417002
118.102002,363,1669.543137
118.102002,363,1669.668853
118.102002,363,1669.850142
118.102002,363,1671.391657
118.102002,363,1671.571047
118.102002,363,1671.700758
118.102002,363,1671.82978
118.102002,363,1672.007883
118.102002,363,1672.134349
118.102002,363,1672.2599
118.102002,363,1672.434987
118.102002,363,1672.563003
118.102002,363,1672.688762
118.102002,363,1672.89613
118.102002,363,1673.046921
118.102002,363,1673.202753
118.102002,363,1673.39902
118.102002,363,1673.53639
118.102002,363,1673.673806
118.102002,363,1673.859351
118.102002,363,1673.992718
118.102002,363,1674.171767
118.102002,363,1674.30126
118.102002,363,1674.430508
118.102002,363,1674.608172
118.102002,363,1674.737733
118.102002,363,1674.88528
118.102002,363,1675.071142
118.102002,363,1675.200847
118.102002,363,1675.33077
118.102002,363,1675.524059
118.102002,363,1675.700402
118.102002,363,1675.879437
118.102002,363,1676.088586
118.102002,363,1676.230818
118.102002,363,1676.416064
118.102002,363,1676.553774
118.102002,363,1676.707184
18.760608,361,1676.890343
118.102002,363,1677.023979
18.760608,361,1677.151451
118.102002,363,1677.330588
118.102002,363,1677.460181
118.102002,363,1677.589165
118.102002,363,1677.769984
118.102002,363,1677.910513
118.102002,363,1678.068825
118.102002,363,1678.281165
118.102002,363,1678.422543
118.102002,363,1678.575364
118.102002,363,1678.761281
118.102002,363,1678.903934
118.102002,363,1679.087613
118.102002,363,1679.218897
118.102002,363,1679.34817
118.102002,363,1679.524248
118.102002,363,1679.653259
118.102002,363,1679.77891
118.102002,363,1681.171383
118.102002,363,1681.297704
118.102002,363,1681.427191
118.102002,363,1681.605412
118.102002,363,1681.734794
118.102002,363,1681.864818
118.102002,363,1682.042039
118.102002,363,1682.171852
118.102002,363,1682.301071
18.760608,361,1682.477511
118.102002,363,1682.607552
18.760608,361,1682.783091
118.102002,363,1682.917359
118.102002,363,1683.052619
18.760608,361,1683.232371
118.102002,363,1683.381265
118.102002,363,1683.517304
118.102002,363,1683.700003
118.102002,363,1683.829204
118.102002,363,1683.959318
118.102002,363,1684.152638
118.102002,363,1684.301115
118.102002,363,1684.455191
118.102002,363,1684.649274
118.102002,363,1684.786539
118.102002,363,1684.973815
118.102002,363,1685.112148
118.102002,363,1685.248026
118.102002,363,1685.473454
118.102002,363,1685.640151
118.102002,363,1685.805191
118.102002,363,1686.004692
118.102002,363,1686.143516
118.102002,363,1686.281513
118.102002,363,1686.46668
118.102002,363,1686.605073
118.102002,363,1686.742208
118.102002,363,1686.932695
118.102002,363,1687.067435
118.102002,363,1687.217539
118.102002,363,1687.398424
118.102002,363,1687.527428
118.102002,363,1687.703695
118.102002,363,1687.830964
118.102002,363,1687.957337
118.102002,363,1688.128711
118.102002,363,1688.258263
118.102002,363,1688.388458
118.102002,363,1688.566887
118.102002,363,1688.697567
118.102002,363,1688.827054
118.102002,363,1689.004958
118.102002,363,1689.142909
18.760608,361,1689.304734
118.102002,363,1689.558949
118.102002,363,1691.029125
118.102002,363,1691.209889
18.760608,361,1691.339302
118.102002,363,1691.475836
18.760608,361,1691.675945
118.102002,363,1691.810757
118.102002,363,1691.941529
118.102002,363,1692.121314
118.102002,363,1692.252575
118.102002,363,1692.382022
118.102002,363,1692.558929
118.102002,363,1692.688944
118.102002,363,1692.816995
118.102002,363,1692.993852
118.102002,363,1693.120495
118.102002,363,1693.24667
118.102002,363,1693.423632
118.102002,363,1693.550659
118.102002,363,1693.728279
118.102002,363,1693.857786
118.102002,363,1693.987108
118.102002,363,1694.214266
18.760608,361,1694.373443
118.102002,363,1694.548803
118.102002,363,1694.772959
118.102002,363,1694.919333
118.102002,363,1695.062151
118.102002,363,1695.248445
118.102002,363,1695.385303
118.102002,363,1695.522198
118.102002,363,1695.705284
118.102002,363,1695.838262
118.102002,363,1695.967562
118.102002,363,1696.168013
118.102002,363,1696.311269
118.102002,363,1696.549979
118.102002,363,1696.706951
118.102002,363,1696.849781
118.102002,363,1697.036153
118.102002,363,1697.17371
118.102002,363,1697.310813
118.102002,363,1697.492335
118.102002,363,1697.622283
118.102002,363,1697.751422
118.102002,363,1697.925421
18.760608,361,1698.050891
118.102002,363,1698.176409
118.102002,363,1698.346833
118.102002,363,1698.473077
118.102002,363,1698.647153
118.102002,363,1698.774118
118.102002,363,1698.903927
118.102002,363,1699.079196
118.102002,363,1699.20689
118.102002,363,1699.334021
118.102002,363,1699.508347
118.102002,363,1700.862157
118.102002,363,1700.992113
118.102002,363,1701.169287
118.102002,363,1701.30043
118.102002,363,1701.430957
118.102002,363,1701.612956
118.102002,363,1701.75804
118.102002,363,1701.912914
118.102002,363,1702.168849
118.102002,363,1702.321356
118.102002,363,1702.519335
118.102002,363,1702.659325
118.102002,363,1702.798373
118.102002,363,1702.986304
118.102002,363,1703.12424
118.102002,363,1703.260699
118.102002,363,1703.443322
118.102002,363,1703.572633
118.102002,363,1703.701999
118.102002,363,1703.880264
118.102002,363,1704.00928
118.102002,363,1704.138602
118.102002,363,1704.334271
118.102002,363,1704.481817
118.102002,363,1704.718312
118.102002,363,1704.870759
118.102002,363,1705.015534
118.102002,363,1705.201836
118.102002,363,1705.339292
118.102002,363,1705.474811
118.102002,363,1705.656429
118.102002,363,1705.786019
118.102002,363,1705.915404
118.102002,363,1706.09281
118.102002,363,1706.22206
118.102002,363,1706.348602
118.102002,363,1706.540871
118.102002,363,1706.692996
118.102002,363,1706.85714
118.102002,363,1707.131694
118.102002,363,1707.287586
118.102002,363,1707.4858
118.102002,363,1707.624059
118.102002,363,1707.760969
118.102002,363,1707.947517
118.102002,363,1708.081585
118.102002,363,1708.210766
118.102002,363,1708.3884
118.102002,363,1708.516341
118.102002,363,1708.641657
118.102002,363,1708.813028
118.102002,363,1708.938839
118.102002,363,1709.079656
118.102002,363,1709.257041
118.102002,363,1709.386019
118.102002,363,1710.737097
118.102002,363,1710.912902
118.102002,363,1711.041861
118.102002,363,1711.219908
118.102002,363,1711.349322
118.102002,363,1711.478518
118.102002,363,1711.65621
118.102002,363,1711.785496
118.102002,363,1711.914436
118.102002,363,1712.10823
118.102002,363,1712.255674
118.102002,363,1712.422791
118.102002,363,1712.63398
118.102002,363,1712.777983
118.102002,363,1712.91498
118.102002,363,1713.100164
118.102002,363,1713.237086
118.102002,363,1713.437528
118.102002,363,1713.573801
118.102002,363,1713.70532
118.102002,363,1713.883102
118.102002,363,1714.012225
118.102002,363,1714.142381
118.102002,363,1714.319452
118.102002,363,1714.448496
118.102002,363,1714.576647
118.102002,363,1714.764092
118.102002,363,1714.928509
118.102002,363,1715.112635
118.102002,363,1715.350755
118.102002,363,1715.499628
118.102002,363,1715.640644
118.102002,363,1715.827819
118.102002,363,1715.965864
118.102002,363,1716.152533
118.102002,363,1716.291392
118.102002,363,1716.435126
118.102002,363,1716.689543
118.102002,363,1716.851069
118.102002,363,1716.997953
118.102002,363,1717.208412
118.102002,363,1717.345886
118.102002,363,1717.482726
118.102002,363,1717.666908
118.102002,363,1717.796575
118.102002,363,1717.926348
118.102002,363,1718.099547
118.102002,363,1718.22565
118.102002,363,1718.395972
118.102002,363,1718.522026
118.102002,363,1718.648131
118.102002,363,1718.82567
118.102002,363,1718.953626
118.102002,363,1719.079574
118.102002,363,1719.254213
118.102002,363,1720.681239
118.102002,363,1720.81559
118.102002,363,1720.997071
118.102002,363,1721.126222
118.102002,363,1721.255442
118.102002,363,1721.438225
118.102002,363,1721.567868
118.102002,363,1721.696888
118.102002,363,1721.898164
118.102002,363,1722.031877
118.102002,363,1722.211392
118.102002,363,1722.341704
118.102002,363,1722.471269
118.102002,363,1722.66048
118.102002,363,1722.819233
118.102002,363,1722.988664
118.102002,363,1723.207347
118.102002,363,1723.351092
118.102002,363,1723.488008
118.102002,363,1723.675166
118.102002,363,1723.813038
118.102002,363,1723.948937
118.102002,363,1724.130575
118.102002,363,1724.260127
118.102002,363,1724.389512
118.102002,363,1724.586489
118.102002,363,1724.733628
118.102002,363,1724.963463
118.102002,363,1725.112763
118.102002,363,1725.252649
118.102002,363,1725.458857
118.102002,363,1725.596844
118.102002,363,1725.734128
118.102002,363,1725.918087
118.102002,363,1726.048037
118.102002,363,1726.177101
118.102002,363,1726.353503
118.102002,363,1726.479149
118.102002,363,1726.604778
118.102002,363,1726.776448
118.102002,363,1726.902137
118.102002,363,1727.076916
118.102002,363,1727.204765
118.102002,363,1727.3309
118.102002,363,1727.506305
118.102002,363,1727.632375
118.102002,363,1727.75811
118.102002,363,1727.933025
118.102002,363,1728.065342
118.102002,363,1728.2052
118.102002,363,1728.411973
118.102002,363,1728.550649
118.102002,363,1728.687955
118.102002,363,1728.874483
118.102002,363,1729.008604
118.102002,363,1730.409903
118.102002,363,1730.591783
118.102002,363,1730.722315
118.102002,363,1730.900006
118.102002,363,1731.029948
118.102002,363,1731.159383
118.102002,363,1731.334022
118.102002,363,1731.462083
118.102002,363,1731.588496
118.102002,363,1731.764947
118.102002,363,1731.893362
118.102002,363,1732.021899
118.102002,363,1732.200941
118.102002,363,1732.330206
118.102002,363,1732.457076
118.102002,363,1732.632602
118.102002,363,1732.75998
118.102002,363,1732.933268
118.102002,363,1733.063901
118.102002,363,1733.190929
118.102002,363,1733.368778
118.102002,363,1733.498783
118.102002,363,1733.625308
118.102002,363,1733.804218
118.102002,363,1733.933813
118.102002,363,1734.063107
118.102002,363,1734.254523
118.102002,363,1734.416469
118.102002,363,1734.596915
118.102002,363,1734.81491
118.102002,363,1734.979193
118.102002,363,1735.124466
118.102002,363,1735.314612
118.102002,363,1735.451225
118.102002,363,1735.637874
118.102002,363,1735.773059
118.102002,363,1735.905938
118.102002,363,1736.082967
118.102002,363,1736.219754
118.102002,363,1736.359997
118.102002,363,1736.612026
118.102002,363,1736.765394
118.102002,363,1736.90769
118.102002,363,1737.094089
118.102002,363,1737.231158
118.102002,363,1737.366471
118.102002,363,1737.546058
118.102002,363,1737.676401
118.102002,363,1737.805221
118.102002,363,1737.979773
118.102002,363,1738.10581
118.102002,363,1738.276571
118.102002,363,1738.403549
118.102002,363,1738.529395
118.102002,363,1738.699697
118.102002,363,1740.062431
118.102002,363,1740.19259
118.102002,363,1740.370512
118.102002,363,1740.510126
118.102002,363,1740.654388
118.102002,363,1740.874084
118.102002,363,1741.018959
118.102002,363,1741.159498
118.102002,363,1741.346405
118.102002,363,1741.484261
118.102002,363,1741.670063
118.102002,363,1741.804964
118.102002,363,1741.936166
118.102002,363,1742.114425
118.102002,363,1742.243862
118.102002,363,1742.373068
118.102002,363,1742.553495
118.102002,363,1742.683262
118.102002,363,1742.812319
118.102002,363,1742.988732
118.102002,363,1743.11822
118.102002,363,1743.247087
118.102002,363,1743.423256
118.102002,363,1743.560238
118.102002,363,1743.738078
118.102002,363,1743.989339
118.102002,363,1744.139902
118.102002,363,1744.33199
118.102002,363,1744.469609
118.102002,363,1744.606906
118.102002,363,1744.792915
118.102002,363,1744.925214
118.102002,363,1745.058786
118.102002,363,1745.238208
118.102002,363,1745.368399
118.102002,363,1745.497555
118.102002,363,1745.689633
118.102002,363,1745.83282
118.102002,363,1746.004641
118.102002,363,1746.209092
118.102002,363,1746.348179
118.102002,363,1746.534614
118.102002,363,1746.671108
118.102002,363,1746.803643
118.102002,363,1746.983245
118.102002,363,1747.114249
118.102002,363,1747.243607
118.102002,363,1747.454889
118.102002,363,1747.600061
118.102002,363,1747.757265
118.102002,363,1747.95616
118.102002,363,1748.094242
118.102002,363,1748.231424
118.102002,363,1748.416044
118.102002,363,1748.546408
118.102002,363,1749.90577
118.102002,363,1750.084686
118.102002,363,1750.214856
118.102002,363,1750.39238
118.102002,363,1750.522926
118.102002,363,1750.64896
118.102002,363,1750.824091
118.102002,363,1750.953454
118.102002,363,1751.079806
118.102002,363,1751.255669
118.102002,363,1751.385778
118.102002,363,1751.514986
118.102002,363,1751.693479
118.102002,363,1751.841259
118.102002,363,1752.000011
118.102002,363,1752.259142
118.102002,363,1752.408974
118.102002,363,1752.59987
118.102002,363,1752.739043
118.102002,363,1752.876288
118.102002,363,1753.062473
118.102002,363,1753.196472
118.102002,363,1753.3285
118.102002,363,1753.50818
118.102002,363,1753.637571
118.102002,363,1753.767898
118.102002,363,1753.953539
118.102002,363,1754.122612
118.102002,363,1754.291699
118.102002,363,1754.500802
118.102002,363,1754.642775
118.102002,363,1754.779943
118.102002,363,1754.967567
118.102002,363,1755.104496
118.102002,363,1755.286458
118.102002,363,1755.416244
118.102002,363,1755.545358
118.102002,363,1755.74039
118.102002,363,1755.870682
118.102002,363,1756.00069
118.102002,363,1756.175128
118.102002,363,1756.301907
118.102002,363,1756.428036
118.102002,363,1756.601861
118.102002,363,1756.728677
118.102002,363,1756.854656
118.102002,363,1757.032077
118.102002,363,1757.174247
118.102002,363,1757.334803
118.102002,363,1757.561898
118.102002,363,1757.705875
118.102002,363,1757.893215
118.102002,363,1758.030847
118.102002,363,1758.16705
118.102002,363,1758.351056
118.102002,363,1759.704848
118.102002,363,1759.832551
118.102002,363,1760.009222
118.102002,363,1760.139513
118.102002,363,1760.267863
118.102002,363,1760.466176
118.102002,363,1760.595795
118.102002,363,1760.726157
118.102002,363,1760.903347
118.102002,363,1761.033393
118.102002,363,1761.210164
118.102002,363,1761.339748
118.102002,363,1761.469858
118.102002,363,1761.645375
118.102002,363,1761.77507
118.102002,363,1761.901239
118.102002,363,1762.077495
118.102002,363,1762.206989
118.102002,363,1762.332618
118.102002,363,1762.508933
118.102002,363,1762.638757
118.102002,363,1762.768002
118.102002,363,1762.959749
118.102002,363,1763.103233
118.102002,363,1763.258722
118.102002,363,1763.45384
118.102002,363,1763.591572
118.102002,363,1763.777632
118.102002,363,1763.915539
118.102002,363,1764.048783
118.102002,363,1764.231684
118.102002,363,1764.361631
118.102002,363,1764.491377
118.102002,363,1764.704448
118.102002,363,1764.859944
118.102002,363,1765.049595
118.102002,363,1765.258517
118.102002,363,1765.399778
118.102002,363,1765.53705
118.102002,363,1765.722278
118.102002,363,1765.857793
118.102002,363,1766.037811
118.102002,363,1766.169516
118.102002,363,1766.299929
118.102002,363,1766.477237
118.102002,363,1766.604318
118.102002,363,1766.730329
118.102002,363,1766.900943
118.102002,363,1767.027404
118.102002,363,1767.153868
118.102002,363,1767.329168
118.102002,363,1767.456837
118.102002,363,1767.582386
118.102002,363,1767.75783
118.102002,363,1767.884113
118.102002,363,1769.368127
118.102002,363,1769.556117
118.102002,363,1769.693628
118.102002,363,1769.881082
118.102002,363,1770.019789
118.102002,363,1770.154309
118.102002,363,1770.346424
118.102002,363,1770.491011
118.102002,363,1770.656485
118.102002,363,1770.877432
118.102002,363,1771.023898
118.102002,363,1771.161705
118.102002,363,1771.348266
118.102002,363,1771.484513
118.102002,363,1771.616233
118.102002,363,1771.795319
118.102002,363,1771.924667
118.102002,363,1772.051697
118.102002,363,1772.224038
118.102002,363,1772.35
118.102002,363,1772.521092
118.102002,363,1772.647356
118.102002,363,1772.773816
118.102002,363,1772.945477
118.102002,363,1773.071373
118.102002,363,1773.196837
118.102002,363,1773.40717
118.102002,363,1773.548878
118.102002,363,1773.701957
118.102002,363,1773.897183
118.102002,363,1774.035246
118.102002,363,1774.172435
118.102002,363,1774.356623
118.102002,363,1774.4886
118.102002,363,1774.671631
118.102002,363,1774.806858
118.102002,363,1774.935777
118.102002,363,1775.136104
118.102002,363,1775.329803
118.102002,363,1775.511766
118.102002,363,1775.726945
118.102002,363,1775.872148
118.102002,363,1776.01405
118.102002,363,1776.201122
118.102002,363,1776.338603
118.102002,363,1776.47288
118.102002,363,1776.654414
118.102002,363,1776.784694
118.102002,363,1776.913068
118.102002,363,1777.087127
118.102002,363,1777.214263
118.102002,363,1777.385251
118.102002,363,1777.512045
118.102002,363,1777.639753
118.102002,363,1777.816445
118.102002,363,1779.176063
118.102002,363,1779.306608
118.102002,363,1779.483066
118.102002,363,1779.632975
118.102002,363,1779.765525
118.102002,363,1779.946361
118.102002,363,1780.079129
118.102002,363,1780.209542
18.420991,358,1780.402121
118.102002,363,1780.558143
118.102002,363,1780.79303
118.102002,363,1780.945289
118.102002,363,1781.08767
118.102002,363,1781.274242
118.102002,363,1781.411979
118.102002,363,1781.548477
118.102002,363,1781.731143
118.102002,363,1781.860564
118.102002,363,1781.990612
118.102002,363,1782.167624
118.102002,363,1782.29636
118.102002,363,1782.423069
118.102002,363,1782.595304
118.102002,363,1782.723668
118.102002,363,1782.849608
118.102002,363,1783.022986
118.102002,363,1783.164014
118.102002,363,1783.372366
118.102002,363,1783.51635
118.102002,363,1783.654168
118.102002,363,1783.841331
118.102002,363,1783.977973
118.102002,363,1784.110614
118.102002,363,1784.288213
118.102002,363,1784.418194
118.102002,363,1784.547307
118.102002,363,1784.725215
118.102002,363,1784.852217
118.102002,363,1784.97776
118.102002,363,1785.156575
118.102002,363,1785.283809
118.102002,363,1785.409353
118.102002,363,1785.583909
118.102002,363,1785.709619
118.102002,363,1785.885726
118.102002,363,1786.015381
118.102002,363,1786.141594
118.102002,363,1786.353781
118.102002,363,1786.507669
118.102002,363,1786.676266
118.102002,363,1786.879628
118.102002,363,1787.019242
118.102002,363,1787.157293
118.102002,363,1787.344431
118.102002,363,1787.479946
118.102002,363,1788.86819
118.102002,363,1789.045022
118.102002,363,1789.174481
118.102002,363,1789.347931
118.102002,363,1789.477797
118.102002,363,1789.624249
118.102002,363,1789.802729
118.102002,363,1789.931934
118.102002,363,1790.062186
118.102002,363,1790.240891
118.102002,363,1790.370438
118.102002,363,1790.49999
118.102002,363,1790.678541
118.102002,363,1790.808588
118.102002,363,1790.938867
118.102002,363,1791.116646
118.102002,363,1791.246894
118.102002,363,1791.376257
118.102002,363,1791.568861
118.102002,363,1791.709128
118.102002,363,1791.901263
118.102002,363,1792.057165
118.102002,363,1792.235913
118.102002,363,1792.457273
118.102002,363,1792.603767
118.102002,363,1792.7455
118.102002,363,1792.930756
118.102002,363,1793.084092
118.102002,363,1793.221735
118.102002,363,1793.409538
118.102002,363,1793.544729
118.102002,363,1793.677017
118.102002,363,1793.858549
118.102002,363,1794.000645
118.102002,363,1794.236369
118.102002,363,1794.394809
118.102002,363,1794.539786
118.102002,363,1794.747841
118.102002,363,1794.884739
118.102002,363,1795.021842
118.102002,363,1795.208143
118.102002,363,1795.339997
118.102002,363,1795.470244
118.102002,363,1795.647524
118.102002,363,1795.775804
118.102002,363,1795.901854
118.102002,363,1796.072246
118.102002,363,1796.198975
118.102002,363,1796.324764
118.102002,363,1796.496535
118.102002,363,1796.624339
118.102002,363,1796.799471
118.102002,363,1796.925874
118.102002,363,1797.052398
118.102002,363,1797.241522
118.102002,363,1797.369395
118.102002,363,1798.828861
118.102002,363,1799.020676
118.102002,363,1799.159011
118.102002,363,1799.296248
118.102002,363,1799.481065
118.102002,363,1799.613539
118.102002,363,1799.743237
118.102002,363,1799.922368
118.102002,363,1800.0548
118.102002,363,1800.233391
118.102002,363,1800.363633
118.102002,363,1800.493392
118.102002,363,1800.669089
118.102002,363,1800.795906
118.102002,363,1800.921808
118.102002,363,1801.120951
118.102002,363,1801.251448
118.102002,363,1801.381009
118.102002,363,1801.559115
118.102002,363,1801.687058
118.102002,363,1801.814212
118.102002,363,1801.992593
118.102002,363,1802.122182
118.102002,363,1802.251144
118.102002,363,1802.444037
118.102002,363,1802.612869
118.102002,363,1802.845733
118.102002,363,1803.013517
118.102002,363,1803.161781
118.102002,363,1803.350766
118.102002,363,1803.488617
118.102002,363,1803.626178
18.420991,358,1803.81141
118.102002,363,1803.945079
118.102002,363,1804.074824
118.102002,363,1804.266724
118.102002,363,1804.414045
118.102002,363,1804.587306
118.102002,363,1804.814265
118.102002,363,1804.961975
118.102002,363,1805.102943
118.102002,363,1805.293317
118.102002,363,1805.430939
118.102002,363,1805.617347
118.102002,363,1805.749778
118.102002,363,1805.880159
118.102002,363,1806.057348
118.102002,363,1806.183658
118.102002,363,1806.310804
18.420991,358,1806.502845
118.102002,363,1806.633907
118.102002,363,1806.763362
118.102002,363,1806.939629
118.102002,363,1807.07493
118.102002,363,1807.216225
118.102002,363,1808.72642
118.102002,363,1808.85671
118.102002,363,1809.03443
118.102002,363,1809.164526
118.102002,363,1809.291637
118.102002,363,1809.466555
118.102002,363,1809.593886
118.102002,363,1809.719827
118.102002,363,1809.899321
118.102002,363,1810.032983
118.102002,363,1810.163163
118.102002,363,1810.362146
118.102002,363,1810.494935
118.102002,363,1810.625014
118.102002,363,1810.803434
118.102002,363,1810.933247
118.102002,363,1811.062683
118.102002,363,1811.239963
118.102002,363,1811.370692
118.102002,363,1811.548169
118.102002,363,1811.678441
118.102002,363,1811.80875
118.102002,363,1811.987054
118.102002,363,1812.116663
118.102002,363,1812.245463
118.102002,363,1812.466824
118.102002,363,1812.625685
118.102002,363,1812.811232
118.102002,363,1813.01858
118.102002,363,1813.161489
118.102002,363,1813.298626
118.102002,363,1813.485676
118.102002,363,1813.622829
118.102002,363,1813.757303
118.102002,363,1813.942618
118.102002,363,1814.085904
118.102002,363,1814.330479
118.102002,363,1814.48877
118.102002,363,1814.653437
118.102002,363,1814.845293
118.102002,363,1814.983043
118.102002,363,1815.120363
118.102002,363,1815.305927
118.102002,363,1815.44019
118.102002,363,1815.570546
118.102002,363,1815.749078
118.102002,363,1815.880741
118.102002,363,1816.007441
118.102002,363,1816.180447
118.102002,363,1816.307639
118.102002,363,1816.482633
118.102002,363,1816.614901
118.102002,363,1816.76492
118.102002,363,1816.948247
118.102002,363,1817.078798
118.102002,363,1818.637092
118.102002,363,1818.826385
18.420991,358,1818.959935
118.102002,363,1819.090964
18.420991,358,1819.282366
118.102002,363,1819.430992
118.102002,363,1819.608342
118.102002,363,1819.80826
118.102002,363,1819.94663
118.102002,363,1820.085454
118.102002,363,1820.27475
118.102002,363,1820.413325
118.102002,363,1820.596483
118.102002,363,1820.727258
118.102002,363,1820.85682
118.102002,363,1821.030391
118.102002,363,1821.156739
118.102002,363,1821.283279
118.102002,363,1821.454805
118.102002,363,1821.599085
118.102002,363,1821.730348
118.102002,363,1821.909221
118.102002,363,1822.040542
118.102002,363,1822.170692
118.102002,363,1822.349229
118.102002,363,1822.478367
118.102002,363,1822.677415
118.102002,363,1822.835549
118.102002,363,1822.996928
118.102002,363,1823.209586
118.102002,363,1823.352515
118.102002,363,1823.50825
118.102002,363,1823.69579
118.102002,363,1823.832702
118.102002,363,1823.970202
118.102002,363,1824.153396
118.102002,363,1824.285623
118.102002,363,1824.414886
118.102002,363,1824.60851
118.102002,363,1824.768158
118.102002,363,1824.938445
118.102002,363,1825.150417
118.102002,363,1825.307605
118.102002,363,1825.496449
118.102002,363,1825.633731
118.102002,363,1825.770266
118.102002,363,1825.950881
118.102002,363,1826.080981
118.102002,363,1826.210037
18.420991,358,1826.379786
18.420991,358,1826.504729
118.102002,363,1826.630541
118.102002,363,1826.801303
118.102002,363,1826.928307
118.102002,363,1827.054063
118.102002,363,1828.451233
118.102002,363,1828.577842
118.102002,363,1828.706224
118.102002,363,1828.881165
118.102002,363,1829.006779
118.102002,363,1829.182126
118.102002,363,1829.307966
118.102002,363,1829.433455
118.102002,363,1829.609137
118.102002,363,1829.736321
118.102002,363,1829.862471
118.102002,363,1830.039057
18.420991,358,1830.1647
118.102002,363,1830.292164
118.102002,363,1830.466943
118.102002,363,1830.593019
118.102002,363,1830.720681
118.102002,363,1830.91608
118.102002,363,1831.059701
118.102002,363,1831.306129
118.102002,363,1831.474484
118.102002,363,1831.623795
118.102002,363,1831.819427
118.102002,363,1831.957402
118.102002,363,1832.095825
118.102002,363,1832.28081
118.102002,363,1832.41936
118.102002,363,1832.553442
118.102002,363,1832.733668
118.102002,363,1832.885608
118.102002,363,1833.035259
118.102002,363,1833.295221
118.102002,363,1833.443356
118.102002,363,1833.58392
118.102002,363,1833.771049
118.102002,363,1833.907579
118.102002,363,1834.088619
118.102002,363,1834.218154
118.102002,363,1834.346983
118.102002,363,1834.520524
118.102002,363,1834.646649
118.102002,363,1834.772363
118.102002,363,1834.966942
118.102002,363,1835.09968
118.102002,363,1835.241135
118.102002,363,1835.425229
118.102002,363,1835.558098
118.102002,363,1835.687391
118.102002,363,1835.884137
118.102002,363,1836.037756
118.102002,363,1836.192176
118.102002,363,1836.385932
118.102002,363,1836.524508
118.102002,363,1836.728133
118.102002,363,1836.866347
118.102002,363,1838.234008
118.102002,363,1838.410676
118.102002,363,1838.540613
118.102002,363,1838.669002
118.102002,363,1838.846576
118.102002,363,1838.976233
118.102002,363,1839.103657
118.102002,363,1839.28111
118.102002,363,1839.424528
118.102002,363,1839.556719
118.102002,363,1839.734847
118.102002,363,1839.863764
118.102002,363,1840.043695
118.102002,363,1840.174253
118.102002,363,1840.30421
118.102002,363,1840.481196
18.420991,358,1840.609574
118.102002,363,1840.738923
118.102002,363,1840.915072
118.102002,363,1841.045376
118.102002,363,1841.175111
118.102002,363,1841.3541
118.102002,363,1841.48358
118.102002,363,1841.612541
118.102002,363,1841.805009
118.102002,363,1841.961551
118.102002,363,1842.155366
118.102002,363,1842.374051
118.102002,363,1842.518683
118.102002,363,1842.705098
118.102002,363,1842.843164
118.102002,363,1842.980455
118.102002,363,1843.167089
118.102002,363,1843.298976
118.102002,363,1843.427887
118.102002,363,1843.617848
118.102002,363,1843.762669
118.102002,363,1843.92873
118.102002,363,1844.138095
118.102002,363,1844.279318
118.102002,363,1844.417668
118.102002,363,1844.605056
118.102002,363,1844.739645
118.102002,363,1844.91749
118.102002,363,1845.049089
118.102002,363,1845.178495
118.102002,363,1845.356047
118.102002,363,1845.482939
118.102002,363,1845.608885
118.102002,363,1845.804329
118.102002,363,1845.933978
118.102002,363,1846.062483
118.102002,363,1846.236343
118.102002,363,1846.362037
118.102002,363,1846.487617
118.102002,363,1847.868086
118.102002,363,1847.997577
118.102002,363,1848.127618
118.102002,363,1848.310088
18.420991,358,1848.449073
118.102002,363,1848.662019
118.102002,363,1848.810994
118.102002,363,1848.951205
118.102002,363,1849.137114
118.102002,363,1849.274306
118.102002,363,1849.41089
118.102002,363,1849.600035
118.102002,363,1849.732212
118.102002,363,1849.861096
118.102002,363,1850.041091
118.102002,363,1850.170642
118.102002,363,1850.300887
118.102002,363,1850.500274
118.102002,363,1850.630145
118.102002,363,1850.758993
118.102002,363,1850.93756
118.102002,363,1851.064952
118.102002,363,1851.237645
118.102002,363,1851.36402
118.102002,363,1851.493015
118.102002,363,1851.669947
118.102002,363,1851.796585
118.102002,363,1851.921878
118.102002,363,1852.10957
118.102002,363,1852.266447
118.102002,363,1852.437505
118.102002,363,1852.651718
118.102002,363,1852.79447
118.102002,363,1852.932489
118.102002,363,1853.117832
118.102002,363,1853.255869
118.102002,363,1853.439151
118.102002,363,1853.571831
118.102002,363,1853.700998
118.102002,363,1853.889248
18.420991,358,1854.027233
118.102002,363,1854.18991
118.102002,363,1854.434228
118.102002,363,1854.582358
118.102002,363,1854.722101
118.102002,363,1854.906481
118.102002,363,1855.045088
118.102002,363,1855.180241
118.102002,363,1855.360944
118.102002,363,1855.49044
118.102002,363,1855.618824
118.102002,363,1855.793404
118.102002,363,1855.918836
118.102002,363,1856.08936
118.102002,363,1856.215848
118.102002,363,1857.550022
118.102002,363,1857.725166
118.102002,363,1857.851638
118.102002,363,1857.97796
118.102002,363,1858.152609
118.102002,363,1858.278808
118.102002,363,1858.405464
118.102002,363,1858.589402
118.102002,363,1858.733685
118.102002,363,1858.883601
118.102002,363,1859.101599
118.102002,363,1859.242618
118.102002,363,1859.427383
118.102002,363,1859.565925
118.102002,363,1859.702819
118.102002,363,1859.887265
118.102002,363,1860.021666
118.102002,363,1860.154761
118.102002,363,1860.333196
118.102002,363,1860.46252
118.102002,363,1860.591743
118.102002,363,1860.769752
118.102002,363,1860.899067
118.102002,363,1861.029057
118.102002,363,1861.206531
118.102002,363,1861.334732
118.102002,363,1861.461219
118.102002,363,1861.656144
118.102002,363,1861.820406
118.102002,363,1862.068973
118.102002,363,1862.236474
118.102002,363,1862.385667
118.102002,363,1862.575989
118.102002,363,1862.714635
118.102002,363,1862.851456
118.102002,363,1863.05544
118.102002,363,1863.192127
118.102002,363,1863.324136
118.102002,363,1863.502436
118.102002,363,1863.632515
118.102002,363,1863.762568
118.102002,363,1863.939788
118.102002,363,1864.06636
118.102002,363,1864.192285
118.102002,363,1864.38769
118.102002,363,1864.533982
118.102002,363,1864.809684
118.102002,363,1864.970781
118.102002,363,1865.12023
118.102002,363,1865.323663
118.102002,363,1865.473586
118.102002,363,1865.612287
118.102002,363,1865.799766
118.102002,363,1865.937025
118.102002,363,1866.073392
118.102002,363,1867.616136
118.102002,363,1867.7467
118.102002,363,1867.876245
118.102002,363,1868.050197
118.102002,363,1868.176603
118.102002,363,1868.346508
118.102002,363,1868.472522
118.102002,363,1868.599064
118.102002,363,1868.769507
118.102002,363,1868.895354
118.102002,363,1869.021932
118.102002,363,1869.200498
118.102002,363,1869.328849
118.102002,363,1869.454577
118.102002,363,1869.644277
118.102002,363,1869.809849
118.102002,363,1869.989134
118.102002,363,1870.214019
118.102002,363,1870.360185
118.102002,363,1870.499769
118.102002,363,1870.686281
118.102002,363,1870.824595
118.102002,363,1871.011255
118.102002,363,1871.14493
118.102002,363,1871.274452
118.102002,363,1871.474113
118.102002,363,1871.607378
118.102002,363,1871.739242
118.102002,363,1871.93819
118.102002,363,1872.104788
118.102002,363,1872.267969
118.102002,363,1872.467889
118.102002,363,1872.605784
118.102002,363,1872.742598
118.102002,363,1872.927115
118.102002,363,1873.05848
118.102002,363,1873.236138
118.102002,363,1873.365596
118.102002,363,1873.492716
118.102002,363,1873.664722
118.102002,363,1873.790818
118.102002,363,1873.916488
118.102002,363,1874.089188
118.102002,363,1874.21589
118.102002,363,1874.341391
118.102002,363,1874.516447
118.102002,363,1874.656691
118.102002,363,1874.807997
118.102002,363,1875.008116
118.102002,363,1875.161995
118.102002,363,1875.300912
118.102002,363,1875.489256
118.102002,363,1875.626331
118.102002,363,1875.812418
118.102002,363,1875.945463
118.102002,363,1877.328281
118.102002,363,1877.513386
118.102002,363,1877.647806
118.102002,363,1877.778106
118.102002,363,1877.956466
118.102002,363,1878.085985
118.102002,363,1878.21521
118.102002,363,1878.392472
118.102002,363,1878.521978
118.102002,363,1878.648845
118.102002,363,1878.826539
118.102002,363,1878.956596
118.102002,363,1879.08395
118.102002,363,1879.262157
118.102002,363,1879.391105
118.102002,363,1879.57173
118.102002,363,1879.723858
118.102002,363,1879.889718
118.102002,363,1880.134477
118.102002,363,1880.284658
118.102002,363,1880.426837
118.102002,363,1880.613424
118.102002,363,1880.750388
118.102002,363,1880.887122
118.102002,363,1881.076692
118.102002,363,1881.21037
118.102002,363,1881.339897
118.102002,363,1881.541301
118.102002,363,1881.70819
118.102002,363,1881.934393
118.102002,363,1882.081439
118.102002,363,1882.22059
118.102002,363,1882.407016
118.102002,363,1882.54354
118.102002,363,1882.675973
118.102002,363,1882.854045
118.102002,363,1882.983362
118.102002,363,1883.111977
118.102002,363,1883.283554
118.102002,363,1883.409052
118.102002,363,1883.535428
118.102002,363,1883.706541
118.102002,363,1883.832082
118.102002,363,1883.959545
118.102002,363,1884.134885
118.102002,363,1884.276263
118.102002,363,1884.451463
118.102002,363,1884.583066
118.102002,363,1884.724673
118.102002,363,1884.973414
118.102002,363,1885.130943
118.102002,363,1885.30358
118.102002,363,1885.521214
118.102002,363,1885.66669
118.102002,363,1885.804524
118.102002,363,1886.052339
118.102002,363,1887.465496
118.102002,363,1887.592154
118.102002,363,1887.765048
118.102002,363,1887.891659
118.102002,363,1888.063015
118.102002,363,1888.189784
118.102002,363,1888.315991
118.102002,363,1888.487677
118.102002,363,1888.61439
118.102002,363,1888.740543
118.102002,363,1888.938681
118.102002,363,1889.072153
118.102002,363,1889.201953
118.102002,363,1889.394128
118.102002,363,1889.540278
118.102002,363,1889.697898
118.102002,363,1889.895752
118.102002,363,1890.033963
118.102002,363,1890.172195
118.102002,363,1890.358292
118.102002,363,1890.49532
118.102002,363,1890.677335
118.102002,363,1890.809995
118.102002,363,1890.939591
118.102002,363,1891.117486
118.102002,363,1891.247389
118.102002,363,1891.377133
118.102002,363,1891.555405
118.102002,363,1891.685086
118.102002,363,1891.813601
118.102002,363,1892.028017
118.102002,363,1892.187015
118.102002,363,1892.350429
118.102002,363,1892.55018
118.102002,363,1892.710073
118.102002,363,1892.847392
118.102002,363,1893.034273
118.102002,363,1893.172042
118.102002,363,1893.358266
118.102002,363,1893.489538
118.102002,363,1893.61854
118.102002,363,1893.808491
118.102002,363,1893.970046
118.102002,363,1894.140829
118.102002,363,1894.346327
118.102002,363,1894.486221
118.102002,363,1894.624101
118.102002,363,1894.811105
118.102002,363,1894.945022
118.102002,363,1895.079241
118.102002,363,1895.273831
118.102002,363,1895.409826
118.102002,363,1895.60498
118.102002,363,1895.753694
118.102002,363,1895.931594
118.102002,363,1897.454421
118.102002,363,1897.584597
118.102002,363,1897.711565
118.102002,363,1897.885478
118.102002,363,1898.011687
118.102002,363,1898.137595
118.102002,363,1898.309416
118.102002,363,1898.435438
118.102002,363,1898.561532
118.102002,363,1898.733118
118.102002,363,1898.863166
118.102002,363,1898.995186
118.102002,363,1899.166997
118.102002,363,1899.293275
118.102002,363,1899.466549
118.102002,363,1899.596413
118.102002,363,1899.723317
118.102002,363,1899.90211
118.102002,363,1900.033976
118.102002,363,1900.165055
118.102002,363,1900.356556
118.102002,363,1900.503905
118.102002,363,1900.659204
118.102002,363,1900.854961
18.760608,361,1901.012713
118.102002,363,1901.150128
118.102002,363,1901.336975
118.102002,363,1901.474493
118.102002,363,1901.65843
118.102002,363,1901.790722
118.102002,363,1901.921787
118.102002,363,1902.100066
118.102002,363,1902.231225
118.102002,363,1902.383416
118.102002,363,1902.620124
118.102002,363,1902.776902
118.102002,363,1902.921016
118.102002,363,1903.108518
118.102002,363,1903.246434
118.102002,363,1903.382846
118.102002,363,1903.569463
18.760608,361,1903.698043
118.102002,363,1903.827644
118.102002,363,1904.005637
118.102002,363,1904.133337
118.102002,363,1904.305311
118.102002,363,1904.433
118.102002,363,1904.558826
118.102002,363,1904.730287
118.102002,363,1904.856377
118.102002,363,1904.982455
118.102002,363,1905.158036
118.102002,363,1905.28391
118.102002,363,1905.409877
118.102002,363,1905.607575
118.102002,363,1907.056104
118.102002,363,1907.213494
118.102002,363,1907.412319
118.102002,363,1907.552146
118.102002,363,1907.737889
118.102002,363,1907.876115
118.102002,363,1908.013038
118.102002,363,1908.196497
118.102002,363,1908.326532
118.102002,363,1908.456108
118.102002,363,1908.634538
118.102002,363,1908.764052
118.102002,363,1908.894077
118.102002,363,1909.071688
118.102002,363,1909.197911
118.102002,363,1909.324324
118.102002,363,1909.503545
118.102002,363,1909.638827
118.102002,363,1909.768287
118.102002,363,1909.94932
118.102002,363,1910.081014
118.102002,363,1910.259709
118.102002,363,1910.393131
118.102002,363,1910.52297
118.102002,363,1910.728853
118.102002,363,1910.874088
118.102002,363,1911.03804
118.102002,363,1911.242677
118.102002,363,1911.380677
118.102002,363,1911.518171
118.102002,363,1911.704638
118.102002,363,1911.84168
118.102002,363,1911.97676
118.102002,363,1912.161171
118.102002,363,1912.291074
118.102002,363,1912.421406
118.102002,363,1912.617765
118.102002,363,1912.782861
118.102002,363,1913.01337
118.102002,363,1913.161045
118.102002,363,1913.301056
118.102002,363,1913.488287
118.102002,363,1913.626699
118.102002,363,1913.76105
118.102002,363,1913.942766
118.102002,363,1914.073139
118.102002,363,1914.202723
118.102002,363,1914.383629
118.102002,363,1914.527992
118.102002,363,1914.657304
118.102002,363,1914.835925
118.102002,363,1914.965819
118.102002,363,1915.144689
118.102002,363,1915.274568
118.102002,363,1915.404177
118.102002,363,1916.95743
118.102002,363,1917.088281
118.102002,363,1917.220839
118.102002,363,1917.399983
118.102002,363,1917.530855
118.102002,363,1917.660766
118.102002,363,1917.853221
118.102002,363,1917.998791
118.102002,363,1918.1515
118.102002,363,1918.341253
118.102002,363,1918.498615
118.102002,363,1918.63576
118.102002,363,1918.825941
118.102002,363,1918.963331
118.102002,363,1919.144812
118.102002,363,1919.274654
118.102002,363,1919.404363
118.102002,363,1919.583029
118.102002,363,1919.713148
118.102002,363,1919.842678
118.102002,363,1920.018339
118.102002,363,1920.149186
118.102002,363,1920.279112
118.102002,363,1920.457869
118.102002,363,1920.587787
118.102002,363,1920.714063
118.102002,363,1920.940927
118.102002,363,1921.107535
118.102002,363,1921.319601
118.102002,363,1921.463099
118.102002,363,1921.600392
118.102002,363,1921.786167
118.102002,363,1921.923266
118.102002,363,1922.057625
118.102002,363,1922.235849
118.102002,363,1922.366359
118.102002,363,1922.496196
118.102002,363,1922.67337
118.102002,363,1922.803235
118.102002,363,1922.946677
118.102002,363,1923.129887
118.102002,363,1923.259507
18.760608,361,1923.38752
118.102002,363,1923.581051
118.102002,363,1923.747213
118.102002,363,1923.970711
118.102002,363,1924.116858
118.102002,363,1924.25761
118.102002,363,1924.443987
118.102002,363,1924.583018
118.102002,363,1924.719339
118.102002,363,1924.902454
118.102002,363,1925.034052
118.102002,363,1925.164404
118.102002,363,1925.342847
118.102002,363,1926.709165
118.102002,363,1926.839646
118.102002,363,1927.018633
118.102002,363,1927.14873
118.102002,363,1927.278497
118.102002,363,1927.478989
118.102002,363,1927.610367
118.102002,363,1927.788596
118.102002,363,1927.91912
118.102002,363,1928.049421
118.102002,363,1928.227575
118.102002,363,1928.361448
118.102002,363,1928.491336
118.102002,363,1928.669664
118.102002,363,1928.809421
118.102002,363,1928.953902
118.102002,363,1929.206513
118.102002,363,1929.35435
118.102002,363,1929.495269
118.102002,363,1929.682573
118.102002,363,1929.820562
118.102002,363,1930.008134
118.102002,363,1930.146085
118.102002,363,1930.280316
118.102002,363,1930.472517
118.102002,363,1930.618179
118.102002,363,1930.773771
118.102002,363,1930.971723
118.102002,363,1931.111035
118.102002,363,1931.263647
118.102002,363,1931.451006
118.102002,363,1931.587284
118.102002,363,1931.720024
118.102002,363,1931.899155
118.102002,363,1932.02842
118.102002,363,1932.158654
118.102002,363,1932.336303
118.102002,363,1932.463361
118.102002,363,1932.634697
118.102002,363,1932.761094
118.102002,363,1932.887506
118.102002,363,1933.058801
118.102002,363,1933.185155
118.102002,363,1933.31605
118.102002,363,1933.493049
118.102002,363,1933.621565
118.102002,363,1933.747753
118.102002,363,1933.92522
118.102002,363,1934.055577
118.102002,363,1934.185307
118.102002,363,1934.390869
118.102002,363,1934.551674
118.102002,363,1934.776107
118.102002,363,1934.923114
118.102002,363,1935.066264
118.102002,363,1936.554969
118.102002,363,1936.687546
118.102002,363,1936.817292
118.102002,363,1936.996377
118.102002,363,1937.126577
118.102002,363,1937.256327
118.102002,363,1937.434913
118.102002,363,1937.564752
118.102002,363,1937.693574
118.102002,363,1937.869827
118.102002,363,1937.997582
118.102002,363,1938.123703
118.102002,363,1938.300433
118.102002,363,1938.427218
118.102002,363,1938.602838
118.102002,363,1938.733005
118.102002,363,1938.866293
118.102002,363,1939.043076
118.102002,363,1939.173144
118.102002,363,1939.302898
118.102002,363,1939.482544
118.102002,363,1939.622721
118.102002,363,1939.781095
118.102002,363,1940.025588
118.102002,363,1940.180322
118.102002,363,1940.324566
118.102002,363,1940.511886
118.102002,363,1940.649429
118.102002,363,1940.787377
118.102002,363,1940.971704
118.102002,363,1941.104319
118.102002,363,1941.282571
118.102002,363,1941.415422
118.102002,363,1941.54519
118.102002,363,1941.727752
118.102002,363,1941.866313
118.102002,363,1942.009421
118.102002,363,1942.247484
118.102002,363,1942.394533
118.102002,363,1942.533285
118.102002,363,1942.720312
118.102002,363,1942.858675
118.102002,363,1942.993769
118.102002,363,1943.175108
118.102002,363,1943.305427
118.102002,363,1943.48334
118.102002,363,1943.629462
118.102002,363,1943.761339
118.102002,363,1943.93897
118.102002,363,1944.069121
118.102002,363,1944.196264
118.102002,363,1944.369967
118.102002,363,1944.495816
118.102002,363,1944.621539
118.102002,363,1944.795432
118.102002,363,1946.280225
118.102002,363,1946.41794
118.102002,363,1946.604292
118.102002,363,1946.741854
118.102002,363,1946.879051
118.102002,363,1947.06295
118.102002,363,1947.19477
118.102002,363,1947.373149
118.102002,363,1947.502885
118.102002,363,1947.633413
118.102002,363,1947.80986
118.102002,363,1947.938155
118.102002,363,1948.065343
118.102002,363,1948.239729
118.102002,363,1948.366871
118.102002,363,1948.493289
118.102002,363,1948.664597
118.102002,363,1948.791747
118.102002,363,1948.918284
118.102002,363,1949.09545
118.102002,363,1949.225036
118.102002,363,1949.401174
118.102002,363,1949.532001
118.102002,363,1949.659509
118.102002,363,1949.838495
118.102002,363,1949.968979
118.102002,363,1950.100177
118.102002,363,1950.29065
118.102002,363,1950.435546
118.102002,363,1950.609599
118.102002,363,1950.832353
118.102002,363,1950.980159
118.102002,363,1951.121076
118.102002,363,1951.308084
118.102002,363,1951.445942
118.102002,363,1951.582248
118.102002,363,1951.785418
118.102002,363,1951.921848
118.102002,363,1952.11217
118.102002,363,1952.256982
118.102002,363,1952.432284
118.102002,363,1952.635682
118.102002,363,1952.77406
118.102002,363,1952.912904
118.102002,363,1953.098515
118.102002,363,1953.230737
118.102002,363,1953.361701
118.102002,363,1953.540427
118.102002,363,1953.670265
118.102002,363,1953.797619
118.102002,363,1953.971361
118.102002,363,1954.097622
118.102002,363,1954.269286
118.102002,363,1954.396259
118.102002,363,1954.522657
118.102002,363,1955.992883
118.102002,363,1956.127195
118.102002,363,1956.259295
118.102002,363,1956.438026
118.102002,363,1956.569599
118.102002,363,1956.722184
118.102002,363,1956.90587
118.102002,363,1957.035938
118.102002,363,1957.165255
118.102002,363,1957.386592
118.102002,363,1957.553378
118.102002,363,1957.716021
118.102002,363,1957.919578
118.102002,363,1958.06026
118.102002,363,1958.246419
118.102002,363,1958.39993
118.102002,363,1958.537603
118.102002,363,1958.72314
118.102002,363,1958.858197
118.102002,363,1958.989825
118.102002,363,1959.167983
118.102002,363,1959.297612
118.102002,363,1959.424569
118.102002,363,1959.599948
118.102002,363,1959.729106
118.102002,363,1959.855165
118.102002,363,1960.042598
118.102002,363,1960.207092
118.102002,363,1960.401694
118.102002,363,1960.619228
118.102002,363,1960.763034
18.760608,361,1960.949239
118.102002,363,1961.086325
118.102002,363,1961.224091
118.102002,363,1961.406426
118.102002,363,1961.537392
118.102002,363,1961.666831
118.102002,363,1961.84471
118.102002,363,1961.974234
118.102002,363,1962.100646
118.102002,363,1962.278103
118.102002,363,1962.40703
118.102002,363,1962.533507
118.102002,363,1962.747269
118.102002,363,1962.899203
118.102002,363,1963.129953
118.102002,363,1963.282403
118.102002,363,1963.426125
118.102002,363,1963.611554
118.102002,363,1963.750063
118.102002,363,1963.885609
118.102002,363,1964.0686
118.102002,363,1964.198421
118.102002,363,1964.328071
118.102002,363,1964.506721
118.102002,363,1966.068061
118.102002,363,1966.212704
118.102002,363,1966.398254
118.102002,363,1966.535338
118.102002,363,1966.67137
118.102002,363,1966.852192
118.102002,363,1966.981556
118.102002,363,1967.158585
118.102002,363,1967.287525
118.102002,363,1967.414342
118.102002,363,1967.585856
118.102002,363,1967.712414
118.102002,363,1967.838945
118.102002,363,1968.010385
118.102002,363,1968.137036
118.102002,363,1968.264237
118.102002,363,1968.435731
118.102002,363,1968.584408
118.102002,363,1968.714435
118.102002,363,1968.953427
118.102002,363,1969.125544
118.102002,363,1969.352424
118.102002,363,1969.500284
118.102002,363,1969.642009
118.102002,363,1969.827424
118.102002,363,1969.96685
118.102002,363,1970.104723
118.102002,363,1970.291606
118.102002,363,1970.442264
118.102002,363,1970.575496
118.102002,363,1970.774026
118.102002,363,1970.948391
118.102002,363,1971.120834
118.102002,363,1971.326781
118.102002,363,1971.46668
118.102002,363,1971.603513
118.102002,363,1971.790503
118.102002,363,1971.923604
118.102002,363,1972.103643
118.102002,363,1972.247868
118.102002,363,1972.382187
118.102002,363,1972.559339
118.102002,363,1972.689753
118.102002,363,1972.816509
118.102002,363,1972.986784
118.102002,363,1973.113505
118.102002,363,1973.239492
118.102002,363,1973.410416
118.102002,363,1973.537319
118.102002,363,1973.662878
118.102002,363,1973.833707
118.102002,363,1973.960568
118.102002,363,1974.086322
118.102002,363,1974.25681
118.102002,363,1974.38343
18.760608,361,1975.825176
118.102002,363,1975.957061
118.102002,363,1976.089877
118.102002,363,1976.273738
118.102002,363,1976.416846
118.102002,363,1976.574681
118.102002,363,1976.848407
118.102002,363,1977.00771
118.102002,363,1977.154054
118.102002,363,1977.350378
118.102002,363,1977.488081
118.102002,363,1977.625525
118.102002,363,1977.810226
18.760608,361,1977.941251
118.102002,363,1978.119962
118.102002,363,1978.250544
118.102002,363,1978.379972
118.102002,363,1978.551659
118.102002,363,1978.678022
118.102002,363,1978.805389
118.102002,363,1978.981087
118.102002,363,1979.109168
118.102002,363,1979.246969
118.102002,363,1979.433741
118.102002,363,1979.565731
118.102002,363,1979.695596
118.102002,363,1979.892207
118.102002,363,1980.041432
118.102002,363,1980.196413
118.102002,363,1980.39095
118.102002,363,1980.52848
118.102002,363,1980.715509
118.102002,363,1980.852512
118.102002,363,1980.986379
118.102002,363,1981.187802
118.102002,363,1981.325693
118.102002,363,1981.459106
118.102002,363,1981.642995
118.102002,363,1981.794633
118.102002,363,1981.972004
118.102002,363,1982.200344
118.102002,363,1982.346877
118.102002,363,1982.486207
118.102002,363,1982.67235
118.102002,363,1982.810833
118.102002,363,1982.993912
118.102002,363,1983.146208
118.102002,363,1983.278935
118.102002,363,1983.456961
118.102002,363,1983.586574
118.102002,363,1983.714473
118.102002,363,1983.886839
118.102002,363,1984.013611
118.102002,363,1984.139315
118.102002,363,1984.311105
118.102002,363,1984.437191
118.102002,363,1985.827301
118.102002,363,1986.014549
118.102002,363,1986.147982
118.102002,363,1986.280495
118.102002,363,1986.478276
118.102002,363,1986.641496
118.102002,363,1986.880104
118.102002,363,1987.051099
118.102002,363,1987.199402
118.102002,363,1987.39101
118.102002,363,1987.529744
118.102002,363,1987.667557
118.102002,363,1987.85422
118.102002,363,1987.988248
118.102002,363,1988.118203
118.102002,363,1988.297419
118.102002,363,1988.427932
118.102002,363,1988.557831
118.102002,363,1988.737205
118.102002,363,1988.864757
118.102002,363,1988.992
118.102002,363,1989.189349
118.102002,363,1989.338806
118.102002,363,1989.562118
118.102002,363,1989.702242
118.102002,363,1989.839303
118.102002,363,1990.027043
118.102002,363,1990.164594
118.102002,363,1990.297502
118.102002,363,1990.476341
118.102002,363,1990.60978
118.102002,363,1990.746456
118.102002,363,1990.929271
118.102002,363,1991.080289
118.102002,363,1991.246436
18.760608,361,1991.499723
18.760608,361,1991.646322
118.102002,363,1991.835098
118.102002,363,1991.972929
118.102002,363,1992.110808
118.102002,363,1992.296467
118.102002,363,1992.428508
118.102002,363,1992.558797
118.102002,363,1992.738491
118.102002,363,1992.86833
118.102002,363,1992.99866
118.102002,363,1993.188961
118.102002,363,1993.359967
118.102002,363,1993.547069
118.102002,363,1993.758535
118.102002,363,1993.901128
118.102002,363,1994.038325
118.102002,363,1994.224578
118.102002,363,1994.360525
118.102002,363,1994.545836
118.102002,363,1995.926004
118.102002,363,1996.058365
118.102002,363,1996.237132
118.102002,363,1996.369974
118.102002,363,1996.49975
118.102002,363,1996.691869
118.102002,363,1996.836897
118.102002,363,1997.005451
118.102002,363,1997.216874
18.760608,361,1997.358796
118.102002,363,1997.496345
118.102002,363,1997.699123
118.102002,363,1997.836432
118.102002,363,1998.023402
118.102002,363,1998.161811
118.102002,363,1998.295691
118.102002,363,1998.473251
118.102002,363,1998.603407
118.102002,363,1998.732981
118.102002,363,1998.913091
118.102002,363,1999.043167
118.102002,363,1999.172699
118.102002,363,1999.351333
118.102002,363,1999.479608
18.760608,361,1999.605155
118.102002,363,1999.783178
118.102002,363,1999.912884
18.760608,361,2000.041897
18.760608,361,2000.237415
118.102002,363,2000.418651
118.102002,363,2000.623901
118.102002,363,2000.764167
118.102002,363,2000.902979
118.102002,363,2001.088853
118.102002,363,2001.227492
118.102002,363,2001.361473
118.102002,363,2001.545833
118.102002,363,2001.675955
118.102002,363,2001.805142
118.102002,363,2002.02776
118.102002,363,2002.210205
18.760608,361,2002.374749
118.102002,363,2002.577551
118.102002,363,2002.716735
118.102002,363,2002.854113
118.102002,363,2003.041138
118.102002,363,2003.175388
118.102002,363,2003.355208
118.102002,363,2003.485228
118.102002,363,2003.615011
118.102002,363,2003.791319
118.102002,363,2003.918215
118.102002,363,2004.045001
118.102002,363,2004.233528
118.102002,363,2004.367609
118.102002,363,2005.733173
118.102002,363,2005.912592
118.102002,363,2006.042519
118.102002,363,2006.173394
118.102002,363,2006.354108
118.102002,363,2006.485122
118.102002,363,2006.663102
118.102002,363,2006.794394
118.102002,363,2006.924151
118.102002,363,2007.122287
118.102002,363,2007.257636
118.102002,363,2007.389455
118.102002,363,2007.569743
118.102002,363,2007.700973
118.102002,363,2007.833033
118.102002,363,2008.013357
118.102002,363,2008.143308
118.102002,363,2008.273897
118.102002,363,2008.46728
118.102002,363,2008.642077
118.102002,363,2008.81966
118.102002,363,2009.028534
118.102002,363,2009.192351
118.102002,363,2009.386244
118.102002,363,2009.524446
118.102002,363,2009.662252
118.102002,363,2009.849445
118.102002,363,2009.99471
118.102002,363,2010.154106
118.102002,363,2010.397635
118.102002,363,2010.547334
118.102002,363,2010.689339
118.102002,363,2010.875746
118.102002,363,2011.014229
118.102002,363,2011.148252
118.102002,363,2011.328703
118.102002,363,2011.457928
118.102002,363,2011.634945
118.102002,363,2011.764369
118.102002,363,2011.890729
118.102002,363,2012.061976
118.102002,363,2012.188036
118.102002,363,2012.31429
118.102002,363,2012.486438
118.102002,363,2012.612743
118.102002,363,2012.738496
118.102002,363,2012.91339
118.102002,363,2013.040934
118.102002,363,2013.166756
118.102002,363,2013.342969
118.102002,363,2013.47034
118.102002,363,2013.59681
118.102002,363,2013.796299
118.102002,363,2013.926529
118.102002,363,2014.105354
118.102002,363,2015.627904
118.102002,363,2015.774509
118.102002,363,2015.975734
118.102002,363,2016.119119
118.102002,363,2016.25674
118.102002,363,2016.444511
118.102002,363,2016.603692
118.102002,363,2016.769625
118.102002,363,2017.012291
118.102002,363,2017.161011
118.102002,363,2017.30308
118.102002,363,2017.513821
118.102002,363,2017.651956
118.102002,363,2017.788204
118.102002,363,2017.97183
118.102002,363,2018.102602
118.102002,363,2018.280518
118.102002,363,2018.408422
118.102002,363,2018.534506
118.102002,363,2018.706676
118.102002,363,2018.833127
118.102002,363,2018.960923
118.102002,363,2019.134019
118.102002,363,2019.260488
118.102002,363,2019.386551
118.102002,363,2019.577526
118.102002,363,2019.750196
118.102002,363,2019.918828
118.102002,363,2020.129357
118.102002,363,2020.273884
118.102002,363,2020.459461
118.102002,363,2020.597763
118.102002,363,2020.734657
118.102002,363,2020.919606
118.102002,363,2021.053214
118.102002,363,2021.185128
118.102002,363,2021.363499
118.102002,363,2021.499646
118.102002,363,2021.645314
118.102002,363,2021.919553
118.102002,363,2022.068791
118.102002,363,2022.208387
118.102002,363,2022.394765
118.102002,363,2022.531526
118.102002,363,2022.665775
118.102002,363,2022.847135
118.102002,363,2022.976009
118.102002,363,2023.153606
118.102002,363,2023.282789
118.102002,363,2023.409594
118.102002,363,2023.586927
118.102002,363,2023.714263
118.102002,363,2023.840713
118.102002,363,2024.013181
118.102002,363,2024.139317
118.102002,363,2025.493206
118.102002,363,2025.673025
118.102002,363,2025.803015
118.102002,363,2025.932988
118.102002,363,2026.112327
118.102002,363,2026.241319
118.102002,363,2026.420603
118.102002,363,2026.551815
118.102002,363,2026.682081
118.102002,363,2026.878565
118.102002,363,2027.01493
118.102002,363,2027.147781
118.102002,363,2027.328841
118.102002,363,2027.46167
118.102002,363,2027.591593
118.102002,363,2027.7729
118.102002,363,2027.913593
118.102002,363,2028.066854
118.102002,363,2028.326393
118.102002,363,2028.478142
118.102002,363,2028.620792
118.102002,363,2028.808057
118.102002,363,2028.945036
118.102002,363,2029.135201
118.102002,363,2029.272153
118.102002,363,2029.405681
118.102002,363,2029.586751
118.102002,363,2029.718605
118.102002,363,2029.861772
118.102002,363,2030.104993
118.102002,363,2030.270076
118.102002,363,2030.416441
118.102002,363,2030.630752
118.102002,363,2030.768463
118.102002,363,2030.906193
118.102002,363,2031.091657
118.102002,363,2031.224557
118.102002,363,2031.353508
118.102002,363,2031.531581
118.102002,363,2031.660836
118.102002,363,2031.838745
118.102002,363,2031.968684
118.102002,363,2032.094923
118.102002,363,2032.280499
118.102002,363,2032.423099
118.102002,363,2032.578142
118.102002,363,2032.771305
118.102002,363,2032.909826
118.102002,363,2033.047216
118.102002,363,2033.232502
118.102002,363,2033.365965
118.102002,363,2033.496085
118.102002,363,2033.675073
118.102002,363,2033.804381
118.102002,363,2033.981702
118.102002,363,2035.365486
118.102002,363,2035.500213
118.102002,363,2035.68347
118.102002,363,2035.81418
118.102002,363,2035.944681
118.102002,363,2036.124456
118.102002,363,2036.257108
118.102002,363,2036.38821
118.102002,363,2036.568145
118.102002,363,2036.698639
118.102002,363,2036.827929
118.102002,363,2037.067894
118.102002,363,2037.237661
118.102002,363,2037.395547
118.102002,363,2037.595299
118.102002,363,2037.734414
118.102002,363,2037.920013
118.102002,363,2038.058683
118.102002,363,2038.193654
118.102002,363,2038.376948
118.102002,363,2038.509328
118.102002,363,2038.639189
118.102002,363,2038.819446
118.102002,363,2038.95926
118.102002,363,2039.128392
118.102002,363,2039.382255
118.102002,363,2039.531493
118.102002,363,2039.671435
118.102002,363,2039.860351
118.102002,363,2039.997783
118.102002,363,2040.185367
118.102002,363,2040.320092
118.102002,363,2040.450917
118.102002,363,2040.636082
118.102002,363,2040.778222
118.102002,363,2040.933792
118.102002,363,2041.152361
118.102002,363,2041.297087
118.102002,363,2041.434861
118.102002,363,2041.622545
118.102002,363,2041.758088
118.102002,363,2041.89027
118.102002,363,2042.07039
118.102002,363,2042.200601
118.102002,363,2042.329927
118.102002,363,2042.510019
118.102002,363,2042.649429
118.102002,363,2042.88061
118.102002,363,2043.028532
118.102002,363,2043.166819
118.102002,363,2043.354668
118.102002,363,2043.492059
118.102002,363,2043.626526
118.102002,363,2043.805139
118.102002,363,2043.936114
118.102002,363,2045.301628
118.102002,363,2045.479794
118.102002,363,2045.610323
118.102002,363,2045.73972
118.102002,363,2045.918677
118.102002,363,2046.048499
118.102002,363,2046.22582
118.102002,363,2046.356513
118.102002,363,2046.486268
118.102002,363,2046.664803
118.102002,363,2046.794245
118.102002,363,2046.923534
118.102002,363,2047.102304
118.102002,363,2047.232164
118.102002,363,2047.36157
118.102002,363,2047.540686
118.102002,363,2047.67212
118.102002,363,2047.801889
118.102002,363,2048.003294
118.102002,363,2048.157953
118.102002,363,2048.320142
118.102002,363,2048.555055
118.102002,363,2048.702377
118.102002,363,2048.893726
118.102002,363,2049.031448
118.102002,363,2049.168617
118.102002,363,2049.355063
118.102002,363,2049.488467
118.102002,363,2049.62122
118.102002,363,2049.79967
118.102002,363,2049.930534
118.102002,363,2050.061122
118.102002,363,2050.257915
118.102002,363,2050.430069
118.102002,363,2050.599421
118.102002,363,2050.803483
118.102002,363,2050.946264
118.102002,363,2051.089021
118.102002,363,2051.275619
118.102002,363,2051.412345
118.102002,363,2051.611682
118.102002,363,2051.746656
118.102002,363,2051.877232
118.102002,363,2052.059044
118.102002,363,2052.188667
118.102002,363,2052.318074
118.102002,363,2052.493908
118.102002,363,2052.620102
118.102002,363,2052.745982
118.102002,363,2052.920057
118.102002,363,2053.04563
118.102002,363,2053.171153
118.102002,363,2053.343318
118.102002,363,2053.469087
118.102002,363,2053.645718
118.102002,363,2055.144923
118.102002,363,2055.282404
118.102002,363,2055.469306
118.102002,363,2055.60472
118.102002,363,2055.737671
118.102002,363,2055.925205
118.102002,363,2056.056511
118.102002,363,2056.201476
118.102002,363,2056.386005
118.102002,363,2056.515372
118.102002,363,2056.644684
118.102002,363,2056.823254
118.102002,363,2056.950518
118.102002,363,2057.076292
118.102002,363,2057.250262
118.102002,363,2057.376124
118.102002,363,2057.54853
118.102002,363,2057.676157
118.102002,363,2057.80261
118.102002,363,2057.977737
118.102002,363,2058.106995
118.102002,363,2058.236071
118.102002,363,2058.415501
118.102002,363,2058.545056
118.102002,363,2058.67507
118.102002,363,2058.869924
118.102002,363,2059.016542
118.102002,363,2059.17025
118.102002,363,2059.366797
118.102002,363,2059.505453
118.102002,363,2059.69199
118.102002,363,2059.831278
118.102002,363,2059.968969
118.102002,363,2060.156081
118.102002,363,2060.316428
118.102002,363,2060.508376
118.102002,363,2060.741528
118.102002,363,2060.892212
118.102002,363,2061.034708
118.102002,363,2061.221639
118.102002,363,2061.359081
118.102002,363,2061.494404
118.102002,363,2061.676838
118.102002,363,2061.806292
118.102002,363,2061.936063
118.102002,363,2062.111252
118.102002,363,2062.236884
118.102002,363,2062.407334
118.102002,363,2062.533444
118.102002,363,2062.658981
118.102002,363,2062.834574
118.102002,363,2062.962423
118.102002,363,2063.089231
118.102002,363,2063.26552
118.102002,363,2063.392089
118.102002,363,2064.908342
118.102002,363,2065.095536
118.102002,363,2065.233554
118.102002,363,2065.371188
118.102002,363,2065.557215
118.102002,363,2065.69883
118.102002,363,2065.849368
118.102002,363,2066.059005
118.102002,363,2066.199494
118.102002,363,2066.405896
118.102002,363,2066.544774
118.102002,363,2066.683037
118.102002,363,2066.869007
118.102002,363,2067.002815
118.102002,363,2067.132379
118.102002,363,2067.310737
118.102002,363,2067.440274
118.102002,363,2067.566766
118.102002,363,2067.738754
118.102002,363,2067.864786
118.102002,363,2067.990769
118.102002,363,2068.162599
118.102002,363,2068.288846
118.102002,363,2068.462061
118.102002,363,2068.588552
118.102002,363,2068.733988
118.102002,363,2068.912454
118.102002,363,2069.041897
118.102002,363,2069.17111
118.102002,363,2069.36467
118.102002,363,2069.51591
118.102002,363,2069.681456
118.102002,363,2069.946305
118.102002,363,2070.125275
118.102002,363,2070.282326
118.102002,363,2070.48335
118.102002,363,2070.624535
118.102002,363,2070.761501
118.102002,363,2070.953452
118.102002,363,2071.112305
118.102002,363,2071.3525
118.102002,363,2071.506718
118.102002,363,2071.648344
118.102002,363,2071.835422
118.102002,363,2071.97362
118.102002,363,2072.109942
118.102002,363,2072.290703
118.102002,363,2072.438304
118.102002,363,2072.569805
118.102002,363,2072.747268
118.102002,363,2072.875218
118.102002,363,2073.000816
118.102002,363,2073.171673
118.102002,363,2073.298147
118.102002,363,2073.468822
118.102002,363,2074.807599
118.102002,363,2074.935094
118.102002,363,2075.116149
118.102002,363,2075.25544
118.102002,363,2075.389594
118.102002,363,2075.579217
118.102002,363,2075.745899
118.102002,363,2075.933418
118.102002,363,2076.168923
118.102002,363,2076.32044
118.102002,363,2076.465208
118.102002,363,2076.655811
118.102002,363,2076.79393
118.102002,363,2076.931244
118.102002,363,2077.136633
118.102002,363,2077.272361
118.102002,363,2077.454243
118.102002,363,2077.584094
118.102002,363,2077.714158
118.102002,363,2077.893426
118.102002,363,2078.021997
118.102002,363,2078.148901
118.102002,363,2078.320644
118.102002,363,2078.448416
118.102002,363,2078.575094
118.102002,363,2078.756693
118.102002,363,2078.902466
118.102002,363,2079.0735
118.102002,363,2079.287206
118.102002,363,2079.430941
118.102002,363,2079.616481
118.102002,363,2079.755138
118.102002,363,2079.891793
118.102002,363,2080.079273
118.102002,363,2080.212645
118.102002,363,2080.342279
118.102002,363,2080.521045
118.102002,363,2080.650491
118.102002,363,2080.77882
118.102002,363,2080.952672
118.102002,363,2081.078994
118.102002,363,2081.205487
118.102002,363,2081.377025
118.102002,363,2081.503249
118.102002,363,2081.62986
118.102002,363,2081.827456
118.102002,363,2081.958216
118.102002,363,2082.135617
118.102002,363,2082.266114
118.102002,363,2082.395652
118.102002,363,2082.584764
118.102002,363,2082.733128
118.102002,363,2082.896522
118.102002,363,2083.099747
118.102002,363,2083.239718
118.102002,363,2083.376637
118.102002,363,2084.817757
118.102002,363,2084.948842
118.102002,363,2085.079488
118.102002,363,2085.260081
118.102002,363,2085.390408
118.102002,363,2085.521205
118.102002,363,2085.700264
118.102002,363,2085.827489
118.102002,363,2086.004642
118.102002,363,2086.151329
118.102002,363,2086.284819
118.102002,363,2086.466347
118.102002,363,2086.596537
118.102002,363,2086.72628
18.420991,358,2086.938401
118.102002,363,2087.09932
118.102002,363,2087.271626
118.102002,363,2087.526247
118.102002,363,2087.683261
118.102002,363,2087.830419
118.102002,363,2088.02351
118.102002,363,2088.162134
118.102002,363,2088.348287
118.102002,363,2088.484461
118.102002,363,2088.618512
118.102002,363,2088.798187
118.102002,363,2088.928129
118.102002,363,2089.056494
118.102002,363,2089.268334
118.102002,363,2089.424378
118.102002,363,2089.596372
118.102002,363,2089.809539
118.102002,363,2089.97037
118.102002,363,2090.113523
118.102002,363,2090.301185
118.102002,363,2090.438254
118.102002,363,2090.577037
118.102002,363,2090.784652
118.102002,363,2090.964873
118.102002,363,2091.193811
118.102002,363,2091.340299
118.102002,363,2091.478497
118.102002,363,2091.665697
118.102002,363,2091.801562
118.102002,363,2091.933574
118.102002,363,2092.113635
118.102002,363,2092.243811
118.102002,363,2092.372338
118.102002,363,2092.555652
118.102002,363,2092.699625
118.102002,363,2092.86365
118.102002,363,2093.077648
118.102002,363,2093.219081
118.102002,363,2093.405435
118.102002,363,2093.543475
118.102002,363,2094.947388
118.102002,363,2095.127875
118.102002,363,2095.258004
118.102002,363,2095.387496
118.102002,363,2095.566638
118.102002,363,2095.695368
118.102002,363,2095.822089
118.102002,363,2095.998148
118.102002,363,2096.125716
118.102002,363,2096.254083
118.102002,363,2096.430133
118.102002,363,2096.560994
118.102002,363,2096.690593
118.102002,363,2096.869274
118.102002,363,2096.998687
118.102002,363,2097.186284
118.102002,363,2097.32828
118.102002,363,2097.482861
118.102002,363,2097.684689
118.102002,363,2097.84031
118.102002,363,2097.979985
118.102002,363,2098.16664
118.102002,363,2098.303893
118.102002,363,2098.442388
118.102002,363,2098.626261
118.102002,363,2098.7591
118.102002,363,2098.893023
118.102002,363,2099.12796
118.102002,363,2099.298898
118.102002,363,2099.453113
118.102002,363,2099.648829
118.102002,363,2099.786371
18.420991,358,2099.971623
118.102002,363,2100.110657
118.102002,363,2100.244704
118.102002,363,2100.42407
118.102002,363,2100.553874
118.102002,363,2100.682919
118.102002,363,2100.859855
118.102002,363,2100.985801
118.102002,363,2101.111561
118.102002,363,2101.285026
118.102002,363,2101.411122
118.102002,363,2101.53714
118.102002,363,2101.7089
118.102002,363,2101.834736
118.102002,363,2102.005935
118.102002,363,2102.132723
118.102002,363,2102.258637
118.102002,363,2102.429831
118.102002,363,2102.556541
118.102002,363,2102.68258
118.102002,363,2102.857146
118.102002,363,2102.987617
118.102002,363,2103.117238
118.102002,363,2104.782133
118.102002,363,2104.919879
118.102002,363,2105.058763
118.102002,363,2105.243058
118.102002,363,2105.375333
118.102002,363,2105.505093
118.102002,363,2105.682851
118.102002,363,2105.812337
118.102002,363,2105.983343
118.102002,363,2106.110959
118.102002,363,2106.237268
118.102002,363,2106.40841
118.102002,363,2106.538796
118.102002,363,2106.664987
118.102002,363,2106.835937
118.102002,363,2106.962992
118.102002,363,2107.089086
118.102002,363,2107.261689
118.102002,363,2107.388777
118.102002,363,2107.515142
118.102002,363,2107.691875
118.102002,363,2107.819859
118.102002,363,2107.994475
118.102002,363,2108.125649
118.102002,363,2108.25573
118.102002,363,2108.433957
118.102002,363,2108.564208
118.102002,363,2108.695625
118.102002,363,2108.886162
118.102002,363,2109.037055
118.102002,363,2109.225203
118.102002,363,2109.493855
118.102002,363,2109.651614
118.102002,363,2109.799605
118.102002,363,2109.998251
118.102002,363,2110.139763
118.102002,363,2110.277502
118.102002,363,2110.486839
118.102002,363,2110.652853
118.102002,363,2110.868583
118.102002,363,2111.011136
118.102002,363,2111.150531
118.102002,363,2111.347201
118.102002,363,2111.481741
118.102002,363,2111.613587
118.102002,363,2111.791362
118.102002,363,2111.919556
118.102002,363,2112.045781
118.102002,363,2112.215081
118.102002,363,2112.342433
118.102002,363,2112.484126
118.102002,363,2112.663397
118.102002,363,2112.791763
118.102002,363,2112.918517
118.102002,363,2113.111672
118.102002,363,2114.685971
118.102002,363,2114.871428
118.102002,363,2115.009548
118.102002,363,2115.147248
118.102002,363,2115.331197
118.102002,363,2115.470535
118.102002,363,2115.618333
118.102002,363,2115.865689
118.102002,363,2116.014826
118.102002,363,2116.154748
118.102002,363,2116.364681
118.102002,363,2116.501788
118.102002,363,2116.63895
118.102002,363,2116.822291
118.102002,363,2116.95194
118.102002,363,2117.129693
118.102002,363,2117.259579
118.102002,363,2117.386665
118.102002,363,2117.563417
118.102002,363,2117.691568
118.102002,363,2117.818556
118.102002,363,2117.990398
118.102002,363,2118.116518
118.102002,363,2118.24372
118.102002,363,2118.421219
118.102002,363,2118.551869
118.102002,363,2118.678791
118.102002,363,2118.890242
118.102002,363,2119.044271
118.102002,363,2119.205372
118.102002,363,2119.404393
118.102002,363,2119.541699
118.102002,363,2119.728789
118.102002,363,2119.86667
118.102002,363,2120.001409
118.102002,363,2120.186752
118.102002,363,2120.317155
118.102002,363,2120.447898
118.102002,363,2120.625561
118.102002,363,2120.774917
118.102002,363,2120.906446
118.102002,363,2121.087729
118.102002,363,2121.217069
118.102002,363,2121.346506
118.102002,363,2121.582377
118.102002,363,2121.752293
118.102002,363,2121.960411
118.102002,363,2122.102272
118.102002,363,2122.239736
118.102002,363,2122.426519
118.102002,363,2122.583623
118.102002,363,2122.724216
118.102002,363,2122.908017
118.102002,363,2123.038184
118.102002,363,2123.170119
118.102002,363,2124.56762
118.102002,363,2124.698916
118.102002,363,2124.844777
118.102002,363,2125.027189
118.102002,363,2125.159381
118.102002,363,2125.288682
118.102002,363,2125.467848
118.102002,363,2125.598208
118.102002,363,2125.776606
118.102002,363,2125.908103
118.102002,363,2126.037639
118.102002,363,2126.21604
118.102002,363,2126.347666
118.102002,363,2126.479454
118.102002,363,2126.659142
118.102002,363,2126.78929
118.102002,363,2126.91921
118.102002,363,2127.128828
118.102002,363,2127.302675
118.102002,363,2127.484074
118.102002,363,2127.700037
118.102002,363,2127.844915
118.102002,363,2127.984984
118.102002,363,2128.171619
118.102002,363,2128.310242
118.102002,363,2128.496555
118.102002,363,2128.630728
118.102002,363,2128.760338
118.102002,363,2128.949379
118.102002,363,2129.111061
118.102002,363,2129.281501
118.102002,363,2129.496613
118.102002,363,2129.638609
118.102002,363,2129.776442
118.102002,363,2129.964041
118.102002,363,2130.102092
118.102002,363,2130.236222
118.102002,363,2130.415534
118.102002,363,2130.545123
118.102002,363,2130.721013
118.102002,363,2130.848867
118.102002,363,2130.974929
118.102002,363,2131.146578
118.102002,363,2131.288086
118.102002,363,2131.419792
118.102002,363,2131.598221
118.102002,363,2131.727465
118.102002,363,2131.854726
118.102002,363,2132.030741
118.102002,363,2132.157591
118.102002,363,2132.284644
118.102002,363,2132.461402
118.102002,363,2132.589736
118.102002,363,2132.716083
118.102002,363,2132.894796
118.102002,363,2134.425798
118.102002,363,2134.624627
118.102002,363,2134.764429
118.102002,363,2134.902668
118.102002,363,2135.116813
118.102002,363,2135.269925
118.102002,363,2135.412037
118.102002,363,2135.60173
118.102002,363,2135.739192
118.102002,363,2135.873555
118.102002,363,2136.059352
118.102002,363,2136.189271
118.102002,363,2136.319484
118.102002,363,2136.497293
118.102002,363,2136.623448
118.102002,363,2136.794407
118.102002,363,2136.92112
118.102002,363,2137.047078
118.102002,363,2137.22207
118.102002,363,2137.350588
118.102002,363,2137.476366
118.102002,363,2137.682244
118.102002,363,2137.832013
118.102002,363,2137.991319
118.102002,363,2138.190286
118.102002,363,2138.328633
118.102002,363,2138.466085
118.102002,363,2138.654445
118.102002,363,2138.789104
118.102002,363,2138.921614
118.102002,363,2139.105894
118.102002,363,2139.235764
118.102002,363,2139.430658
118.102002,363,2139.597919
118.102002,363,2139.766173
118.102002,363,2139.986256
118.102002,363,2140.133268
118.102002,363,2140.273795
118.102002,363,2140.461453
118.102002,363,2140.599606
118.102002,363,2140.734434
118.102002,363,2140.920459
118.102002,363,2141.051161
118.102002,363,2141.180961
118.102002,363,2141.36025
118.102002,363,2141.489918
118.102002,363,2141.616334
118.102002,363,2141.811847
118.102002,363,2141.943603
118.102002,363,2142.121482
118.102002,363,2142.250947
118.102002,363,2142.38121
118.102002,363,2142.556783
118.102002,363,2142.685449
118.102002,363,2142.811829
118.102002,363,2144.231688
118.102002,363,2144.392418
118.102002,363,2144.571748
118.102002,363,2144.816932
118.102002,363,2144.967567
118.102002,363,2145.11273
118.102002,363,2145.304387
118.102002,363,2145.443028
118.102002,363,2145.628634
118.102002,363,2145.765983
118.102002,363,2145.898999
118.102002,363,2146.076668
118.102002,363,2146.208221
118.102002,363,2146.33791
118.102002,363,2146.515864
118.102002,363,2146.644509
118.102002,363,2146.770289
118.102002,363,2146.942307
118.102002,363,2147.069297
118.102002,363,2147.19559
118.102002,363,2147.392299
118.102002,363,2147.522873
118.102002,363,2147.652562
118.102002,363,2147.831301
118.102002,363,2147.960998
118.102002,363,2148.138405
118.102002,363,2148.275035
118.102002,363,2148.419444
118.102002,363,2148.666186
118.102002,363,2148.819937
118.102002,363,2148.964602
118.102002,363,2149.177209
118.102002,363,2149.316454
118.102002,363,2149.454597
118.102002,363,2149.641498
118.102002,363,2149.778303
118.102002,363,2149.911956
118.102002,363,2150.095463
118.102002,363,2150.226305
118.102002,363,2150.412397
118.102002,363,2150.555276
118.102002,363,2150.712616
118.102002,363,2150.940101
118.102002,363,2151.104064
118.102002,363,2151.247669
118.102002,363,2151.434918
118.102002,363,2151.572632
118.102002,363,2151.710144
118.102002,363,2151.894139
118.102002,363,2152.024442
118.102002,363,2152.153827
118.102002,363,2152.331601
118.102002,363,2152.460986
118.102002,363,2152.587
118.102002,363,2152.766982
118.102002,363,2154.122195
118.102002,363,2154.304719
118.102002,363,2154.436228
118.102002,363,2154.566306
118.102002,363,2154.747515
118.102002,363,2154.880156
118.102002,363,2155.010647
118.102002,363,2155.200222
118.102002,363,2155.344636
118.102002,363,2155.508568
118.102002,363,2155.746183
118.102002,363,2155.900162
118.102002,363,2156.060763
118.102002,363,2156.25677
118.102002,363,2156.394369
118.102002,363,2156.58088
118.102002,363,2156.718621
118.102002,363,2156.852814
118.102002,363,2157.033415
118.102002,363,2157.16339
118.102002,363,2157.292906
118.102002,363,2157.471556
118.102002,363,2157.598059
118.102002,363,2157.725532
118.102002,363,2157.903162
118.102002,363,2158.029406
118.102002,363,2158.15552
118.102002,363,2158.350415
118.102002,363,2158.522437
118.102002,363,2158.703029
118.102002,363,2158.920212
118.102002,363,2159.067949
118.102002,363,2159.254441
118.102002,363,2159.392577
118.102002,363,2159.53002
118.102002,363,2159.716149
118.102002,363,2159.849147
118.102002,363,2159.979285
118.102002,363,2160.161146
118.102002,363,2160.291276
118.102002,363,2160.422216
118.102002,363,2160.620536
118.102002,363,2160.752493
118.102002,363,2160.882555
118.102002,363,2161.07816
118.102002,363,2161.231435
118.102002,363,2161.406876
118.102002,363,2161.615627
118.102002,363,2161.757565
118.102002,363,2161.946499
118.102002,363,2162.085397
118.102002,363,2162.223054
118.102002,363,2162.41011
118.102002,363,2162.5627
118.102002,363,2162.698923
118.102002,363,2164.29001
118.102002,363,2164.428014
118.102002,363,2164.561379
118.102002,363,2164.741295
118.102002,363,2164.870664
118.102002,363,2165.000425
118.102002,363,2165.182646
118.102002,363,2165.312606
118.102002,363,2165.48724
118.102002,363,2165.617368
118.102002,363,2165.747634
118.102002,363,2165.925326
118.102002,363,2166.059668
118.102002,363,2166.192922
118.102002,363,2166.393887
118.102002,363,2166.534187
118.102002,363,2166.684617
118.102002,363,2166.945247
118.102002,363,2167.10287
118.102002,363,2167.247886
118.102002,363,2167.448345
118.102002,363,2167.58591
118.102002,363,2167.724635
118.102002,363,2167.911652
118.102002,363,2168.047887
118.102002,363,2168.255949
118.102002,363,2168.404868
118.102002,363,2168.568323
118.102002,363,2168.796394
118.102002,363,2168.944901
118.102002,363,2169.085209
118.102002,363,2169.272078
118.102002,363,2169.410388
118.102002,363,2169.544674
118.102002,363,2169.724544
118.102002,363,2169.854034
118.102002,363,2169.98286
118.102002,363,2170.162025
118.102002,363,2170.289922
118.102002,363,2170.481418
118.102002,363,2170.612319
118.102002,363,2170.742148
118.102002,363,2170.921019
118.102002,363,2171.050773
18.760608,361,2171.17674
118.102002,363,2171.364668
118.102002,363,2171.509578
118.102002,363,2171.677696
118.102002,363,2171.905299
118.102002,363,2172.053014
118.102002,363,2172.192851
118.102002,363,2172.404641
118.102002,363,2172.542127
118.102002,363,2172.679238
118.102002,363,2172.867128
118.102002,363,2174.239328
118.102002,363,2174.419179
118.102002,363,2174.551193
118.102002,363,2174.680845
118.102002,363,2174.889834
118.102002,363,2175.034846
118.102002,363,2175.200402
118.102002,363,2175.440802
118.102002,363,2175.592328
118.102002,363,2175.735709
118.102002,363,2175.922901
118.102002,363,2176.060263
118.102002,363,2176.19872
118.102002,363,2176.383684
118.102002,363,2176.51704
118.102002,363,2176.646685
118.102002,363,2176.824505
118.102002,363,2176.954792
118.102002,363,2177.13287
118.102002,363,2177.261915
118.102002,363,2177.391795
118.102002,363,2177.568613
118.102002,363,2177.695766
118.102002,363,2177.823461
118.102002,363,2178.011728
118.102002,363,2178.156572
118.102002,363,2178.32345
118.102002,363,2178.538662
118.102002,363,2178.705189
118.102002,363,2178.847595
118.102002,363,2179.038512
118.102002,363,2179.177266
118.102002,363,2179.366759
118.102002,363,2179.509755
118.102002,363,2179.664171
118.102002,363,2179.912557
118.102002,363,2180.107601
118.102002,363,2180.31547
118.102002,363,2180.539571
118.102002,363,2180.685858
118.102002,363,2180.82521
118.102002,363,2181.012367
118.102002,363,2181.14898
118.102002,363,2181.28089
118.102002,363,2181.459387
118.102002,363,2181.588025
118.102002,363,2181.714164
118.102002,363,2181.88683
118.102002,363,2182.012945
118.102002,363,2182.188045
118.102002,363,2182.315455
118.102002,363,2182.441843
118.102002,363,2182.617084
118.102002,363,2182.743304
118.102002,363,2182.868865
118.102002,363,2183.062434
118.102002,363,2184.484491
118.102002,363,2184.634002
118.102002,363,2184.83276
118.102002,363,2184.970549
118.102002,363,2185.108808
118.102002,363,2185.295177
118.102002,363,2185.433673
118.102002,363,2185.633514
118.102002,363,2185.774181
118.102002,363,2185.911469
118.102002,363,2186.098322
118.102002,363,2186.234389
118.102002,363,2186.367369
118.102002,363,2186.546322
118.102002,363,2186.675968
118.102002,363,2186.806468
118.102002,363,2186.984494
118.102002,363,2187.11337
118.102002,363,2187.239715
118.102002,363,2187.41302
118.102002,363,2187.543203
118.102002,363,2187.671275
118.102002,363,2187.848999
118.102002,363,2187.98692
118.102002,363,2188.246528
118.102002,363,2188.422379
118.102002,363,2188.574876
118.102002,363,2188.771151
118.102002,363,2188.90975
118.102002,363,2189.047338
118.102002,363,2189.234353
118.102002,363,2189.370701
118.102002,363,2189.504799
118.102002,363,2189.686363
118.102002,363,2189.815806
118.102002,363,2189.946141
118.102002,363,2190.144747
118.102002,363,2190.29742
118.102002,363,2190.532324
118.102002,363,2190.684056
118.102002,363,2190.824732
118.102002,363,2191.011653
118.102002,363,2191.149179
118.102002,363,2191.284013
118.102002,363,2191.468069
118.102002,363,2191.598601
118.102002,363,2191.728341
118.102002,363,2191.905984
118.102002,363,2192.036614
118.102002,363,2192.181516
118.102002,363,2192.359612
118.102002,363,2192.489018
118.102002,363,2192.618446
118.102002,363,2192.796658
118.102002,363,2192.925104
118.102002,363,2194.328117
118.102002,363,2194.459562
118.102002,363,2194.589888
118.102002,363,2194.76938
118.102002,363,2194.899918
118.102002,363,2195.031152
118.102002,363,2195.226535
118.102002,363,2195.364493
118.102002,363,2195.504622
118.102002,363,2195.723319
118.102002,363,2195.892933
118.102002,363,2196.050856
118.102002,363,2196.251627
118.102002,363,2196.39057
118.102002,363,2196.527843
118.102002,363,2196.735643
118.102002,363,2196.87355
118.102002,363,2197.058838
118.102002,363,2197.192852
118.102002,363,2197.322497
118.102002,363,2197.502102
118.102002,363,2197.632156
118.102002,363,2197.761627
118.102002,363,2197.950388
118.102002,363,2198.111789
118.102002,363,2198.287559
118.102002,363,2198.498838
118.102002,363,2198.640534
118.102002,363,2198.778576
118.102002,363,2198.969549
118.102002,363,2199.105217
118.102002,363,2199.285521
118.102002,363,2199.416382
118.102002,363,2199.546434
118.102002,363,2199.724666
118.102002,363,2199.85477
118.102002,363,2199.984203
118.102002,363,2200.178302
118.102002,363,2200.329446
118.102002,363,2200.498612
118.102002,363,2200.70367
118.102002,363,2200.864581
118.102002,363,2201.00344
118.102002,363,2201.19064
118.102002,363,2201.328053
118.102002,363,2201.462556
118.102002,363,2201.644507
118.102002,363,2201.773741
118.102002,363,2201.952686
118.102002,363,2202.083185
118.102002,363,2202.212741
118.102002,363,2202.39167
118.102002,363,2202.520371
118.102002,363,2202.646516
118.102002,363,2202.819122
118.102002,363,2204.169017
118.102002,363,2204.30004
118.102002,363,2204.479047
118.102002,363,2204.609277
118.102002,363,2204.738717
118.102002,363,2204.918684
118.102002,363,2205.048751
118.102002,363,2205.230895
118.102002,363,2205.362059
118.102002,363,2205.492406
118.102002,363,2205.671618
118.102002,363,2205.805292
118.102002,363,2205.934974
118.102002,363,2206.133609
118.102002,363,2206.273786
118.102002,363,2206.427918
118.102002,363,2206.685431
118.102002,363,2206.838909
118.102002,363,2206.983202
118.102002,363,2207.168622
118.102002,363,2207.306365
118.102002,363,2207.443359
118.102002,363,2207.631239
118.102002,363,2207.765431
118.102002,363,2207.946784
118.102002,363,2208.086732
118.102002,363,2208.235345
118.102002,363,2208.474652
118.102002,363,2208.62529
118.102002,363,2208.767404
118.102002,363,2208.954168
118.102002,363,2209.092467
118.102002,363,2209.227241
118.102002,363,2209.41012
118.102002,363,2209.539592
118.102002,363,2209.668623
118.102002,363,2209.846858
118.102002,363,2209.991208
118.102002,363,2210.123558
118.102002,363,2210.301845
118.102002,363,2210.431397
118.102002,363,2210.608341
118.102002,363,2210.737661
118.102002,363,2210.863382
118.102002,363,2211.038511
118.102002,363,2211.16834
118.102002,363,2211.298339
118.102002,363,2211.476248
118.102002,363,2211.609062
118.102002,363,2211.748975
118.102002,363,2211.966531
118.102002,363,2212.111277
118.102002,363,2212.250087
118.102002,363,2212.436998
118.102002,363,2212.574683
118.102002,363,2214.081378
118.102002,363,2214.272917
118.102002,363,2214.425386
118.102002,363,2214.621984
118.102002,363,2214.760173
118.102002,363,2214.897161
118.102002,363,2215.086592
118.102002,363,2215.222899
118.102002,363,2215.356672
118.102002,363,2215.5389
118.102002,363,2215.669714
118.102002,363,2215.800791
118.102002,363,2215.98075
118.102002,363,2216.112122
118.102002,363,2216.242413
118.102002,363,2216.423027
118.102002,363,2216.553538
118.102002,363,2216.739413
118.102002,363,2216.887128
118.102002,363,2217.057442
118.102002,363,2217.277478
118.102002,363,2217.422952
118.102002,363,2217.563394
118.102002,363,2217.750834
118.102002,363,2217.88891
118.102002,363,2218.04288
118.102002,363,2218.230726
118.102002,363,2218.374194
118.102002,363,2218.530876
118.102002,363,2218.781836
118.102002,363,2218.935467
118.102002,363,2219.123691
118.102002,363,2219.261303
118.102002,363,2219.397828
118.102002,363,2219.580819
118.102002,363,2219.710397
118.102002,363,2219.839692
118.102002,363,2220.016016
118.102002,363,2220.146988
118.102002,363,2220.276138
118.102002,363,2220.451136
118.102002,363,2220.576764
118.102002,363,2220.702377
118.102002,363,2220.873898
118.102002,363,2220.999902
118.102002,363,2221.12574
118.102002,363,2221.297864
118.102002,363,2221.423728
118.102002,363,2221.594904
118.102002,363,2221.723559
118.102002,363,2221.850076
118.102002,363,2222.025844
118.102002,363,2222.15549
118.102002,363,2222.283779
118.102002,363,2222.481308
118.102002,363,2223.867113
118.102002,363,2223.999243
118.102002,363,2224.179291
118.102002,363,2224.319245
118.102002,363,2224.466559
118.102002,363,2224.683833
118.102002,363,2224.825935
118.102002,363,2225.012714
118.102002,363,2225.152976
118.102002,363,2225.291137
118.102002,363,2225.479343
118.102002,363,2225.616779
118.102002,363,2225.752958
118.102002,363,2225.936013
118.102002,363,2226.065815
118.102002,363,2226.195887
118.102002,363,2226.394827
118.102002,363,2226.527133
118.102002,363,2226.656305
118.102002,363,2226.834939
118.102002,363,2226.965301
118.102002,363,2227.094865
118.102002,363,2227.275128
118.102002,363,2227.405761
118.102002,363,2227.585531
118.102002,363,2227.71616
118.102002,363,2227.846243
118.102002,363,2228.025494
118.102002,363,2228.15533
118.102002,363,2228.285315
118.102002,363,2228.515887
118.102002,363,2228.683518
118.102002,363,2228.849631
118.102002,363,2229.077961
118.102002,363,2229.223727
118.102002,363,2229.364834
118.102002,363,2229.552959
118.102002,363,2229.691218
118.102002,363,2229.829477
118.102002,363,2230.016588
118.102002,363,2230.15129
118.102002,363,2230.339758
118.102002,363,2230.485426
118.102002,363,2230.69067
118.102002,363,2230.930395
118.102002,363,2231.08052
118.102002,363,2231.22283
118.102002,363,2231.411556
118.102002,363,2231.551216
118.102002,363,2231.690811
118.102002,363,2231.883937
118.102002,363,2232.016565
118.102002,363,2232.146945
118.102002,363,2232.3263
118.102002,363,2232.456264
118.102002,363,2233.895399
118.102002,363,2234.028852
118.102002,363,2234.159223
118.102002,363,2234.348434
118.102002,363,2234.493799
118.102002,363,2234.663571
118.102002,363,2234.886034
118.102002,363,2235.034267
118.102002,363,2235.177077
118.102002,363,2235.364214
118.102002,363,2235.518059
118.102002,363,2235.656093
118.102002,363,2235.843334
118.102002,363,2235.980377
118.102002,363,2236.114325
118.102002,363,2236.297473
118.102002,363,2236.427307
118.102002,363,2236.615022
118.102002,363,2236.756441
118.102002,363,2236.918999
118.102002,363,2237.141816
118.102002,363,2237.28707
118.102002,363,2237.426428
118.102002,363,2237.61449
118.102002,363,2237.753405
118.102002,363,2237.88752
118.102002,363,2238.068695
118.102002,363,2238.198531
118.102002,363,2238.328387
118.102002,363,2238.50846
118.102002,363,2238.638259
118.102002,363,2238.816157
118.102002,363,2238.949985
118.102002,363,2239.076539
118.102002,363,2239.261075
118.102002,363,2239.404085
118.102002,363,2239.587062
118.102002,363,2239.814628
118.102002,363,2239.962706
118.102002,363,2240.101861
118.102002,363,2240.289535
118.102002,363,2240.42728
118.102002,363,2240.564327
118.102002,363,2240.750336
118.102002,363,2240.883413
118.102002,363,2241.013778
118.102002,363,2241.206869
118.102002,363,2241.35356
118.102002,363,2241.58527
118.102002,363,2241.735988
118.102002,363,2241.876776
118.102002,363,2242.06356
118.102002,363,2242.201023
118.102002,363,2242.334434
118.102002,363,2242.51332
118.102002,363,2243.88645
118.102002,363,2244.021288
118.102002,363,2244.201519
118.102002,363,2244.331468
118.102002,363,2244.46134
118.102002,363,2244.642532
118.102002,363,2244.772724
118.102002,363,2244.905854
118.102002,363,2245.087836
118.102002,363,2245.221211
118.102002,363,2245.41099
118.102002,363,2245.556905
118.102002,363,2245.725567
118.102002,363,2245.954633
118.102002,363,2246.103108
118.102002,363,2246.243244
118.102002,363,2246.43047
118.102002,363,2246.568832
118.102002,363,2246.706112
118.102002,363,2246.889983
118.102002,363,2247.02007
118.102002,363,2247.150668
118.102002,363,2247.330405
118.102002,363,2247.460175
118.102002,363,2247.646601
118.102002,363,2247.78905
118.102002,363,2247.961549
118.102002,363,2248.203527
118.102002,363,2248.358027
118.102002,363,2248.503121
118.102002,363,2248.693217
118.102002,363,2248.833069
118.102002,363,2248.971775
118.102002,363,2249.159787
118.102002,363,2249.294589
118.102002,363,2249.424895
118.102002,363,2249.603516
118.102002,363,2249.734875
118.102002,363,2249.865086
118.102002,363,2250.044726
118.102002,363,2250.175556
118.102002,363,2250.354715
118.102002,363,2250.485063
118.102002,363,2250.611393
118.102002,363,2250.786314
118.102002,363,2250.913633
118.102002,363,2251.04002
118.102002,363,2251.216175
118.102002,363,2251.344276
118.102002,363,2251.470916
118.102002,363,2251.670452
118.102002,363,2251.801678
118.102002,363,2251.93391
118.102002,363,2252.112933
118.102002,363,2252.242412
118.102002,363,2253.850717
118.102002,363,2253.989346
118.102002,363,2254.124411
118.102002,363,2254.306486
118.102002,363,2254.436574
118.102002,363,2254.568608
118.102002,363,2254.767426
118.102002,363,2254.90104
118.102002,363,2255.031589
118.102002,363,2255.226693
118.102002,363,2255.364188
118.102002,363,2255.498032
118.102002,363,2255.680464
118.102002,363,2255.809707
118.102002,363,2255.942555
118.102002,363,2256.123945
118.102002,363,2256.254044
118.102002,363,2256.431569
118.102002,363,2256.562175
118.102002,363,2256.69189
118.102002,363,2256.872419
118.102002,363,2257.002656
118.102002,363,2257.13232
118.102002,363,2257.311161
118.102002,363,2257.441141
118.102002,363,2257.571063
118.102002,363,2257.750473
118.102002,363,2257.881795
118.102002,363,2258.014366
118.102002,363,2258.213095
118.102002,363,2258.367497
118.102002,363,2258.544612
118.102002,363,2258.768518
118.102002,363,2258.920644
118.102002,363,2259.115598
118.102002,363,2259.254774
118.102002,363,2259.39431
118.102002,363,2259.583418
118.102002,363,2259.736094
118.102002,363,2259.874056
118.102002,363,2260.078857
118.102002,363,2260.24558
118.102002,363,2260.426971
118.102002,363,2260.639393
118.102002,363,2260.781547
118.102002,363,2260.919324
118.102002,363,2261.108079
118.102002,363,2261.24316
118.102002,363,2261.425166
118.102002,363,2261.555731
118.102002,363,2261.68577
118.102002,363,2261.862359
118.102002,363,2261.99285
118.102002,363,2262.122421
118.102002,363,2262.301666
118.102002,363,2263.843695
118.102002,363,2263.988331
118.102002,363,2264.216233
118.102002,363,2264.388963
118.102002,363,2264.538777
118.102002,363,2264.733319
118.102002,363,2264.872781
118.102002,363,2265.010504
118.102002,363,2265.218356
118.102002,363,2265.35589
118.102002,363,2265.542535
118.102002,363,2265.675095
118.102002,363,2265.805478
118.102002,363,2265.983573
118.102002,363,2266.114217
118.102002,363,2266.241861
118.102002,363,2266.417984
118.102002,363,2266.546092
118.102002,363,2266.67289
118.102002,363,2266.853109
118.102002,363,2266.983643
118.102002,363,2267.113832
118.102002,363,2267.308272
118.102002,363,2267.459358
118.102002,363,2267.695576
118.102002,363,2267.851376
118.102002,363,2267.995918
118.102002,363,2268.183439
118.102002,363,2268.322163
118.102002,363,2268.45983
118.102002,363,2268.645614
118.102002,363,2268.779636
118.102002,363,2268.912737
118.102002,363,2269.093434
118.102002,363,2269.223419
118.102002,363,2269.35326
118.102002,363,2269.549734
118.102002,363,2269.700924
118.102002,363,2269.874808
118.102002,363,2270.113403
118.102002,363,2270.25934
118.102002,363,2270.445821
118.102002,363,2270.583881
118.102002,363,2270.721418
118.102002,363,2270.909208
118.102002,363,2271.043024
118.102002,363,2271.173313
118.102002,363,2271.351407
118.102002,363,2271.482277
118.102002,363,2271.612442
118.102002,363,2271.791124
118.102002,363,2271.917532
118.102002,363,2272.043568
118.102002,363,2272.21761
118.102002,363,2272.344435
118.102002,363,2273.764617
118.102002,363,2273.921582
118.102002,363,2274.078178
118.102002,363,2274.276203
118.102002,363,2274.414929
118.102002,363,2274.552457
118.102002,363,2274.739035
118.102002,363,2274.876308
118.102002,363,2275.009867
118.102002,363,2275.194855
118.102002,363,2275.326002
118.102002,363,2275.456614
118.102002,363,2275.635663
118.102002,363,2275.765341
118.102002,363,2275.89603
118.102002,363,2276.074831
118.102002,363,2276.205483
118.102002,363,2276.38364
118.102002,363,2276.514181
118.102002,363,2276.642249
118.102002,363,2276.817426
118.102002,363,2276.948418
118.102002,363,2277.07575
118.102002,363,2277.254443
118.102002,363,2277.384394
118.102002,363,2277.513958
118.102002,363,2277.712386
118.102002,363,2277.865459
118.102002,363,2278.046662
118.102002,363,2278.283521
118.102002,363,2278.43294
118.102002,363,2278.5747
118.102002,363,2278.780243
118.102002,363,2278.919859
118.102002,363,2279.10682
118.102002,363,2279.244275
118.102002,363,2279.382168
118.102002,363,2279.576306
118.102002,363,2279.735973
118.102002,363,2279.916073
118.102002,363,2280.130936
118.102002,363,2280.274976
118.102002,363,2280.413486
118.102002,363,2280.616753
118.102002,363,2280.756154
118.102002,363,2280.893715
118.102002,363,2281.078203
118.102002,363,2281.209325
118.102002,363,2281.38804
118.102002,363,2281.517792
118.102002,363,2281.646039
118.102002,363,2281.81788
118.102002,363,2281.944589
118.102002,363,2282.070618
118.102002,363,2282.242413
118.102002,363,2283.61935
118.102002,363,2283.752767
118.102002,363,2283.936459
118.102002,363,2284.066117
118.102002,363,2284.1962
118.102002,363,2284.377726
118.102002,363,2284.507963
118.102002,363,2284.63815
118.102002,363,2284.818345
118.102002,363,2284.959531
118.102002,363,2285.156953
118.102002,363,2285.291311
118.102002,363,2285.423405
118.102002,363,2285.61591
118.102002,363,2285.762829
118.102002,363,2285.95026
118.102002,363,2286.182628
118.102002,363,2286.333533
118.102002,363,2286.489232
118.102002,363,2286.688172
118.102002,363,2286.8263
118.102002,363,2286.965261
118.102002,363,2287.157187
118.102002,363,2287.295886
118.102002,363,2287.488178
118.102002,363,2287.629562
118.102002,363,2287.784587
118.102002,363,2287.992178
118.102002,363,2288.150014
118.102002,363,2288.289777
118.102002,363,2288.477638
118.102002,363,2288.616737
118.102002,363,2288.752181
118.102002,363,2288.937251
118.102002,363,2289.068904
118.102002,363,2289.198875
118.102002,363,2289.392249
118.102002,363,2289.558816
118.102002,363,2289.729163
118.102002,363,2289.963047
118.102002,363,2290.1087
118.102002,363,2290.298896
118.102002,363,2290.437159
118.102002,363,2290.57433
118.102002,363,2290.759779
118.102002,363,2290.891812
118.102002,363,2291.021414
118.102002,363,2291.201421
118.102002,363,2291.331084
118.102002,363,2291.461249
118.102002,363,2291.65338
118.102002,363,2291.805196
118.102002,363,2291.986925
118.102002,363,2292.209299
118.102002,363,2292.352686
118.102002,363,2292.490162
118.102002,363,2293.967181
118.102002,363,2294.100948
118.102002,363,2294.279877
118.102002,363,2294.410734
118.102002,363,2294.540455
118.102002,363,2294.718646
118.102002,363,2294.849523
118.102002,363,2294.97924
118.102002,363,2295.162047
118.102002,363,2295.292358
118.102002,363,2295.421861
118.102002,363,2295.600704
118.102002,363,2295.730335
118.102002,363,2295.86005
118.102002,363,2296.04456
118.102002,363,2296.175023
118.102002,363,2296.37952
118.102002,363,2296.522066
118.102002,363,2296.675301
118.102002,363,2296.891727
118.102002,363,2297.037038
118.102002,363,2297.174557
118.102002,363,2297.360999
118.102002,363,2297.498489
118.102002,363,2297.634868
118.102002,363,2297.819094
118.102002,363,2297.952835
118.102002,363,2298.101243
118.102002,363,2298.291483
118.102002,363,2298.442093
118.102002,363,2298.605759
118.102002,363,2298.84458
118.102002,363,2298.996202
118.102002,363,2299.189019
118.102002,363,2299.327244
118.102002,363,2299.465889
118.102002,363,2299.652381
118.102002,363,2299.787291
118.102002,363,2299.934194
118.102002,363,2300.120301
118.102002,363,2300.252249
118.102002,363,2300.38198
118.102002,363,2300.561618
118.102002,363,2300.691154
118.102002,363,2300.819136
118.102002,363,2300.996225
118.102002,363,2301.122313
118.102002,363,2301.296434
118.102002,363,2301.427049
118.102002,363,2301.557506
118.102002,363,2301.735526
118.102002,363,2301.873549
118.102002,363,2302.045695
118.102002,363,2302.305833
118.102002,363,2302.462754
118.102002,363,2303.930965
118.102002,363,2304.111376
118.102002,363,2304.240621
118.102002,363,2304.370052
118.102002,363,2304.549668
118.102002,363,2304.679435
118.102002,363,2304.809232
118.102002,363,2304.987762
118.102002,363,2305.118752
118.102002,363,2305.297149
118.102002,363,2305.427251
118.102002,363,2305.55777
118.102002,363,2305.735801
118.102002,363,2305.86612
118.102002,363,2305.995742
118.102002,363,2306.195626
118.102002,363,2306.329737
118.102002,363,2306.463809
118.102002,363,2306.649674
118.102002,363,2306.781248
118.102002,363,2306.91414
118.102002,363,2307.112223
118.102002,363,2307.2678
118.102002,363,2307.510612
118.102002,363,2307.665685
118.102002,363,2307.809968
118.102002,363,2308.021921
118.102002,363,2308.169546
118.102002,363,2308.308226
118.102002,363,2308.496487
118.102002,363,2308.634162
118.102002,363,2308.771168
118.102002,363,2308.970027
118.102002,363,2309.122588
118.102002,363,2309.278992
118.102002,363,2309.477781
118.102002,363,2309.615855
118.102002,363,2309.753962
118.102002,363,2309.959048
118.102002,363,2310.096963
118.102002,363,2310.283885
118.102002,363,2310.414432
118.102002,363,2310.544001
118.102002,363,2310.722189
118.102002,363,2310.851718
118.102002,363,2310.978761
118.102002,363,2311.154181
118.102002,363,2311.280332
118.102002,363,2311.40687
118.102002,363,2311.584405
118.102002,363,2311.71165
118.102002,363,2311.838454
118.102002,363,2312.017542
118.102002,363,2312.147524
118.102002,363,2312.277472
118.102002,363,2313.928844
118.102002,363,2314.066551
118.102002,363,2314.273464
118.102002,363,2314.41837
118.102002,363,2314.591821
118.102002,363,2314.830952
118.102002,363,2314.98207
118.102002,363,2315.133185
118.102002,363,2315.344743
118.102002,363,2315.487094
118.102002,363,2315.625151
118.102002,363,2315.812915
118.102002,363,2315.952242
118.102002,363,2316.088338
118.102002,363,2316.292303
118.102002,363,2316.425077
118.102002,363,2316.604034
118.102002,363,2316.733986
118.102002,363,2316.863776
118.102002,363,2317.03852
118.102002,363,2317.165589
118.102002,363,2317.292049
118.102002,363,2317.470166
118.102002,363,2317.600126
118.102002,363,2317.729827
118.102002,363,2317.920328
118.102002,363,2318.06596
118.102002,363,2318.241101
118.102002,363,2318.484116
118.102002,363,2318.632775
118.102002,363,2318.774364
118.102002,363,2318.965828
118.102002,363,2319.103785
118.102002,363,2319.291865
118.102002,363,2319.429993
118.102002,363,2319.563914
118.102002,363,2319.751712
118.102002,363,2319.892407
118.102002,363,2320.045175
118.102002,363,2320.269184
118.102002,363,2320.413799
118.102002,363,2320.551784
118.102002,363,2320.739464
118.102002,363,2320.876845
118.102002,363,2321.011681
118.102002,363,2321.194374
118.102002,363,2321.324927
118.102002,363,2321.503373
118.102002,363,2321.641028
118.102002,363,2321.770487
118.102002,363,2321.948233
118.102002,363,2322.078516
118.102002,363,2322.207143
118.102002,363,2322.38262
118.102002,363,2322.51138
118.102002,363,2323.907102
118.102002,363,2324.086449
118.102002,363,2324.218004
118.102002,363,2324.347681
118.102002,363,2324.541157
118.102002,363,2324.717075
118.102002,363,2324.911722
118.102002,363,2325.143925
118.102002,363,2325.296798
118.102002,363,2325.494222
118.102002,363,2325.633192
118.102002,363,2325.770734
118.102002,363,2325.957576
118.102002,363,2326.095507
118.102002,363,2326.229464
118.102002,363,2326.411071
118.102002,363,2326.540712
118.102002,363,2326.670002
118.102002,363,2326.848914
118.102002,363,2326.976816
118.102002,363,2327.10291
118.102002,363,2327.279176
118.102002,363,2327.427592
118.102002,363,2327.558494
118.102002,363,2327.738354
118.102002,363,2327.868039
118.102002,363,2328.055698
118.102002,363,2328.198345
118.102002,363,2328.359076
118.102002,363,2328.58923
118.102002,363,2328.738294
118.102002,363,2328.879604
118.102002,363,2329.066925
118.102002,363,2329.22271
118.102002,363,2329.359801
118.102002,363,2329.546701
118.102002,363,2329.684295
118.102002,363,2329.818645
118.102002,363,2330.001919
118.102002,363,2330.13607
118.102002,363,2330.325371
118.102002,363,2330.468228
118.102002,363,2330.621686
118.102002,363,2330.855809
118.102002,363,2331.005887
118.102002,363,2331.165596
118.102002,363,2331.361749
118.102002,363,2331.499029
118.102002,363,2331.637248
118.102002,363,2331.823099
118.102002,363,2331.957671
118.102002,363,2332.087629
118.102002,363,2332.267067
118.102002,363,2332.396887
118.102002,363,2332.526126
118.102002,363,2333.948005
118.102002,363,2334.083103
118.102002,363,2334.267722
118.102002,363,2334.399665
118.102002,363,2334.530917
118.102002,363,2334.712784
118.102002,363,2334.844568
118.102002,363,2334.977259
118.102002,363,2335.163806
118.102002,363,2335.297376
118.102002,363,2335.428649
118.102002,363,2335.623613
118.102002,363,2335.771715
118.102002,363,2335.954181
118.102002,363,2336.207387
118.102002,363,2336.360477
18.760608,361,2336.5576
118.102002,363,2336.69735
118.102002,363,2336.835732
118.102002,363,2337.023318
118.102002,363,2337.161276
118.102002,363,2337.295549
18.760608,361,2337.479549
118.102002,363,2337.610527
118.102002,363,2337.741328
118.102002,363,2337.933763
118.102002,363,2338.078058
118.102002,363,2338.251437
118.102002,363,2338.455377
118.102002,363,2338.59484
118.102002,363,2338.731483
118.102002,363,2338.922932
118.102002,363,2339.057703
118.102002,363,2339.240689
118.102002,363,2339.372268
118.102002,363,2339.502795
118.102002,363,2339.68333
118.102002,363,2339.82297
118.102002,363,2339.981254
118.102002,363,2340.237602
118.102002,363,2340.399961
118.102002,363,2340.547083
118.102002,363,2340.741972
118.102002,363,2340.879461
118.102002,363,2341.017709
118.102002,363,2341.202875
118.102002,363,2341.337299
118.102002,363,2341.469687
118.102002,363,2341.649916
118.102002,363,2341.779643
118.102002,363,2341.972011
118.102002,363,2342.133237
118.102002,363,2342.307558
118.102002,363,2342.578444
118.102002,363,2342.737589
118.102002,363,2344.182276
118.102002,363,2344.359658
118.102002,363,2344.489868
118.102002,363,2344.616959
118.102002,363,2344.79327
118.102002,363,2344.919649
118.102002,363,2345.046927
118.102002,363,2345.227305
118.102002,363,2345.357468
118.102002,363,2345.537024
118.102002,363,2345.668796
118.102002,363,2345.798798
118.102002,363,2345.988586
118.102002,363,2346.135883
118.102002,363,2346.308685
118.102002,363,2346.632443
118.102002,363,2346.810129
118.102002,363,2346.968531
118.102002,363,2347.173333
118.102002,363,2347.316812
118.102002,363,2347.454971
118.102002,363,2347.642217
118.102002,363,2347.78101
118.102002,363,2347.916021
118.102002,363,2348.10158
118.102002,363,2348.233127
118.102002,363,2348.420969
118.102002,363,2348.562412
118.102002,363,2348.715229
118.102002,363,2348.920812
118.102002,363,2349.061941
118.102002,363,2349.199734
118.102002,363,2349.387621
118.102002,363,2349.523501
118.102002,363,2349.65658
118.102002,363,2349.837381
118.102002,363,2349.967845
118.102002,363,2350.098734
118.102002,363,2350.278954
118.102002,363,2350.409466
118.102002,363,2350.605947
118.102002,363,2350.740823
118.102002,363,2350.870796
118.102002,363,2351.050918
118.102002,363,2351.18316
118.102002,363,2351.313327
118.102002,363,2351.494027
118.102002,363,2351.626346
118.102002,363,2351.756863
118.102002,363,2351.936546
118.102002,363,2352.076549
118.102002,363,2352.241569
118.102002,363,2352.499835
118.102002,363,2352.657884
118.102002,363,2352.805794
118.102002,363,2354.287374
118.102002,363,2354.417478
118.102002,363,2354.596104
118.102002,363,2354.72672
118.102002,363,2354.85676
118.102002,363,2355.056024
118.102002,363,2355.192567
118.102002,363,2355.324307
118.102002,363,2355.504112
118.102002,363,2355.633921
118.102002,363,2355.763947
118.102002,363,2355.943922
118.102002,363,2356.074235
118.102002,363,2356.203866
118.102002,363,2356.384569
118.102002,363,2356.514561
118.102002,363,2356.692976
118.102002,363,2356.826508
118.102002,363,2356.96038
118.102002,363,2357.14216
118.102002,363,2357.272699
118.102002,363,2357.403225
118.102002,363,2357.594956
118.102002,363,2357.745443
118.102002,363,2357.925409
118.102002,363,2358.152038
118.102002,363,2358.303387
118.102002,363,2358.44682
118.102002,363,2358.637265
118.102002,363,2358.776846
118.102002,363,2358.922018
118.102002,363,2359.110761
118.102002,363,2359.260883
118.102002,363,2359.504804
118.102002,363,2359.660581
118.102002,363,2359.80436
118.102002,363,2359.992227
118.102002,363,2360.130339
118.102002,363,2360.267423
118.102002,363,2360.450691
118.102002,363,2360.58291
118.102002,363,2360.713022
118.102002,363,2360.88903
118.102002,363,2361.019203
118.102002,363,2361.147171
118.102002,363,2361.322364
118.102002,363,2361.449254
118.102002,363,2361.574989
118.102002,363,2361.749393
118.102002,363,2361.878544
118.102002,363,2362.056775
118.102002,363,2362.187217
118.102002,363,2362.316301
118.102002,363,2362.506614
18.760608,361,2362.655726
118.102002,363,2364.233209
118.102002,363,2364.471588
118.102002,363,2364.647768
118.102002,363,2364.800154
118.102002,363,2364.997444
118.102002,363,2365.13662
118.102002,363,2365.274197
118.102002,363,2365.461725
118.102002,363,2365.595341
118.102002,363,2365.773698
118.102002,363,2365.904183
118.102002,363,2366.033802
118.102002,363,2366.215964
118.102002,363,2366.345529
118.102002,363,2366.471969
118.102002,363,2366.645697
118.102002,363,2366.771757
118.102002,363,2366.897542
118.102002,363,2367.071984
118.102002,363,2367.197909
118.102002,363,2367.324947
118.102002,363,2367.501874
118.102002,363,2367.631869
118.102002,363,2367.762125
118.102002,363,2367.940918
118.102002,363,2368.087153
118.102002,363,2368.282524
118.102002,363,2368.436429
118.102002,363,2368.60684
118.102002,363,2368.845221
118.102002,363,2368.998575
118.102002,363,2369.143791
118.102002,363,2369.332729
118.102002,363,2369.471303
118.102002,363,2369.608534
118.102002,363,2369.795061
118.102002,363,2369.930757
118.102002,363,2370.063607
118.102002,363,2370.250241
118.102002,363,2370.393837
118.102002,363,2370.625702
118.102002,363,2370.792478
118.102002,363,2370.941336
118.102002,363,2371.133011
118.102002,363,2371.270383
118.102002,363,2371.407257
118.102002,363,2371.593399
118.102002,363,2371.726721
118.102002,363,2371.856253
118.102002,363,2372.054526
118.102002,363,2372.186667
118.102002,363,2372.315641
118.102002,363,2372.493091
118.102002,363,2372.62311
118.102002,363,2372.752296
118.102002,363,2374.158568
118.102002,363,2374.290998
118.102002,363,2374.473841
118.102002,363,2374.605344
118.102002,363,2374.735415
118.102002,363,2374.93003
118.102002,363,2375.090906
118.102002,363,2375.3034
118.102002,363,2375.53463
118.102002,363,2375.688246
118.102002,363,2375.831125
118.102002,363,2376.031596
118.102002,363,2376.169932
118.102002,363,2376.307744
118.102002,363,2376.513631
118.102002,363,2376.650848
118.102002,363,2376.785564
118.102002,363,2376.967527
118.102002,363,2377.097402
118.102002,363,2377.276513
118.102002,363,2377.406473
118.102002,363,2377.537118
118.102002,363,2377.715245
118.102002,363,2377.845107
118.102002,363,2377.973035
118.102002,363,2378.162948
118.102002,363,2378.307847
118.102002,363,2378.464962
118.102002,363,2378.662304
118.102002,363,2378.801026
118.102002,363,2378.940481
118.102002,363,2379.128156
118.102002,363,2379.26331
118.102002,363,2379.446199
118.102002,363,2379.577075
118.102002,363,2379.70659
118.102002,363,2379.885272
118.102002,363,2380.014839
118.102002,363,2380.146024
118.102002,363,2380.325807
118.102002,363,2380.455219
118.102002,363,2380.585887
118.102002,363,2380.7665
118.102002,363,2380.916839
118.102002,363,2381.050903
118.102002,363,2381.28278
118.102002,363,2381.453476
118.102002,363,2381.611534
118.102002,363,2381.819111
118.102002,363,2381.959042
118.102002,363,2382.144172
118.102002,363,2382.282565
118.102002,363,2382.420201
118.102002,363,2382.604991
118.102002,363,2382.736743
118.102002,363,2384.094725
